{
"id": 1007,
"sub_category": "Serene Pack",
"category": "Lake Group",
"type": 0,
"letters": "ACCENR",
"mov": 26,
"shovels": 1,
"coins": 5,
"rows": 15,
"cols": 15,
"c": 0,
"b": -1,
"w": 10,
"h": 10,
"dws": [
"REC",
"CANER",
"ACER",
"NAE",
"ERN",
"ANE",
"NARC",
"EAN",
"CRAN",
"CARN",
"NACRE",
"RANCE",
"RNA",
"ANCE",
"ACE",
"REN",
"CECA",
"REAN",
"CRENA",
"NARE"
],
"ws": [
{
"w": "ARC",
"v": true,
"row": 4,
"col": 5,
"def": "A directed edge."
},
{
"w": "ARE",
"v": false,
"row": 2,
"col": 5,
"def": "Second-person singular simple present tense of be."
},
{
"w": "CAN",
"v": false,
"row": 4,
"col": 4,
"def": "To know how to; to be able to."
},
{
"w": "CAR",
"v": false,
"row": 1,
"col": 3,
"def": "A wheeled vehicle, drawn by a horse or other animal."
},
{
"w": "EAR",
"v": false,
"row": 9,
"col": 6,
"def": "The organ of hearing, consisting of the pinna, auditory canal, eardrum, malleus, incus, stapes and cochlea."
},
{
"w": "ERA",
"v": true,
"row": 0,
"col": 5,
"def": "A time period of indeterminate length, generally more than one year."
},
{
"w": "RAN",
"v": true,
"row": 2,
"col": 6,
"def": "Simple past of run."
},
{
"w": "ACNE",
"v": true,
"row": 0,
"col": 3,
"def": "A skin condition, usually of the face, that is common in adolescents. It is characterised by red pimples, and is caused by the inflammation of sebaceous glands through bacterial infection."
},
{
"w": "CANE",
"v": false,
"row": 3,
"col": 0,
"def": "The slender, flexible main stem of a plant such as bamboo, including many species in the Grass family Gramineae."
},
{
"w": "CARE",
"v": true,
"row": 2,
"col": 1,
"def": "Grief, sorrow."
},
{
"w": "EARN",
"v": false,
"row": 7,
"col": 0,
"def": "To gain (success, reward, recognition) through applied effort or work."
},
{
"w": "NEAR",
"v": false,
"row": 5,
"col": 0,
"def": "Physically close."
},
{
"w": "RACE",
"v": true,
"row": 6,
"col": 6,
"def": "A contest between people, animals, vehicles, etc. where the goal is to be the first to reach some objective. Several horses run in a horse race, and the first one to reach the finishing post wins."
},
{
"w": "ACRE",
"v": true,
"row": 5,
"col": 2,
"def": "A field."
},
{
"w": "CRANE",
"v": false,
"row": 6,
"col": 5,
"def": "A large bird of the order Gruiformes and the family Gruidae having long legs and a long neck which it extends when flying."
},
{
"w": "CANCER",
"v": true,
"row": 4,
"col": 8,
"def": "A disease in which the cells of a tissue undergo uncontrolled (and often rapid) proliferation."
}
]
}