{
"id": 1008,
"sub_category": "Serene Pack",
"category": "Lake Group",
"type": 0,
"letters": "AEEHRS",
"mov": 24,
"shovels": 1,
"coins": 5,
"rows": 15,
"cols": 15,
"c": 0,
"b": -1,
"w": 12,
"h": 10,
"dws": [
"ARE",
"REHS",
"SHA",
"RASE",
"ERA",
"HES",
"SER",
"ERE",
"REES",
"HEARS",
"ERES",
"HAE",
"SERE",
"SHEA",
"ERS",
"ARSE",
"HAES",
"HAS",
"EHS",
"RASH",
"SERA",
"ESE",
"SHE",
"ARES",
"SAE",
"EAR",
"ASH",
"ARS",
"SAR",
"RESH",
"AHS",
"SHERE",
"EASER",
"REE",
"RAH",
"HERES",
"HERSE",
"REH",
"RAS",
"HER",
"HARES",
"EAS",
"SEA",
"SAREE",
"RES",
"RHEA",
"HAERES",
"RHEAS",
"RAHS",
"SEE"
],
"ws": [
{
"w": "EARS",
"v": true,
"row": 2,
"col": 4,
"def": "Plural form of ear."
},
{
"w": "EASE",
"v": true,
"row": 6,
"col": 3,
"def": "The state of being comfortable or free from stress."
},
{
"w": "ERAS",
"v": false,
"row": 9,
"col": 3,
"def": "Plural form of era."
},
{
"w": "HARE",
"v": false,
"row": 6,
"col": 0,
"def": "Any of several plant-eating animals of the family Leporidae, especially of the genus Lepus, similar to a rabbit, but larger and with longer ears."
},
{
"w": "HEAR",
"v": false,
"row": 3,
"col": 2,
"def": "To sympathize with; to share the feeling or opinion of."
},
{
"w": "HERE",
"v": false,
"row": 7,
"col": 5,
"def": "This place; this location."
},
{
"w": "HERS",
"v": true,
"row": 6,
"col": 6,
"def": "That which belongs to her; the possessive case of she, used without a following noun."
},
{
"w": "SEAR",
"v": true,
"row": 6,
"col": 8,
"def": "Dry; withered, especially of vegetation."
},
{
"w": "SEER",
"v": false,
"row": 6,
"col": 8,
"def": "Agent noun of see; one who sees something; an eyewitness."
},
{
"w": "SHARE",
"v": true,
"row": 2,
"col": 9,
"def": "A portion of something, especially a portion given or allotted to someone."
},
{
"w": "SHEAR",
"v": false,
"row": 0,
"col": 0,
"def": "To cut, originally with a sword or other bladed weapon, now usually with shears, or as if using shears."
},
{
"w": "SHEER",
"v": true,
"row": 2,
"col": 2,
"def": "Very thin or transparent."
},
{
"w": "ERASE",
"v": false,
"row": 4,
"col": 7,
"def": "To remove markings or information."
},
{
"w": "HEARSE",
"v": true,
"row": 3,
"col": 11,
"def": "A hind in the second year of its age."
}
]
}