{
"id": 101,
"sub_category": "Pass Pack",
"category": "Canyon Group",
"type": 0,
"letters": "EFIRVY",
"mov": 18,
"shovels": 1,
"coins": 5,
"rows": 15,
"cols": 15,
"c": 0,
"b": -1,
"w": 8,
"h": 6,
"dws": [
"REIFY",
"FIVER",
"YER",
"FIER",
"FRY",
"FEY",
"REI",
"RIVE",
"VIER",
"REIF",
"FER",
"RIF",
"VIRE",
"REV",
"FIR",
"REF",
"ERF",
"FIE",
"VIE",
"RYFE",
"IRE"
],
"ws": [
{
"w": "IVY",
"v": false,
"row": 3,
"col": 5,
"def": "Any of several woody, climbing, or trailing evergreen plants of the genus Hedera."
},
{
"w": "RYE",
"v": true,
"row": 2,
"col": 7,
"def": "Caraway (from the mistaken assumption that the whole seeds, often used to season rye bread, are the rye itself)."
},
{
"w": "FIRE",
"v": true,
"row": 1,
"col": 1,
"def": "A (usually self-sustaining) chemical reaction involving the bonding of oxygen with carbon or other fuel, with the production of heat and the presence of flame or smouldering."
},
{
"w": "FIVE",
"v": false,
"row": 0,
"col": 3,
"def": "A numerical value equal to 5; the number following four and preceding six."
},
{
"w": "VERY",
"v": false,
"row": 4,
"col": 0,
"def": "True, real, actual."
},
{
"w": "RIFE",
"v": false,
"row": 2,
"col": 0,
"def": "Widespread, common (especially of unpleasant or harmful things)."
},
{
"w": "FIERY",
"v": true,
"row": 0,
"col": 3,
"def": "Of, or relating to fire."
},
{
"w": "VERIFY",
"v": true,
"row": 0,
"col": 5,
"def": "To substantiate or prove the truth of something."
}
]
}