{
"id": 1014,
"sub_category": "Air Pack",
"category": "Lake Group",
"type": 0,
"letters": "ILMSTU",
"mov": 22,
"shovels": 1,
"coins": 5,
"rows": 15,
"cols": 15,
"c": 0,
"b": -1,
"w": 11,
"h": 9,
"dws": [
"LITS",
"MUS",
"SLUT",
"LIT",
"TIS",
"LIS",
"LITU",
"TUI",
"LUM",
"STUM",
"TUM",
"SIM",
"MUT",
"TUIS",
"MILTS",
"UMS",
"TULSI",
"MIS",
"LUMS",
"MUILS",
"ISM",
"TIL",
"MUIL",
"STULM",
"UTS",
"SMIT",
"SITU",
"SLUIT",
"TUMS",
"MUTS",
"MIL",
"MILS",
"MUTI",
"STIM",
"UTIS",
"SUI",
"SIMUL",
"MUSIT",
"MUTIS",
"SUM",
"MILT",
"SUMI",
"ITS",
"SIT",
"TILS",
"TUISM"
],
"ws": [
{
"w": "LIST",
"v": true,
"row": 5,
"col": 5,
"def": "A strip of fabric, especially from the edge of a piece of cloth."
},
{
"w": "LUST",
"v": false,
"row": 1,
"col": 2,
"def": "To very strongly desire."
},
{
"w": "MIST",
"v": false,
"row": 5,
"col": 0,
"def": "Water or other liquid finely suspended in air."
},
{
"w": "MUST",
"v": false,
"row": 8,
"col": 2,
"def": "To do with certainty; indicates that the speaker is certain that the subject will have executed the predicate."
},
{
"w": "SLIM",
"v": true,
"row": 2,
"col": 0,
"def": "Slender, thin."
},
{
"w": "SLUM",
"v": true,
"row": 5,
"col": 2,
"def": "A dilapidated neighborhood where many people live in a state of poverty."
},
{
"w": "SUIT",
"v": true,
"row": 3,
"col": 7,
"def": "A set of clothes to be worn together, now especially a man's matching jacket and trousers (also business suit or lounge suit), or a similar outfit for a woman."
},
{
"w": "SILT",
"v": false,
"row": 6,
"col": 4,
"def": "Mud or fine earth deposited from running or standing water."
},
{
"w": "SLIT",
"v": true,
"row": 0,
"col": 2,
"def": "A narrow cut or opening; a slot."
},
{
"w": "SMUT",
"v": true,
"row": 1,
"col": 4,
"def": "Soot."
},
{
"w": "MULTI",
"v": false,
"row": 4,
"col": 6,
"def": "Undefined"
},
{
"w": "LITMUS",
"v": false,
"row": 3,
"col": 0,
"def": "A dyestuff extracted from certain lichens, that changes color when exposed to pH levels greater than or less than certain critical levels."
}
]
}