{
"id": 1018,
"sub_category": "Air Pack",
"category": "Lake Group",
"type": 0,
"letters": "BGILNO",
"mov": 30,
"shovels": 1,
"coins": 5,
"rows": 15,
"cols": 15,
"c": 0,
"b": -1,
"w": 12,
"h": 11,
"dws": [
"BOING",
"LIG",
"NOG",
"GIB",
"BING",
"BLIN",
"GOBI",
"LOBI",
"NIB",
"ION",
"NOB",
"BOI",
"GIN",
"LING",
"INGO",
"NOIL",
"LINO",
"GON",
"GLOBIN",
"LIN",
"BON",
"GOB",
"OBI",
"LIB",
"BIOG",
"OIL",
"GIO",
"GLOBI",
"ING"
],
"ws": [
{
"w": "BIG",
"v": true,
"row": 2,
"col": 4,
"def": "Of great size, large."
},
{
"w": "BOG",
"v": false,
"row": 4,
"col": 2,
"def": "An expanse of marshland."
},
{
"w": "LOB",
"v": true,
"row": 2,
"col": 2,
"def": "To throw or hit a ball into the air in a high arch."
},
{
"w": "LOG",
"v": false,
"row": 6,
"col": 0,
"def": "Logarithm."
},
{
"w": "BIN",
"v": true,
"row": 0,
"col": 6,
"def": "A container used for storage."
},
{
"w": "BIO",
"v": false,
"row": 3,
"col": 0,
"def": "A biography."
},
{
"w": "NIL",
"v": true,
"row": 8,
"col": 4,
"def": "Nothing; zero."
},
{
"w": "BLOG",
"v": false,
"row": 0,
"col": 6,
"def": "A website that allows users to reflect, share opinions, and discuss various topics in the form of an online journal while readers may comment on posts. Most blogs are written in a slightly informal tone (personal journals, news, businesses, etc.) Entries typically appear in reverse chronological order."
},
{
"w": "BOIL",
"v": true,
"row": 3,
"col": 0,
"def": "A localized accumulation of pus in the skin, resulting from infection."
},
{
"w": "LION",
"v": false,
"row": 8,
"col": 1,
"def": "A big cat, Panthera leo, native to Africa, India and formerly to much of Europe. The term may apply to the species as a whole, to individuals, or to male individuals. It also applies to related species like mountain lions."
},
{
"w": "LONG",
"v": false,
"row": 10,
"col": 4,
"def": "Having much distance from one terminating point on an object or an area to another terminating point (usually applies to horizontal dimensions; see Usage Notes below)."
},
{
"w": "BONG",
"v": false,
"row": 2,
"col": 4,
"def": "A clang of a large bell."
},
{
"w": "GLOB",
"v": true,
"row": 0,
"col": 9,
"def": "A round, shapeless or amorphous lump, as of a semisolid substance."
},
{
"w": "GLIB",
"v": true,
"row": 6,
"col": 2,
"def": "Having a ready flow of words but lacking thought or understanding; superficial; shallow."
},
{
"w": "LOIN",
"v": true,
"row": 7,
"col": 6,
"def": "The part of the body (of humans and quadrupeds) at each side of the backbone, between the ribs and hips."
},
{
"w": "BINGO",
"v": true,
"row": 5,
"col": 8,
"def": "A game of chance for two or more players, who mark off numbers on a grid as they are announced by the caller; the game is won by the first person to call out \"bingo!\" or \"house!\" after crossing off all numbers on the grid or in one line of the grid."
},
{
"w": "BLING",
"v": false,
"row": 0,
"col": 0,
"def": "Variant of bling bling."
},
{
"w": "LINGO",
"v": false,
"row": 7,
"col": 6,
"def": "Language, especially language peculiar to a particular group or region; jargon or a dialect."
},
{
"w": "LOGIN",
"v": true,
"row": 1,
"col": 11,
"def": "A combination of a user's identification and password used to enter a computer, program, network, etc."
},
{
"w": "GOBLIN",
"v": false,
"row": 5,
"col": 6,
"def": "A mythical malevolent phantom or grotesque diminutive humanoid; a kobold."
}
]
}