{
"id": 102,
"sub_category": "Pass Pack",
"category": "Canyon Group",
"type": 0,
"letters": "AEHMNU",
"mov": 22,
"shovels": 1,
"coins": 5,
"rows": 15,
"cols": 15,
"c": 0,
"b": -1,
"w": 10,
"h": 8,
"dws": [
"NEMA",
"HAEM",
"HEM",
"NAE",
"MAE",
"MAUN",
"MEN",
"MEU",
"HAEN",
"AHEM",
"HUN",
"ANE",
"NAH",
"EAU",
"HAE",
"EAN",
"HAN",
"HEN",
"NAMU",
"AME",
"NAM",
"MEH",
"NEUM",
"HAME",
"AUNE",
"MNA",
"AMU",
"MUN",
"AUE",
"MANEH",
"HUMA"
],
"ws": [
{
"w": "HAM",
"v": true,
"row": 5,
"col": 0,
"def": "The region back of the knee joint; the popliteal space; the hock."
},
{
"w": "HUE",
"v": false,
"row": 3,
"col": 2,
"def": "Form; appearance; guise."
},
{
"w": "HUM",
"v": true,
"row": 1,
"col": 8,
"def": "A hummed tune, i.e. created orally with lips closed."
},
{
"w": "MAN",
"v": false,
"row": 6,
"col": 5,
"def": "An adult male human."
},
{
"w": "EMU",
"v": true,
"row": 5,
"col": 5,
"def": "A large flightless bird native to Australia, Dromaius novaehollandiae."
},
{
"w": "AMEN",
"v": true,
"row": 3,
"col": 7,
"def": "At the end of Judeo-Christian prayers: so be it."
},
{
"w": "MANE",
"v": false,
"row": 0,
"col": 3,
"def": "Longer hair growth on back of neck of an animal, especially a horse or lion."
},
{
"w": "MEAN",
"v": true,
"row": 2,
"col": 4,
"def": "To intend."
},
{
"w": "MENU",
"v": false,
"row": 7,
"col": 0,
"def": "The details of the food to be served at a banquet; a bill of fare."
},
{
"w": "NAME",
"v": false,
"row": 3,
"col": 6,
"def": "Any nounal word or phrase which indicates a particular person, place, class, or thing."
},
{
"w": "HUMAN",
"v": true,
"row": 3,
"col": 2,
"def": "Of or belonging to the species Homo sapiens or its closest relatives."
},
{
"w": "HUMANE",
"v": false,
"row": 5,
"col": 0,
"def": "Having or showing concern for the pain or suffering of another; compassionate."
}
]
}