{
"id": 1023,
"sub_category": "Air Pack",
"category": "Lake Group",
"type": 0,
"letters": "EENTTX",
"mov": 16,
"shovels": 1,
"coins": 5,
"rows": 15,
"cols": 15,
"c": 0,
"b": -1,
"w": 6,
"h": 6,
"dws": [
"TET",
"TEX",
"TENT",
"TETE",
"NETE",
"ENE",
"TENE",
"NET",
"NEE",
"NETT",
"TEN",
"ETEN",
"EEN"
],
"ws": [
{
"w": "TEE",
"v": false,
"row": 0,
"col": 0,
"def": "The name of the Latin script letter T/t."
},
{
"w": "NEXT",
"v": false,
"row": 4,
"col": 2,
"def": "Following in a sequence."
},
{
"w": "TEEN",
"v": false,
"row": 2,
"col": 2,
"def": "A teenager, a person between 13 and 19 years old."
},
{
"w": "TEXT",
"v": true,
"row": 0,
"col": 0,
"def": "A writing consisting of multiple glyphs, characters, symbols or sentences."
},
{
"w": "TENET",
"v": true,
"row": 0,
"col": 5,
"def": "An opinion, belief, or principle held to be true by someone or especially an organization."
},
{
"w": "EXTENT",
"v": true,
"row": 0,
"col": 2,
"def": "A range of values or locations."
}
]
}