{
"id": 103,
"sub_category": "Pass Pack",
"category": "Canyon Group",
"type": 0,
"letters": "DELMOY",
"mov": 20,
"shovels": 1,
"coins": 5,
"rows": 15,
"cols": 15,
"c": 0,
"b": -1,
"w": 9,
"h": 9,
"dws": [
"OLDE",
"EMO",
"YOM",
"LEY",
"MOLD",
"YOD",
"YLEM",
"MOLE",
"MOY",
"DEY",
"EMYD",
"YOLD",
"ODYLE",
"MOYLE",
"DOLE",
"LYME",
"LYM",
"ODYL",
"MOE",
"OLE",
"OLM",
"OYE",
"MOYL",
"DOE",
"MOD",
"MED",
"OLDY",
"DOL",
"DEMY",
"YODEL",
"DYE",
"YODLE",
"ELD",
"YELM",
"ELMY",
"LOD",
"MEL",
"MOL",
"DELO",
"LOY",
"YODE",
"YELD",
"MOLY",
"DOMY",
"DOY",
"ODE",
"LYE",
"DOM",
"LOME",
"ELM",
"DEL"
],
"ws": [
{
"w": "LED",
"v": true,
"row": 4,
"col": 4,
"def": "Simple past tense and past participle of lead."
},
{
"w": "OLD",
"v": true,
"row": 6,
"col": 3,
"def": "Of an object, concept, relationship, etc., having existed for a relatively long period of time."
},
{
"w": "DEMO",
"v": true,
"row": 1,
"col": 5,
"def": "A brief demonstration or visual explanation."
},
{
"w": "DOME",
"v": false,
"row": 1,
"col": 5,
"def": "A common structural element of architecture that resembles the hollow upper half of a sphere, a cupola."
},
{
"w": "MODE",
"v": true,
"row": 1,
"col": 3,
"def": "One of several ancient scales, one of which corresponds to the modern major scale and one to the natural minor scale."
},
{
"w": "LODE",
"v": false,
"row": 2,
"col": 2,
"def": "A way or path; a road."
},
{
"w": "MODEL",
"v": false,
"row": 6,
"col": 2,
"def": "A person who serves as a subject for artwork or fashion, usually in the medium of photography but also for painting or drawing."
},
{
"w": "MELODY",
"v": false,
"row": 4,
"col": 2,
"def": "Tune; sequence of notes that makes up a musical phrase."
},
{
"w": "MOLDY",
"v": false,
"row": 8,
"col": 0,
"def": "Covered with mold."
},
{
"w": "MELD",
"v": true,
"row": 0,
"col": 8,
"def": "To combine two similar objects into one."
}
]
}