{
"id": 1043,
"sub_category": "Climb Packx",
"category": "Vista Group",
"type": 0,
"letters": "EEKLNN",
"mov": 20,
"shovels": 1,
"coins": 5,
"rows": 15,
"cols": 15,
"c": 0,
"b": -1,
"w": 9,
"h": 7,
"dws": [
"NEK",
"ENE",
"LEE",
"LEKE",
"NEE",
"NENE",
"LEK",
"EEN",
"KEN"
],
"ws": [
{
"w": "ELK",
"v": false,
"row": 3,
"col": 6,
"def": "The largest member of the deer family (Alces alces); a moose."
},
{
"w": "EEK",
"v": true,
"row": 2,
"col": 2,
"def": "Representing a scream or shriek (especially in comic strips)."
},
{
"w": "EEL",
"v": true,
"row": 0,
"col": 4,
"def": "Any fish of the order Anguilliformes which are elongated and resemble snakes. There are freshwater and marine species."
},
{
"w": "EKE",
"v": true,
"row": 4,
"col": 4,
"def": "To increase; to add to, augment, lengthen."
},
{
"w": "KEEN",
"v": false,
"row": 4,
"col": 2,
"def": "Showing a quick and ardent willingness or responsiveness, enthusiastic, eager; interested, intense."
},
{
"w": "KNEE",
"v": true,
"row": 0,
"col": 6,
"def": "In humans, the joint or the region of the joint in the middle part of the leg between the thigh and the shank."
},
{
"w": "KEEL",
"v": true,
"row": 3,
"col": 8,
"def": "A large beam along the underside of a ship's hull from bow to stern."
},
{
"w": "LEEK",
"v": false,
"row": 0,
"col": 3,
"def": "The vegetable Allium ampeloprasum variety porrum, of the lily family, having edible leaves and an onion-like bulb but with a milder flavour than the onion."
},
{
"w": "KNEEL",
"v": false,
"row": 2,
"col": 0,
"def": "To stoop down and rest on the knee or knees."
},
{
"w": "KENNEL",
"v": false,
"row": 6,
"col": 3,
"def": "A house or shelter for a dog."
}
]
}