{
"id": 1049,
"sub_category": "Climb Packx",
"category": "Vista Group",
"type": 0,
"letters": "EINPRU",
"mov": 30,
"shovels": 1,
"coins": 5,
"rows": 15,
"cols": 15,
"c": 0,
"b": -1,
"w": 15,
"h": 11,
"dws": [
"UNI",
"PIRN",
"PUNIER",
"PUIR",
"NUR",
"ERN",
"REI",
"PIU",
"PURI",
"REPIN",
"PEIN",
"RIN",
"NEP",
"NIE",
"REN",
"PENI",
"UNRIP",
"PER",
"URP",
"RUE",
"URINE",
"URE",
"PERN",
"PURINE",
"PURIN",
"PERI",
"IRE",
"PIR",
"PUR",
"PRE",
"PUER",
"RINE"
],
"ws": [
{
"w": "PEN",
"v": true,
"row": 3,
"col": 14,
"def": "An enclosed area used to contain domesticated animals, especially sheep or cattle."
},
{
"w": "PIE",
"v": false,
"row": 6,
"col": 10,
"def": "A type of pastry that consists of an outer crust and a filling."
},
{
"w": "PIN",
"v": false,
"row": 5,
"col": 12,
"def": "A small device, made (usually) of drawn-out steel wire with one end sharpened and the other flattened or rounded into a head, used for fastening."
},
{
"w": "RIP",
"v": false,
"row": 0,
"col": 11,
"def": "A tear (in paper, etc.)."
},
{
"w": "RUN",
"v": true,
"row": 0,
"col": 11,
"def": "Act or instance of running, of moving rapidly using the feet."
},
{
"w": "URN",
"v": false,
"row": 2,
"col": 9,
"def": "A vase with a footed base."
},
{
"w": "NIP",
"v": true,
"row": 4,
"col": 10,
"def": "A small quantity of something edible or a potable liquor."
},
{
"w": "REP",
"v": false,
"row": 3,
"col": 12,
"def": "Short form of reputation."
},
{
"w": "PUN",
"v": true,
"row": 1,
"col": 9,
"def": "To beat; strike with force; ram; pound, as in a mortar; reduce to powder."
},
{
"w": "PIER",
"v": true,
"row": 0,
"col": 6,
"def": "A raised platform built from the shore out over water, supported on piles; used to secure, or provide access to shipping; a jetty."
},
{
"w": "PINE",
"v": true,
"row": 0,
"col": 13,
"def": "Any coniferous tree of the genus Pinus."
},
{
"w": "PURE",
"v": false,
"row": 2,
"col": 3,
"def": "Free of flaws or imperfections; unsullied."
},
{
"w": "RIPE",
"v": true,
"row": 0,
"col": 3,
"def": "Ready for reaping or gathering; having attained perfection; mature; -- said of fruits, seeds, etc.; as, ripe grain."
},
{
"w": "RUIN",
"v": false,
"row": 3,
"col": 6,
"def": "Construction withered by time."
},
{
"w": "REIN",
"v": true,
"row": 3,
"col": 0,
"def": "A strap or rope attached to the bridle or bit, used to control a horse, animal or young child."
},
{
"w": "RUNE",
"v": false,
"row": 3,
"col": 0,
"def": "A letter, or character, belonging to the written language of various ancient Germanic peoples, especially the Scandinavians and the Anglo-Saxons."
},
{
"w": "RIPEN",
"v": true,
"row": 3,
"col": 12,
"def": "To grow ripe; to become mature, as in botany: grain, fruit, flowers, and the like; as, grapes ripen in the sun."
},
{
"w": "INURE",
"v": false,
"row": 5,
"col": 0,
"def": "To take effect, to be operative."
},
{
"w": "PRUNE",
"v": false,
"row": 7,
"col": 1,
"def": "A plum."
},
{
"w": "UNRIPE",
"v": true,
"row": 5,
"col": 2,
"def": "Not ripe."
}
]
}