{
"id": 1051,
"sub_category": "Climb Packx",
"category": "Vista Group",
"type": 0,
"letters": "AACEMR",
"mov": 30,
"shovels": 1,
"coins": 5,
"rows": 15,
"cols": 15,
"c": 0,
"b": -1,
"w": 12,
"h": 11,
"dws": [
"REC",
"MAA",
"ACER",
"AMA",
"CAR",
"MARC",
"MAE",
"CAMA",
"REAM",
"CAA",
"ARAME",
"MARAE",
"MAC",
"MACER",
"ARECA",
"MARA",
"AME",
"MERC",
"CREM",
"MAAR",
"RACA",
"CAM",
"CRAME",
"ERM"
],
"ws": [
{
"w": "ACE",
"v": true,
"row": 6,
"col": 3,
"def": "A single point or spot on a playing card or die."
},
{
"w": "ARC",
"v": false,
"row": 6,
"col": 3,
"def": "A directed edge."
},
{
"w": "ARE",
"v": false,
"row": 4,
"col": 2,
"def": "Second-person singular simple present tense of be."
},
{
"w": "ARM",
"v": true,
"row": 8,
"col": 0,
"def": "The portion of the upper human appendage, from the shoulder to the wrist and sometimes including the hand."
},
{
"w": "EAR",
"v": true,
"row": 4,
"col": 4,
"def": "The organ of hearing, consisting of the pinna, auditory canal, eardrum, malleus, incus, stapes and cochlea."
},
{
"w": "ERA",
"v": true,
"row": 2,
"col": 2,
"def": "A time period of indeterminate length, generally more than one year."
},
{
"w": "MAR",
"v": true,
"row": 8,
"col": 2,
"def": "To spoil, to damage."
},
{
"w": "RAM",
"v": true,
"row": 0,
"col": 3,
"def": "A male sheep."
},
{
"w": "REM",
"v": false,
"row": 2,
"col": 1,
"def": "Rapid eye movement, a sleep state."
},
{
"w": "AREA",
"v": false,
"row": 1,
"col": 3,
"def": "A measure of the extent of a surface; it is measured in square units."
},
{
"w": "CAME",
"v": true,
"row": 0,
"col": 6,
"def": "Simple past of come."
},
{
"w": "CARE",
"v": false,
"row": 0,
"col": 6,
"def": "Grief, sorrow."
},
{
"w": "MARE",
"v": false,
"row": 10,
"col": 0,
"def": "An adult female horse."
},
{
"w": "RACE",
"v": true,
"row": 0,
"col": 8,
"def": "A contest between people, animals, vehicles, etc. where the goal is to be the first to reach some objective. Several horses run in a horse race, and the first one to reach the finishing post wins."
},
{
"w": "ACRE",
"v": true,
"row": 2,
"col": 10,
"def": "A field."
},
{
"w": "MACE",
"v": false,
"row": 5,
"col": 7,
"def": "A heavy fighting club."
},
{
"w": "CRAM",
"v": false,
"row": 2,
"col": 8,
"def": "The act of cramming."
},
{
"w": "ACME",
"v": false,
"row": 8,
"col": 0,
"def": "The top or highest point; pinnacle; culmination."
},
{
"w": "CREAM",
"v": true,
"row": 5,
"col": 9,
"def": "The butterfat/milkfat part of milk which rises to the top; this part when separated from the remainder."
},
{
"w": "CAMERA",
"v": false,
"row": 7,
"col": 6,
"def": "A device for taking still or moving pictures or photographs."
}
]
}