{
"id": 106,
"sub_category": "Pass Pack",
"category": "Canyon Group",
"type": 0,
"letters": "DDEEIN",
"mov": 20,
"shovels": 1,
"coins": 5,
"rows": 15,
"cols": 15,
"c": 0,
"b": -1,
"w": 10,
"h": 8,
"dws": [
"DIE",
"NID",
"EIDE",
"DIENE",
"NIDE",
"NIDED",
"DIN",
"ENE",
"DINE",
"NIED",
"DEE",
"DEI",
"IDE",
"NIE",
"IDEE",
"NEE",
"DEID",
"NED",
"DENI",
"DEEN",
"DENE",
"EEN"
],
"ws": [
{
"w": "DEN",
"v": true,
"row": 1,
"col": 3,
"def": "The home of certain animals."
},
{
"w": "DID",
"v": false,
"row": 7,
"col": 7,
"def": "A Roman numeral representing nine hundred and ninety-nine (999)."
},
{
"w": "END",
"v": false,
"row": 2,
"col": 3,
"def": "The final point of something in space or time."
},
{
"w": "DEED",
"v": true,
"row": 4,
"col": 7,
"def": "An action or act; something that is done."
},
{
"w": "DIED",
"v": true,
"row": 2,
"col": 5,
"def": "Simple past tense and past participle of die."
},
{
"w": "NEED",
"v": false,
"row": 1,
"col": 0,
"def": "A requirement for something."
},
{
"w": "ENDED",
"v": false,
"row": 4,
"col": 5,
"def": "Simple past tense and past participle of end."
},
{
"w": "DENIED",
"v": true,
"row": 0,
"col": 1,
"def": "Simple past tense and past participle of deny."
},
{
"w": "INDEED",
"v": true,
"row": 2,
"col": 9,
"def": "Truly; in fact; actually."
},
{
"w": "DINED",
"v": false,
"row": 5,
"col": 1,
"def": "Simple past tense and past participle of dine."
}
]
}