{
"id": 1064,
"sub_category": "Above Pack",
"category": "Vista Group",
"type": 0,
"letters": "AILMNO",
"mov": 22,
"shovels": 1,
"coins": 5,
"rows": 15,
"cols": 15,
"c": 0,
"b": -1,
"w": 10,
"h": 10,
"dws": [
"NOMA",
"ANIL",
"AMNIO",
"LOMA",
"MOA",
"LIMN",
"MILO",
"MONIAL",
"ION",
"ALOIN",
"MONA",
"AMIN",
"OLM",
"MOIL",
"MINA",
"AIM",
"AMI",
"NIM",
"MONAL",
"MOI",
"ANI",
"MOAI",
"NOIL",
"LINO",
"MALI",
"NAM",
"MOL",
"AIN",
"LIN",
"MIL",
"LIMA",
"MANI",
"MON",
"MANO",
"AIL",
"NIL",
"MNA",
"MOLA",
"LAM",
"MAN",
"OIL",
"MAL",
"NOM",
"LIMAN",
"NAOI",
"OMA",
"MINO"
],
"ws": [
{
"w": "LION",
"v": true,
"row": 6,
"col": 1,
"def": "A big cat, Panthera leo, native to Africa, India and formerly to much of Europe. The term may apply to the species as a whole, to individuals, or to male individuals. It also applies to related species like mountain lions."
},
{
"w": "LOAN",
"v": false,
"row": 1,
"col": 0,
"def": "A sum of money or other valuables or consideration that an individual, group or other legal entity borrows from another individual, group or legal entity (the latter often being a financial institution) with the condition that it be returned or repaid at a later date (sometimes with interest)."
},
{
"w": "MAIL",
"v": true,
"row": 6,
"col": 4,
"def": "To send (a letter or parcel) through the mail."
},
{
"w": "MAIN",
"v": true,
"row": 0,
"col": 5,
"def": "Great in size or degree; vast; strong; powerful; important."
},
{
"w": "NAIL",
"v": false,
"row": 9,
"col": 1,
"def": "To drive a nail."
},
{
"w": "LIMO",
"v": true,
"row": 3,
"col": 2,
"def": "A limousine."
},
{
"w": "LAIN",
"v": false,
"row": 3,
"col": 2,
"def": "Past participle of lie (oriented in a horizontal position, situated)."
},
{
"w": "LOIN",
"v": true,
"row": 4,
"col": 7,
"def": "The part of the body (of humans and quadrupeds) at each side of the backbone, between the ribs and hips."
},
{
"w": "MOAN",
"v": false,
"row": 5,
"col": 6,
"def": "A low, mournful cry of pain, sorrow or pleasure."
},
{
"w": "LOAM",
"v": false,
"row": 6,
"col": 1,
"def": "A kind of soil; an earthy mixture of clay and sand, with organic matter to which its fertility is chiefly due."
},
{
"w": "AMINO",
"v": false,
"row": 7,
"col": 4,
"def": "Relating to an amine."
},
{
"w": "OILMAN",
"v": true,
"row": 0,
"col": 9,
"def": "Somebody involved in the production, refinement or delivery of oil; such as an oil field worker or executive, or the owner of an oil well."
}
]
}