{
"id": 1065,
"sub_category": "Above Pack",
"category": "Vista Group",
"type": 0,
"letters": "EFNORZ",
"mov": 16,
"shovels": 1,
"coins": 5,
"rows": 15,
"cols": 15,
"c": 0,
"b": -1,
"w": 7,
"h": 7,
"dws": [
"ONE",
"FONE",
"FREON",
"EON",
"RENO",
"ONER",
"ERN",
"FRO",
"ZONER",
"ORF",
"FROE",
"FOR",
"REO",
"RONE",
"FER",
"ORE",
"FOEN",
"ORFE",
"REN",
"FON",
"FOE",
"REF",
"NOR",
"ROE",
"FEN",
"NEF",
"ERF",
"FEZ",
"REZ"
],
"ws": [
{
"w": "FERN",
"v": false,
"row": 2,
"col": 3,
"def": "Any of a group of some twenty thousand species of vascular plants classified in the Division Pteridophyta (formerly known by some as Filicophyta) that lacks seeds and reproduces by shedding spores to initiate an alternation of generations."
},
{
"w": "FORE",
"v": false,
"row": 0,
"col": 0,
"def": "An exclamation yelled to inform players a ball is moving in their direction."
},
{
"w": "ZERO",
"v": true,
"row": 3,
"col": 1,
"def": "The cardinal number occurring before one and that denotes no quantity or amount at all, represented in Arabic numerals as 0."
},
{
"w": "ZONE",
"v": false,
"row": 6,
"col": 0,
"def": "Each of the five regions of the earth's surface into which it was divided by climatic differences, namely the torrid zone (between the tropics), two temperate zones (between the tropics and the polar circles), and two frigid zones (within the polar circles)."
},
{
"w": "FROZE",
"v": true,
"row": 2,
"col": 3,
"def": "Simple past of freeze."
},
{
"w": "FROZEN",
"v": true,
"row": 1,
"col": 5,
"def": "In the state of that which freezes; in ice form."
}
]
}