{
"id": 1067,
"sub_category": "Above Pack",
"category": "Vista Group",
"type": 0,
"letters": "AEIPRR",
"mov": 20,
"shovels": 1,
"coins": 5,
"rows": 15,
"cols": 15,
"c": 0,
"b": -1,
"w": 9,
"h": 8,
"dws": [
"PIE",
"RAI",
"ARE",
"PARER",
"RIP",
"PAR",
"RAP",
"ERA",
"REI",
"RIA",
"PEA",
"PRIER",
"PARR",
"PIA",
"RAPER",
"AIRER",
"RAPIER",
"ERR",
"AIR",
"APER",
"EAR",
"RAPE",
"PER",
"PAIRER",
"PERI",
"PIR",
"APE",
"REP",
"PRE",
"IRE"
],
"ws": [
{
"w": "PAIR",
"v": true,
"row": 2,
"col": 5,
"def": "Two similar or identical things taken together; often followed by of."
},
{
"w": "PEAR",
"v": false,
"row": 2,
"col": 5,
"def": "An edible fruit produced by the pear tree, similar to an apple but elongated towards the stem."
},
{
"w": "PIER",
"v": false,
"row": 3,
"col": 0,
"def": "A raised platform built from the shore out over water, supported on piles; used to secure, or provide access to shipping; a jetty."
},
{
"w": "RARE",
"v": true,
"row": 0,
"col": 2,
"def": "Cooked very lightly, so the meat is still red (in the case of steak or beef in the general sense)."
},
{
"w": "REAR",
"v": false,
"row": 1,
"col": 0,
"def": "To raise physically; to lift up; to cause to rise, to elevate."
},
{
"w": "RIPE",
"v": false,
"row": 6,
"col": 0,
"def": "Ready for reaping or gathering; having attained perfection; mature; -- said of fruits, seeds, etc.; as, ripe grain."
},
{
"w": "REAP",
"v": true,
"row": 2,
"col": 8,
"def": "To cut with a sickle, scythe, or reaping machine, as grain; to gather, as a harvest, by cutting."
},
{
"w": "PARE",
"v": false,
"row": 5,
"col": 3,
"def": "To remove the outer covering or skin of something with a cutting device, typically a knife."
},
{
"w": "RIPER",
"v": true,
"row": 3,
"col": 3,
"def": "Comparative form of ripe: more ripe."
},
{
"w": "REPAIR",
"v": true,
"row": 1,
"col": 0,
"def": "The act of repairing something."
}
]
}