{
"id": 1074,
"sub_category": "Fall Packx",
"category": "Vista Group",
"type": 0,
"letters": "CEHIPR",
"mov": 20,
"shovels": 1,
"coins": 5,
"rows": 15,
"cols": 15,
"c": 0,
"b": -1,
"w": 11,
"h": 8,
"dws": [
"PIE",
"REC",
"RIP",
"HEP",
"RIPE",
"ICH",
"REI",
"PIER",
"HIC",
"CHE",
"PECH",
"PEH",
"PEC",
"HIP",
"CHER",
"CIRE",
"HIE",
"CRIP",
"PERC",
"RICHE",
"PHI",
"PER",
"CRIPE",
"CHI",
"ICE",
"ICER",
"ERIC",
"CERIPH",
"REH",
"PERI",
"PIR",
"PICE",
"HER",
"ECH",
"CEP",
"REP",
"PIC",
"PRE",
"IRE"
],
"ws": [
{
"w": "CHIP",
"v": false,
"row": 6,
"col": 7,
"def": "A small piece broken from a larger piece of solid material."
},
{
"w": "EPIC",
"v": true,
"row": 1,
"col": 8,
"def": "An extended narrative poem in elevated or dignified language, celebrating the feats of a deity or demigod (heroic epic) or other legendary or traditional hero."
},
{
"w": "HIRE",
"v": false,
"row": 1,
"col": 5,
"def": "Payment for the temporary use of something."
},
{
"w": "RICE",
"v": true,
"row": 2,
"col": 1,
"def": "Cereal plants (Oryza sativa) of the grass family whose seeds are used as food."
},
{
"w": "RICH",
"v": true,
"row": 4,
"col": 7,
"def": "Wealthy: having a lot of money and possessions."
},
{
"w": "HEIR",
"v": true,
"row": 4,
"col": 9,
"def": "Someone who inherits, or is designated to inherit, the property of another."
},
{
"w": "PERCH",
"v": false,
"row": 4,
"col": 5,
"def": "Any of the three species of spiny-finned freshwater fish in the genus Perca."
},
{
"w": "PRICE",
"v": false,
"row": 7,
"col": 1,
"def": "The cost required to gain possession of something."
},
{
"w": "CHIRP",
"v": true,
"row": 0,
"col": 5,
"def": "A short, sharp or high note or noise, as of a bird or insect."
},
{
"w": "CIPHER",
"v": false,
"row": 3,
"col": 0,
"def": "A numeric character."
}
]
}