{
"id": 108,
"sub_category": "Pass Pack",
"category": "Canyon Group",
"type": 0,
"letters": "EHIKRS",
"mov": 24,
"shovels": 1,
"coins": 5,
"rows": 15,
"cols": 15,
"c": 0,
"b": -1,
"w": 11,
"h": 8,
"dws": [
"KISH",
"KESH",
"KIER",
"REHS",
"SHRI",
"SEI",
"HIKES",
"HIRES",
"HIKER",
"SIKER",
"REIS",
"REI",
"HES",
"SER",
"IRKS",
"EIKS",
"SHEIK",
"SEIR",
"REIKS",
"KHIS",
"EISH",
"SHIER",
"IRK",
"KEIR",
"KHI",
"KIS",
"SKER",
"ERS",
"REIK",
"EHS",
"SIK",
"IRES",
"SERK",
"KEIRS",
"HIE",
"SIR",
"SIHR",
"KIR",
"ERKS",
"ISH",
"SIKE",
"REH",
"SRI",
"SHRIKE",
"EIK",
"SEIK",
"KRIS",
"KIERS",
"HIES",
"RES",
"ERK",
"HEIR",
"SHIR",
"KIRS",
"SHRIEK",
"RESH",
"IRE",
"HIKE"
],
"ws": [
{
"w": "HER",
"v": true,
"row": 5,
"col": 8,
"def": "Belonging to her."
},
{
"w": "HIS",
"v": false,
"row": 5,
"col": 8,
"def": "Belonging to him."
},
{
"w": "SHE",
"v": true,
"row": 2,
"col": 7,
"def": "A female person or animal."
},
{
"w": "SKI",
"v": true,
"row": 4,
"col": 6,
"def": "One of a pair of long flat runners designed for gliding over snow."
},
{
"w": "HERS",
"v": true,
"row": 2,
"col": 10,
"def": "That which belongs to her; the possessive case of she, used without a following noun."
},
{
"w": "HIRE",
"v": false,
"row": 3,
"col": 7,
"def": "Payment for the temporary use of something."
},
{
"w": "RISE",
"v": false,
"row": 4,
"col": 4,
"def": "The process of or an action or instance of moving upwards or becoming greater."
},
{
"w": "RISK",
"v": true,
"row": 4,
"col": 4,
"def": "A possible, usually negative, outcome, e.g., a danger."
},
{
"w": "SKIER",
"v": false,
"row": 0,
"col": 4,
"def": "Someone who skis."
},
{
"w": "SHIRE",
"v": false,
"row": 6,
"col": 4,
"def": "Former administrative area of Britain; a county."
},
{
"w": "HIKERS",
"v": true,
"row": 2,
"col": 0,
"def": "Plural form of hiker."
},
{
"w": "SHIRK",
"v": false,
"row": 7,
"col": 0,
"def": "To avoid, especially a duty, responsibility, etc.; to stay away from."
},
{
"w": "HEIRS",
"v": false,
"row": 2,
"col": 0,
"def": "Plural form of heir."
},
{
"w": "SIRE",
"v": true,
"row": 1,
"col": 2,
"def": "A lord, master, or other person in authority, most commonly used vocatively."
}
]
}