{
"id": 1081,
"sub_category": "Fall Packx",
"category": "Vista Group",
"type": 0,
"letters": "ACEITV",
"mov": 28,
"shovels": 1,
"coins": 5,
"rows": 15,
"cols": 15,
"c": 0,
"b": -1,
"w": 10,
"h": 10,
"dws": [
"VITE",
"AIT",
"TAE",
"TAI",
"ITA",
"AVE",
"VATIC",
"TEC",
"TAV",
"CAVIE",
"CATE",
"TACE",
"CIT",
"CIVE",
"ETIC",
"TICE",
"TIE",
"ETA",
"VAE",
"VITAE",
"VIAE",
"CIVET",
"VITA"
],
"ws": [
{
"w": "ACE",
"v": true,
"row": 6,
"col": 6,
"def": "A single point or spot on a playing card or die."
},
{
"w": "ACT",
"v": true,
"row": 5,
"col": 8,
"def": "Something done, a deed."
},
{
"w": "ATE",
"v": true,
"row": 2,
"col": 5,
"def": "Simple past of eat."
},
{
"w": "CAT",
"v": false,
"row": 7,
"col": 6,
"def": "Any similar animal of the family Felidae, which includes lions, tigers, bobcats, etc."
},
{
"w": "EAT",
"v": false,
"row": 5,
"col": 7,
"def": "To consume (something solid or semi-solid, usually food) by putting it into the mouth and swallowing it."
},
{
"w": "ICE",
"v": false,
"row": 1,
"col": 7,
"def": "Water in frozen (solid) form."
},
{
"w": "TEA",
"v": false,
"row": 6,
"col": 4,
"def": "The dried leaves or buds of the tea plant, Camellia sinensis."
},
{
"w": "VET",
"v": false,
"row": 4,
"col": 4,
"def": "A veterinarian or veterinary surgeon."
},
{
"w": "VIA",
"v": false,
"row": 1,
"col": 2,
"def": "A main road or highway, especially in ancient Rome. (Mainly used in set phrases, below.)."
},
{
"w": "VIE",
"v": true,
"row": 0,
"col": 7,
"def": "To rival; to struggle for superiority; to contend; to compete eagerly so as to gain something."
},
{
"w": "TIC",
"v": false,
"row": 3,
"col": 0,
"def": "A local and habitual convulsive motion of certain muscles."
},
{
"w": "VAT",
"v": true,
"row": 4,
"col": 4,
"def": "A large tub, such as is used for making wine or for tanning."
},
{
"w": "VAC",
"v": true,
"row": 0,
"col": 4,
"def": "A vacation."
},
{
"w": "CAVE",
"v": false,
"row": 2,
"col": 4,
"def": "A large, naturally-occurring cavity formed underground, or in the face of a cliff or a hillside."
},
{
"w": "CITE",
"v": true,
"row": 6,
"col": 2,
"def": "To quote; to repeat, as a passage from a book, or the words of another."
},
{
"w": "VICE",
"v": true,
"row": 1,
"col": 2,
"def": "A bad habit."
},
{
"w": "EVICT",
"v": true,
"row": 1,
"col": 9,
"def": "To expel (one or more people) from their property; to force (one or more people) to move out."
},
{
"w": "ACTIVE",
"v": true,
"row": 1,
"col": 0,
"def": "Having the power or quality of acting; causing change; communicating action or motion; acting; \u2014 opposed to passive, that receives; as, certain active principles; the powers of the mind."
}
]
}