{
"id": 1087,
"sub_category": "Fall Packx",
"category": "Vista Group",
"type": 0,
"letters": "AAINPT",
"mov": 28,
"shovels": 1,
"coins": 5,
"rows": 15,
"cols": 15,
"c": 0,
"b": -1,
"w": 12,
"h": 10,
"dws": [
"AIT",
"TAN",
"PINA",
"TAIN",
"TAI",
"NAT",
"ITA",
"PINATA",
"PIA",
"ANTA",
"AIA",
"ANI",
"ANA",
"TAPA",
"ANT",
"NIPA",
"AIN",
"TAIPAN",
"NAPA",
"INAPT",
"TANA",
"ATAP",
"APIAN",
"PATIN",
"PINTA",
"TINA",
"TIAN",
"PIAN",
"PAAN"
],
"ws": [
{
"w": "NAP",
"v": false,
"row": 2,
"col": 3,
"def": "A short period of sleep, especially one during the day."
},
{
"w": "PAN",
"v": true,
"row": 0,
"col": 3,
"def": "A wide, flat receptacle used around the house, especially for cooking."
},
{
"w": "PAT",
"v": true,
"row": 1,
"col": 0,
"def": "The sound of a light slap or tap with a soft flat object, especially of a footstep."
},
{
"w": "PIN",
"v": true,
"row": 7,
"col": 5,
"def": "A small device, made (usually) of drawn-out steel wire with one end sharpened and the other flattened or rounded into a head, used for fastening."
},
{
"w": "PIT",
"v": false,
"row": 0,
"col": 3,
"def": "A hole in the ground."
},
{
"w": "TAP",
"v": true,
"row": 0,
"col": 5,
"def": "A tapering cylindrical pin or peg used to stop the vent in a cask; a spigot."
},
{
"w": "TIN",
"v": false,
"row": 3,
"col": 0,
"def": "A malleable, ductile, metallic element, resistant to corrosion, with atomic number 50 and symbol Sn."
},
{
"w": "TIP",
"v": false,
"row": 7,
"col": 3,
"def": "A particular arena or sphere of interest; a front."
},
{
"w": "APT",
"v": true,
"row": 5,
"col": 3,
"def": "Suitable; appropriate; fit or fitted; suited."
},
{
"w": "NIP",
"v": true,
"row": 3,
"col": 2,
"def": "A small quantity of something edible or a potable liquor."
},
{
"w": "NIT",
"v": false,
"row": 9,
"col": 5,
"def": "The egg of a louse."
},
{
"w": "PAIN",
"v": false,
"row": 5,
"col": 2,
"def": "An ache or bodily suffering, or an instance of this; an unpleasant sensation, resulting from a derangement of functions, disease, or injury by violence; hurt."
},
{
"w": "PINT",
"v": true,
"row": 1,
"col": 7,
"def": "A unit of volume, equivalent to 1/8 of a gallon or 16 ounces."
},
{
"w": "ANTI",
"v": true,
"row": 2,
"col": 4,
"def": "Describing a torsion angle between 90\u00b0 and 180\u00b0."
},
{
"w": "PANT",
"v": true,
"row": 6,
"col": 7,
"def": "A quick breathing; a catching of the breath; a gasp."
},
{
"w": "PITA",
"v": false,
"row": 1,
"col": 0,
"def": "A flat bread pouch used for making sandwiches such as gyros or falafels."
},
{
"w": "PAINT",
"v": false,
"row": 6,
"col": 7,
"def": "A substance that is applied as a liquid or paste, and dries into a solid coating that protects or adds color/colour to an object or surface to which it has been applied."
},
{
"w": "PATINA",
"v": true,
"row": 3,
"col": 9,
"def": "A paten, flat type of dish."
}
]
}