{
"id": 1095,
"sub_category": "Below Pack",
"category": "Vista Group",
"type": 0,
"letters": "BDEEIL",
"mov": 24,
"shovels": 1,
"coins": 5,
"rows": 15,
"cols": 15,
"c": 0,
"b": -1,
"w": 11,
"h": 8,
"dws": [
"LEED",
"DIE",
"EIDE",
"BIELD",
"LEI",
"LIED",
"BEEDI",
"BEL",
"DEBILE",
"ELIDE",
"BEDE",
"DEIL",
"DEE",
"DEI",
"ELD",
"IDE",
"DIEL",
"IDEE",
"DIB",
"LEE",
"DIEB",
"DEBEL",
"EILD",
"BELIE",
"DEBE",
"EDILE",
"BELIED",
"DEB",
"LEDE",
"LIB",
"BEDEL",
"DELE",
"BLEE",
"DEL"
],
"ws": [
{
"w": "BED",
"v": true,
"row": 1,
"col": 5,
"def": "A piece of furniture, usually flat and soft, to sleep on."
},
{
"w": "BEE",
"v": false,
"row": 1,
"col": 5,
"def": "A flying insect, of the superfamily Apoidea, known for their organised societies, for collecting pollen, and producing wax and honey."
},
{
"w": "BID",
"v": true,
"row": 2,
"col": 2,
"def": "To issue a command; to tell."
},
{
"w": "LED",
"v": true,
"row": 0,
"col": 7,
"def": "Simple past tense and past participle of lead."
},
{
"w": "LID",
"v": false,
"row": 4,
"col": 0,
"def": "The top or cover of a container."
},
{
"w": "LIE",
"v": false,
"row": 0,
"col": 7,
"def": "To be in a horizontal position."
},
{
"w": "EEL",
"v": true,
"row": 0,
"col": 9,
"def": "Any fish of the order Anguilliformes which are elongated and resemble snakes. There are freshwater and marine species."
},
{
"w": "DELI",
"v": false,
"row": 2,
"col": 7,
"def": "A shop that sells cooked or prepared food ready for serving."
},
{
"w": "IDLE",
"v": false,
"row": 6,
"col": 2,
"def": "Empty, vacant."
},
{
"w": "BILE",
"v": false,
"row": 2,
"col": 2,
"def": "A bitter brownish-yellow or greenish-yellow secretion produced by the liver, stored in the gall bladder, and discharged into the duodenum where it aids the process of digestion."
},
{
"w": "BLED",
"v": false,
"row": 6,
"col": 7,
"def": "Simple past tense and past participle of bleed."
},
{
"w": "BIDE",
"v": true,
"row": 4,
"col": 10,
"def": "(chiefly dialectal) To bear; to endure; to tolerate."
},
{
"w": "BLEED",
"v": true,
"row": 3,
"col": 0,
"def": "To lose blood through an injured blood vessel."
},
{
"w": "EDIBLE",
"v": true,
"row": 2,
"col": 8,
"def": "That can be eaten without harm; non-toxic to humans; suitable for consumption."
}
]
}