{
"id": 1097,
"sub_category": "Below Pack",
"category": "Vista Group",
"type": 0,
"letters": "ALLSTY",
"mov": 20,
"shovels": 1,
"coins": 5,
"rows": 15,
"cols": 15,
"c": 0,
"b": -1,
"w": 9,
"h": 8,
"dws": [
"TAYS",
"SALTY",
"SAL",
"TALLS",
"AYS",
"SALLY",
"LAY",
"ALLS",
"SLY",
"ALT",
"ALTS",
"SALL",
"SLATY",
"TALLY",
"STY",
"LAS",
"SAT",
"ALL",
"LAT",
"TAS",
"ALS",
"ATS",
"YAS",
"TAY",
"SAY",
"STAY"
],
"ws": [
{
"w": "ALLY",
"v": false,
"row": 5,
"col": 0,
"def": "To unite, or form a connection between, as between families by marriage, or between princes and states by treaty, league, or confederacy."
},
{
"w": "LAST",
"v": false,
"row": 3,
"col": 1,
"def": "Final, ultimate, coming after all others of its kind."
},
{
"w": "LAYS",
"v": false,
"row": 2,
"col": 4,
"def": "Plural form of lay."
},
{
"w": "SALT",
"v": true,
"row": 0,
"col": 4,
"def": "A common substance, chemically consisting mainly of sodium chloride (NaCl), used extensively as a condiment and preservative."
},
{
"w": "TALL",
"v": true,
"row": 4,
"col": 0,
"def": "Obsequious; obedient."
},
{
"w": "SLAT",
"v": true,
"row": 2,
"col": 7,
"def": "A thin, narrow strip or bar of wood or metal."
},
{
"w": "SLAY",
"v": true,
"row": 4,
"col": 5,
"def": "To eradicate or stamp out."
},
{
"w": "LATS",
"v": false,
"row": 5,
"col": 5,
"def": "The latissimus dorsi muscles."
},
{
"w": "STALL",
"v": true,
"row": 1,
"col": 2,
"def": "A compartment for a single animal in a stable or cattle shed."
},
{
"w": "LASTLY",
"v": false,
"row": 7,
"col": 0,
"def": "Used to mark the beginning of the last in a list of items or propositions."
}
]
}