{
"id": 1099,
"sub_category": "Below Pack",
"category": "Vista Group",
"type": 0,
"letters": "AILNVY",
"mov": 18,
"shovels": 1,
"coins": 5,
"rows": 15,
"cols": 15,
"c": 0,
"b": -1,
"w": 9,
"h": 7,
"dws": [
"INLY",
"VAN",
"ANIL",
"NAV",
"IVY",
"VINAL",
"LINY",
"LAV",
"YIN",
"NIVAL",
"LAY",
"VIA",
"AYIN",
"NAVY",
"VALI",
"VLY",
"ANI",
"VIN",
"AIN",
"LIN",
"VINY",
"NAY",
"LAYIN",
"AIL",
"NIL",
"VAIL",
"VINA",
"ANY"
],
"ws": [
{
"w": "NAIL",
"v": false,
"row": 2,
"col": 5,
"def": "To drive a nail."
},
{
"w": "VAIN",
"v": true,
"row": 1,
"col": 6,
"def": "Overly proud of oneself, especially when concerning appearance."
},
{
"w": "VIAL",
"v": true,
"row": 0,
"col": 0,
"def": "A glass vessel or bottle, especially a small bottle used to store medicine or perfume."
},
{
"w": "LAIN",
"v": false,
"row": 3,
"col": 0,
"def": "Past participle of lie (oriented in a horizontal position, situated)."
},
{
"w": "VINYL",
"v": false,
"row": 0,
"col": 0,
"def": "The univalent radical CH2=CH\u2212, derived from ethylene."
},
{
"w": "ANVIL",
"v": true,
"row": 2,
"col": 3,
"def": "A heavy iron block used in the blacksmithing trade as a surface upon which metal can be struck and shaped."
},
{
"w": "INLAY",
"v": true,
"row": 0,
"col": 8,
"def": "The material placed within a different material in the form of a decoration."
},
{
"w": "VAINLY",
"v": false,
"row": 4,
"col": 3,
"def": "In a vain manner; to no avail."
}
]
}