{
"id": 1101,
"sub_category": "Below Pack",
"category": "Vista Group",
"type": 0,
"letters": "AEGLRR",
"mov": 30,
"shovels": 1,
"coins": 5,
"rows": 15,
"cols": 15,
"c": 0,
"b": -1,
"w": 14,
"h": 11,
"dws": [
"GARRE",
"AREG",
"RAG",
"REG",
"ERA",
"LARE",
"GAR",
"ARGLE",
"GARE",
"ERG",
"GEAL",
"RALE",
"GRR",
"LEA",
"AGER",
"GAL",
"LAER",
"GRRL",
"REGAR",
"EGAL",
"LEAR",
"ARLE",
"RAGER",
"LAR",
"GER",
"GAE"
],
"ws": [
{
"w": "AGE",
"v": true,
"row": 2,
"col": 9,
"def": "The whole duration of a being, whether animal, vegetable, or other kind; lifetime."
},
{
"w": "ALE",
"v": false,
"row": 4,
"col": 7,
"def": "An intoxicating liquor made from an infusion of malt by fermentation and the addition of a bitter, usually hops."
},
{
"w": "ARE",
"v": true,
"row": 4,
"col": 7,
"def": "Second-person singular simple present tense of be."
},
{
"w": "EAR",
"v": false,
"row": 6,
"col": 7,
"def": "The organ of hearing, consisting of the pinna, auditory canal, eardrum, malleus, incus, stapes and cochlea."
},
{
"w": "GEL",
"v": false,
"row": 3,
"col": 9,
"def": "A semi-solid to almost solid colloid of a solid and a liquid, such as jelly, cheese or opal."
},
{
"w": "LAG",
"v": false,
"row": 8,
"col": 7,
"def": "Late."
},
{
"w": "LEG",
"v": true,
"row": 8,
"col": 7,
"def": "The lower limb of a human being or animal that extends from the groin to the ankle."
},
{
"w": "ERR",
"v": true,
"row": 8,
"col": 4,
"def": "To make a mistake."
},
{
"w": "EARL",
"v": true,
"row": 0,
"col": 11,
"def": "A British nobleman next in rank above a viscount and below a marquess; equivalent to a European count. A female using the style is termed a countess."
},
{
"w": "GEAR",
"v": false,
"row": 0,
"col": 10,
"def": "Equipment or paraphernalia, especially that used for an athletic endeavor."
},
{
"w": "RAGE",
"v": true,
"row": 6,
"col": 9,
"def": "Violent uncontrolled anger."
},
{
"w": "RARE",
"v": false,
"row": 9,
"col": 4,
"def": "Cooked very lightly, so the meat is still red (in the case of steak or beef in the general sense)."
},
{
"w": "REAL",
"v": true,
"row": 0,
"col": 13,
"def": "A commodity; see reality."
},
{
"w": "REAR",
"v": false,
"row": 10,
"col": 1,
"def": "To raise physically; to lift up; to cause to rise, to elevate."
},
{
"w": "GALE",
"v": true,
"row": 7,
"col": 2,
"def": "To sing; charm; enchant."
},
{
"w": "GLARE",
"v": false,
"row": 8,
"col": 0,
"def": "An intense, blinding light."
},
{
"w": "LAGER",
"v": false,
"row": 5,
"col": 0,
"def": "A type of beer, brewed using a bottom-fermenting yeast."
},
{
"w": "LARGE",
"v": true,
"row": 5,
"col": 0,
"def": "Of considerable or relatively great size or extent."
},
{
"w": "REGAL",
"v": false,
"row": 0,
"col": 0,
"def": "Of or having to do with royalty."
},
{
"w": "LARGER",
"v": true,
"row": 0,
"col": 4,
"def": "Comparative form of large: more large."
}
]
}