{
"id": 1103,
"sub_category": "Below Pack",
"category": "Vista Group",
"type": 0,
"letters": "BEEMMR",
"mov": 16,
"shovels": 1,
"coins": 5,
"rows": 15,
"cols": 15,
"c": 0,
"b": -1,
"w": 7,
"h": 6,
"dws": [
"ERM",
"MEM",
"BREME",
"REB",
"BREE",
"MEME",
"MEE",
"BERME",
"EMMER",
"BEE",
"MEER",
"BERE",
"ERE",
"EME",
"REE"
],
"ws": [
{
"w": "REM",
"v": true,
"row": 0,
"col": 5,
"def": "Rapid eye movement, a sleep state."
},
{
"w": "BEER",
"v": true,
"row": 2,
"col": 0,
"def": "An alcoholic drink fermented from starch material commonly barley malt, often with hops or some other substance to impart a bitter flavor."
},
{
"w": "MERE",
"v": false,
"row": 0,
"col": 3,
"def": "The sea."
},
{
"w": "BERM",
"v": false,
"row": 2,
"col": 0,
"def": "A narrow ledge or shelf, as along the top or bottom of a slope."
},
{
"w": "EMBER",
"v": false,
"row": 4,
"col": 0,
"def": "A glowing piece of coal or wood."
},
{
"w": "MEMBER",
"v": true,
"row": 0,
"col": 3,
"def": "One who officially belongs to a group."
}
]
}