{
"id": 1105,
"sub_category": "Arrive Pack",
"category": "Vista Group",
"type": 0,
"letters": "AACMRT",
"mov": 26,
"shovels": 1,
"coins": 5,
"rows": 15,
"cols": 15,
"c": 0,
"b": -1,
"w": 11,
"h": 9,
"dws": [
"MAA",
"CAT",
"MAC",
"MARA",
"AMA",
"ACTA",
"TARA",
"MARC",
"MAAR",
"ATMA",
"AMTRAC",
"RACA",
"CAMA",
"CAA",
"RATA",
"TAM",
"ACT"
],
"ws": [
{
"w": "ARC",
"v": true,
"row": 2,
"col": 7,
"def": "A directed edge."
},
{
"w": "ARM",
"v": false,
"row": 6,
"col": 6,
"def": "The portion of the upper human appendage, from the shoulder to the wrist and sometimes including the hand."
},
{
"w": "ART",
"v": false,
"row": 1,
"col": 8,
"def": "Human effort to imitate, supplement, alter, or counteract the work of nature."
},
{
"w": "CAR",
"v": true,
"row": 0,
"col": 8,
"def": "A wheeled vehicle, drawn by a horse or other animal."
},
{
"w": "MAR",
"v": true,
"row": 5,
"col": 6,
"def": "To spoil, to damage."
},
{
"w": "MAT",
"v": false,
"row": 8,
"col": 2,
"def": "A flat piece of coarse material used for wiping one's feet, or as a decorative or protective floor covering."
},
{
"w": "RAM",
"v": true,
"row": 4,
"col": 8,
"def": "A male sheep."
},
{
"w": "RAT",
"v": false,
"row": 5,
"col": 0,
"def": "A medium-sized rodent belonging to the genus Rattus."
},
{
"w": "TAR",
"v": false,
"row": 2,
"col": 6,
"def": "A black, oily, sticky, viscous substance, consisting mainly of hydrocarbons derived from organic materials such as wood, peat, or coal."
},
{
"w": "CAM",
"v": false,
"row": 5,
"col": 4,
"def": "A turning or sliding piece which imparts motion to a rod, lever or block brought into sliding or rolling contact with it."
},
{
"w": "CART",
"v": true,
"row": 5,
"col": 4,
"def": "A small, open, wheeled vehicle, drawn or pushed by a person or animal, more often used for transporting goods than passengers."
},
{
"w": "MART",
"v": true,
"row": 0,
"col": 4,
"def": "A market."
},
{
"w": "CRAM",
"v": false,
"row": 4,
"col": 7,
"def": "The act of cramming."
},
{
"w": "TRAM",
"v": true,
"row": 5,
"col": 2,
"def": "A passenger vehicle for public use that runs on tracks in the road."
},
{
"w": "CARAT",
"v": true,
"row": 3,
"col": 0,
"def": "A unit of weight for precious stones and pearls, equivalent to 200 milligrams."
},
{
"w": "TARMAC",
"v": true,
"row": 1,
"col": 10,
"def": "The bituminous surface of a road."
}
]
}