{
"id": 1106,
"sub_category": "Arrive Pack",
"category": "Vista Group",
"type": 0,
"letters": "FGOORT",
"mov": 18,
"shovels": 1,
"coins": 5,
"rows": 15,
"cols": 15,
"c": 0,
"b": -1,
"w": 8,
"h": 7,
"dws": [
"ROT",
"TOO",
"TORO",
"OOR",
"FRO",
"OOF",
"ORF",
"FOR",
"GOR",
"TOR",
"GROT",
"GOO",
"OOT",
"ROTO",
"TROG",
"ROO",
"TOG",
"ORG",
"OFT",
"GOOR",
"FOG",
"FOO",
"ORT",
"GOT"
],
"ws": [
{
"w": "FOOT",
"v": false,
"row": 6,
"col": 0,
"def": "A biological structure found in many animals that is used for locomotion and that is frequently a separate organ at the terminal part of the leg."
},
{
"w": "FORT",
"v": false,
"row": 0,
"col": 1,
"def": "A fortified defensive structure stationed with troops."
},
{
"w": "FROG",
"v": true,
"row": 0,
"col": 6,
"def": "A small tailless amphibian of the order Anura that typically hops."
},
{
"w": "ROOF",
"v": true,
"row": 2,
"col": 4,
"def": "The cover at top of a building."
},
{
"w": "ROOT",
"v": false,
"row": 4,
"col": 2,
"def": "The part of a plant, generally underground, that absorbs water and nutrients."
},
{
"w": "GOOF",
"v": true,
"row": 3,
"col": 0,
"def": "A mistake or error."
},
{
"w": "FORGO",
"v": true,
"row": 2,
"col": 2,
"def": "To let pass, to leave alone."
},
{
"w": "FORGOT",
"v": false,
"row": 2,
"col": 2,
"def": "Simple past of forget."
}
]
}