{
"id": 111,
"sub_category": "Pass Pack",
"category": "Canyon Group",
"type": 0,
"letters": "GILTUY",
"mov": 18,
"shovels": 1,
"coins": 5,
"rows": 15,
"cols": 15,
"c": 0,
"b": -1,
"w": 8,
"h": 6,
"dws": [
"TIL",
"TUI",
"LITU",
"GUILT",
"TYG",
"LIG",
"GIT",
"GILT",
"YUG",
"TIG",
"GLIT",
"IGLU",
"GUL",
"GULY"
],
"ws": [
{
"w": "GUT",
"v": true,
"row": 3,
"col": 7,
"def": "The alimentary canal, especially the intestine."
},
{
"w": "GUY",
"v": false,
"row": 3,
"col": 0,
"def": "A guide; a leader or conductor."
},
{
"w": "LIT",
"v": true,
"row": 1,
"col": 5,
"def": "Little."
},
{
"w": "LUG",
"v": true,
"row": 1,
"col": 0,
"def": "A lug nut."
},
{
"w": "TUG",
"v": false,
"row": 3,
"col": 5,
"def": "To pull or drag with great effort."
},
{
"w": "UGLY",
"v": true,
"row": 0,
"col": 2,
"def": "Displeasing to the eye; not aesthetically pleasing."
},
{
"w": "GUILTY",
"v": false,
"row": 1,
"col": 2,
"def": "Responsible for a dishonest act."
},
{
"w": "GLUT",
"v": false,
"row": 5,
"col": 4,
"def": "An excess, too much."
}
]
}