{
"id": 1111,
"sub_category": "Arrive Pack",
"category": "Vista Group",
"type": 0,
"letters": "ACCILT",
"mov": 22,
"shovels": 1,
"coins": 5,
"rows": 15,
"cols": 15,
"c": 0,
"b": -1,
"w": 9,
"h": 7,
"dws": [
"ALIT",
"CITAL",
"CIT",
"LAC",
"AIT",
"TAI",
"ITA",
"ICTAL",
"TALI",
"LAIC",
"LATI",
"CAL",
"TICCA",
"CLAT",
"CLIT",
"TICAL"
],
"ws": [
{
"w": "ACT",
"v": true,
"row": 2,
"col": 5,
"def": "Something done, a deed."
},
{
"w": "CAT",
"v": false,
"row": 2,
"col": 4,
"def": "Any similar animal of the family Felidae, which includes lions, tigers, bobcats, etc."
},
{
"w": "LIT",
"v": true,
"row": 0,
"col": 6,
"def": "Little."
},
{
"w": "TIC",
"v": true,
"row": 0,
"col": 4,
"def": "A local and habitual convulsive motion of certain muscles."
},
{
"w": "TIL",
"v": false,
"row": 0,
"col": 4,
"def": "Until, till."
},
{
"w": "AIL",
"v": true,
"row": 4,
"col": 3,
"def": "Painful; troublesome."
},
{
"w": "ALT",
"v": true,
"row": 4,
"col": 0,
"def": "A state of excitement, conveyed by a high pitched voice."
},
{
"w": "LAT",
"v": true,
"row": 0,
"col": 1,
"def": "A Latvian coin and national monetary unit."
},
{
"w": "TAIL",
"v": false,
"row": 6,
"col": 0,
"def": "The caudal appendage of an animal that is attached to its posterior and near the anus."
},
{
"w": "TALC",
"v": false,
"row": 6,
"col": 5,
"def": "A soft mineral of a soapy feel and a greenish, whitish, or grayish color, usually occurring in foliated masses."
},
{
"w": "CACTI",
"v": false,
"row": 1,
"col": 0,
"def": "Plural form of cactus."
},
{
"w": "LACTIC",
"v": false,
"row": 4,
"col": 2,
"def": "Of, relating to, or derived from milk."
}
]
}