{
"id": 1115,
"sub_category": "Arrive Pack",
"category": "Vista Group",
"type": 0,
"letters": "ACCEHT",
"mov": 22,
"shovels": 1,
"coins": 5,
"rows": 15,
"cols": 15,
"c": 0,
"b": -1,
"w": 11,
"h": 10,
"dws": [
"HAET",
"ATE",
"TEA",
"ACT",
"CHA",
"CHE",
"TAE",
"TACHE",
"HAE",
"TACH",
"EAT",
"TEC",
"CATE",
"TACE",
"CAT",
"CHACE",
"HET",
"EATH",
"ACE",
"THE",
"CECA",
"ETH",
"ETA",
"THECA",
"ECHT",
"HAT",
"ACH",
"THAE",
"ECH"
],
"ws": [
{
"w": "CHAT",
"v": false,
"row": 5,
"col": 1,
"def": "To be engaged in informal conversation."
},
{
"w": "EACH",
"v": true,
"row": 3,
"col": 1,
"def": "All; every; qualifying a singular noun, indicating all examples of the thing so named seen as individual or separate items (compare every)."
},
{
"w": "HATE",
"v": false,
"row": 0,
"col": 0,
"def": "To dislike intensely; to feel strong hostility towards."
},
{
"w": "HEAT",
"v": true,
"row": 0,
"col": 0,
"def": "Thermal energy."
},
{
"w": "TECH",
"v": false,
"row": 3,
"col": 0,
"def": "Technology."
},
{
"w": "ACHE",
"v": true,
"row": 5,
"col": 3,
"def": "To suffer pain; to be the source of, or be in, pain, especially continued dull pain; to be distressed."
},
{
"w": "ETCH",
"v": true,
"row": 0,
"col": 3,
"def": "To cut into a surface with an acid or other corrosive substance in order to make a pattern. Best known as a technique for creating printing plates, but also used for decoration on metal, and, in modern industry, to make circuit boards."
},
{
"w": "CATCH",
"v": true,
"row": 5,
"col": 6,
"def": "The act of seizing or capturing."
},
{
"w": "CHEAT",
"v": false,
"row": 7,
"col": 2,
"def": "To violate rules in order to gain advantage from a situation."
},
{
"w": "TEACH",
"v": true,
"row": 2,
"col": 8,
"def": "To show (someone) the way; to guide, conduct."
},
{
"w": "CACHE",
"v": false,
"row": 5,
"col": 6,
"def": "A store of things that may be required in the future, which can be retrieved rapidly, protected or hidden in some way."
},
{
"w": "CACHET",
"v": false,
"row": 2,
"col": 3,
"def": "A special characteristic or quality."
}
]
}