{
"id": 112,
"sub_category": "Pass Pack",
"category": "Canyon Group",
"type": 0,
"letters": "EILPPR",
"mov": 22,
"shovels": 1,
"coins": 5,
"rows": 15,
"cols": 15,
"c": 0,
"b": -1,
"w": 10,
"h": 8,
"dws": [
"PLIER",
"RIPP",
"PIRL",
"RIP",
"LEI",
"REI",
"LERP",
"REPP",
"RIEL",
"PEL",
"LIRE",
"PILER",
"LEIR",
"LIPE",
"RILE",
"LIER",
"PLIE",
"PIPER",
"PIP",
"LIPPER",
"PERI",
"PIR",
"LEP",
"REP",
"PERP",
"PRE",
"IRE"
],
"ws": [
{
"w": "LIE",
"v": true,
"row": 2,
"col": 8,
"def": "To be in a horizontal position."
},
{
"w": "LIP",
"v": true,
"row": 4,
"col": 4,
"def": "Either of the two fleshy protrusions around the opening of the mouth."
},
{
"w": "PEP",
"v": true,
"row": 0,
"col": 4,
"def": "To inject with energy and enthusiasm."
},
{
"w": "PER",
"v": false,
"row": 4,
"col": 7,
"def": "For each."
},
{
"w": "PIE",
"v": false,
"row": 1,
"col": 2,
"def": "A type of pastry that consists of an outer crust and a filling."
},
{
"w": "PIER",
"v": true,
"row": 4,
"col": 7,
"def": "A raised platform built from the shore out over water, supported on piles; used to secure, or provide access to shipping; a jetty."
},
{
"w": "PILE",
"v": false,
"row": 0,
"col": 6,
"def": "A dart; an arrow."
},
{
"w": "PIPE",
"v": false,
"row": 6,
"col": 4,
"def": "A rigid tube that transports water, steam, or other fluid, as used in plumbing and numerous other applications."
},
{
"w": "PREP",
"v": true,
"row": 1,
"col": 2,
"def": "Preparation."
},
{
"w": "RIPE",
"v": true,
"row": 4,
"col": 0,
"def": "Ready for reaping or gathering; having attained perfection; mature; -- said of fruits, seeds, etc.; as, ripe grain."
},
{
"w": "PERIL",
"v": false,
"row": 2,
"col": 4,
"def": "A situation of serious and immediate danger."
},
{
"w": "RIPPLE",
"v": false,
"row": 4,
"col": 0,
"def": "A moving disturbance or undulation in the surface of a liquid."
}
]
}