{
"id": 1122,
"sub_category": "Mist Pack",
"category": "Cliff Group",
"type": 0,
"letters": "ABELTT",
"mov": 22,
"shovels": 1,
"coins": 5,
"rows": 15,
"cols": 15,
"c": 0,
"b": -1,
"w": 12,
"h": 10,
"dws": [
"ABLET",
"BATTEL",
"BLAE",
"TELA",
"BLAT",
"ATE",
"TEA",
"TAT",
"BEL",
"BLATE",
"TET",
"BEAL",
"TAE",
"LAB",
"ELT",
"BLEAT",
"EAT",
"BLET",
"TELT",
"ALE",
"TEL",
"BATE",
"ALT",
"LEA",
"ATT",
"LEAT",
"BATLET",
"TATE",
"BAT",
"LAT",
"ALB",
"TAB",
"BAEL",
"ETA",
"ALBE",
"BATT",
"BETTA",
"BAL",
"BET",
"LET",
"TEAT",
"ETAT",
"ABET",
"TAEL"
],
"ws": [
{
"w": "ABLE",
"v": false,
"row": 8,
"col": 0,
"def": "A word that is used in place of the letter \"A\" during communication."
},
{
"w": "BEAT",
"v": false,
"row": 4,
"col": 0,
"def": "A pulsation or throb."
},
{
"w": "BELT",
"v": true,
"row": 1,
"col": 3,
"def": "A band worn around the waist to hold clothing to one's body (usually pants), hold weapons (such as a gun or sword), or serve as a decorative piece of clothing."
},
{
"w": "BETA",
"v": true,
"row": 3,
"col": 1,
"def": "Identifying a molecular position in an organic chemical compound."
},
{
"w": "LATE",
"v": false,
"row": 3,
"col": 3,
"def": "Near the end of a period of time."
},
{
"w": "TALE",
"v": true,
"row": 0,
"col": 6,
"def": "Number."
},
{
"w": "BALE",
"v": true,
"row": 6,
"col": 2,
"def": "Evil, especially considered as an active force for destruction or death."
},
{
"w": "TEAL",
"v": true,
"row": 6,
"col": 0,
"def": "Any of various small freshwater ducks of the genus Anas that are brightly coloured and have short necks."
},
{
"w": "TABLE",
"v": false,
"row": 6,
"col": 0,
"def": "An item of furniture with a flat top surface raised above the ground, usually on one or more legs."
},
{
"w": "LATTE",
"v": false,
"row": 2,
"col": 6,
"def": "A drink of coffee made from espresso and steamed milk, generally topped with foam."
},
{
"w": "BATTLE",
"v": true,
"row": 0,
"col": 8,
"def": "(agriculture) Improving; nutritious; fattening."
},
{
"w": "TABLET",
"v": false,
"row": 0,
"col": 6,
"def": "A slab of rock used for inscription."
}
]
}