{
"id": 1133,
"sub_category": "Mist Pack",
"category": "Cliff Group",
"type": 0,
"letters": "AEILLS",
"mov": 24,
"shovels": 1,
"coins": 5,
"rows": 15,
"cols": 15,
"c": 0,
"b": -1,
"w": 12,
"h": 9,
"dws": [
"ELLS",
"SAL",
"SEI",
"LES",
"ILEA",
"LEI",
"LIASE",
"SAI",
"ILLS",
"LEIS",
"SLAE",
"LIS",
"SILE",
"AIS",
"ALLIS",
"ALLS",
"SEL",
"ELL",
"LIAS",
"LEA",
"SALL",
"LASE",
"LIES",
"LAS",
"SAE",
"ELS",
"AILS",
"LEAS",
"ALS",
"LEAL",
"ILEAL",
"LISLE",
"SALLE",
"ALES",
"EAS",
"SEIL",
"SIAL"
],
"ws": [
{
"w": "ALE",
"v": true,
"row": 3,
"col": 9,
"def": "An intoxicating liquor made from an infusion of malt by fermentation and the addition of a bitter, usually hops."
},
{
"w": "ALL",
"v": false,
"row": 6,
"col": 5,
"def": "Intensifier."
},
{
"w": "ILL",
"v": true,
"row": 1,
"col": 10,
"def": "Extremely bad (bad enough to make one ill). Generally used indirectly with to be."
},
{
"w": "LIE",
"v": false,
"row": 5,
"col": 7,
"def": "To be in a horizontal position."
},
{
"w": "SEA",
"v": true,
"row": 4,
"col": 5,
"def": "A large body of salty water. (Major seas are known as oceans.)."
},
{
"w": "AIL",
"v": true,
"row": 4,
"col": 3,
"def": "Painful; troublesome."
},
{
"w": "SAIL",
"v": false,
"row": 1,
"col": 8,
"def": "A piece of fabric attached to a boat and arranged such that it causes the wind to drive the boat along. The sail may be attached to the boat via a combination of mast, spars and ropes."
},
{
"w": "SALE",
"v": false,
"row": 1,
"col": 3,
"def": "An exchange of goods or services for currency or credit."
},
{
"w": "SEAL",
"v": false,
"row": 3,
"col": 7,
"def": "A pinniped, particularly an earless seal (true seal) or eared seal."
},
{
"w": "SELL",
"v": true,
"row": 3,
"col": 7,
"def": "To agree to transfer goods or provide services in exchange for money."
},
{
"w": "ISLE",
"v": true,
"row": 0,
"col": 8,
"def": "An island."
},
{
"w": "SILL",
"v": false,
"row": 6,
"col": 0,
"def": "A horizontal slat which forms the base of a window."
},
{
"w": "AISLE",
"v": false,
"row": 4,
"col": 3,
"def": "A wing of a building, notably in a church separated from the nave proper by piers."
},
{
"w": "ALLIES",
"v": true,
"row": 3,
"col": 1,
"def": "Plural form of ally."
}
]
}