{
"id": 114,
"sub_category": "Arch Pack",
"category": "Canyon Group",
"type": 0,
"letters": "ALLOSW",
"mov": 22,
"shovels": 1,
"coins": 5,
"rows": 15,
"cols": 15,
"c": 0,
"b": -1,
"w": 10,
"h": 8,
"dws": [
"SALOL",
"SAL",
"AWOLS",
"SLAW",
"AWLS",
"LOW",
"SOWL",
"OLLA",
"SOLA",
"SALLOW",
"ALLS",
"ALOW",
"LAWS",
"SALL",
"AWOL",
"LOS",
"LAS",
"WALLS",
"LOL",
"ALS",
"SOW",
"WOS",
"AWL",
"SOL",
"OLLAS"
],
"ws": [
{
"w": "ALL",
"v": true,
"row": 2,
"col": 8,
"def": "Intensifier."
},
{
"w": "OWL",
"v": true,
"row": 4,
"col": 6,
"def": "Any of various birds of prey of the order Strigiformes that are primarily nocturnal and have forward-looking, binocular vision, limited eye movement, and good hearing."
},
{
"w": "SAW",
"v": false,
"row": 2,
"col": 7,
"def": "A tool with a toothed blade used for cutting hard substances, in particular wood or metal."
},
{
"w": "WAS",
"v": true,
"row": 0,
"col": 7,
"def": "First-person singular simple past tense indicative of be."
},
{
"w": "ALSO",
"v": false,
"row": 3,
"col": 0,
"def": "To the same degree or extent; so, as."
},
{
"w": "LOWS",
"v": false,
"row": 7,
"col": 1,
"def": "Plural form of low."
},
{
"w": "OWLS",
"v": false,
"row": 4,
"col": 6,
"def": "Plural form of owl."
},
{
"w": "SLOW",
"v": false,
"row": 5,
"col": 3,
"def": "Taking a long time to move or go a short distance, or to perform an action; not quick in motion; proceeding at a low speed."
},
{
"w": "WALL",
"v": true,
"row": 2,
"col": 0,
"def": "To boil."
},
{
"w": "ALLOW",
"v": false,
"row": 0,
"col": 3,
"def": "To grant, give, admit, accord, afford, or yield; to let one have."
},
{
"w": "ALLOWS",
"v": true,
"row": 0,
"col": 3,
"def": "Third-person singular simple present indicative form of allow."
},
{
"w": "LAW",
"v": true,
"row": 0,
"col": 5,
"def": "The body of rules and standards issued by a government, or to be applied by courts and similar authorities."
}
]
}