{
"id": 1143,
"sub_category": "Bright Pack",
"category": "Cliff Group",
"type": 0,
"letters": "OOPRTU",
"mov": 18,
"shovels": 1,
"coins": 5,
"rows": 15,
"cols": 15,
"c": 0,
"b": -1,
"w": 8,
"h": 7,
"dws": [
"PROO",
"ROT",
"TOO",
"PORT",
"POT",
"OOP",
"TOP",
"TORO",
"OOR",
"ROUP",
"OUR",
"POOT",
"PRO",
"TOR",
"RUT",
"PUT",
"UPO",
"OOT",
"PROTO",
"TROP",
"URP",
"ROTO",
"TOPO",
"ROO",
"ROOP",
"OPT",
"TUP",
"OUT",
"TROU",
"OUTRO",
"ORT",
"POO",
"PUR"
],
"ws": [
{
"w": "POOR",
"v": false,
"row": 2,
"col": 0,
"def": "With little or no possessions or money."
},
{
"w": "POUR",
"v": false,
"row": 6,
"col": 2,
"def": "To cause to flow in a stream, as a liquid or anything flowing like a liquid, either out of a vessel or into it."
},
{
"w": "ROOT",
"v": true,
"row": 0,
"col": 2,
"def": "The part of a plant, generally underground, that absorbs water and nutrients."
},
{
"w": "TOUR",
"v": false,
"row": 3,
"col": 4,
"def": "A journey through a particular building, estate, country, etc."
},
{
"w": "ROUT",
"v": true,
"row": 3,
"col": 7,
"def": "To make a noise; roar; bellow; snort."
},
{
"w": "POUT",
"v": true,
"row": 2,
"col": 0,
"def": "One's facial expression when pouting."
},
{
"w": "TROOP",
"v": true,
"row": 0,
"col": 5,
"def": "A collection of people; a company; a number; a multitude."
},
{
"w": "UPROOT",
"v": false,
"row": 0,
"col": 0,
"def": "To root up; to tear up by the roots, or as if by the roots; to extirpate."
}
]
}