{
"id": 1144,
"sub_category": "Bright Pack",
"category": "Cliff Group",
"type": 0,
"letters": "AELNRV",
"mov": 28,
"shovels": 1,
"coins": 5,
"rows": 15,
"cols": 15,
"c": 0,
"b": -1,
"w": 12,
"h": 12,
"dws": [
"ARE",
"VAN",
"AVER",
"VERA",
"NAE",
"ERA",
"LARE",
"ERN",
"NAV",
"NEAL",
"VERLAN",
"LARN",
"LAV",
"ANE",
"AVEL",
"RAV",
"ELVAN",
"AVE",
"VELAR",
"LEV",
"EAN",
"ALE",
"RALE",
"RAN",
"LEA",
"VELA",
"REV",
"LAER",
"RNA",
"EAR",
"ELAN",
"REN",
"LEAR",
"ARLE",
"REAN",
"LEVA",
"VARE",
"LAR",
"VAR",
"NARE",
"VAE",
"LAVE",
"VENA",
"LAVER",
"NERAL"
],
"ws": [
{
"w": "EARL",
"v": false,
"row": 8,
"col": 7,
"def": "A British nobleman next in rank above a viscount and below a marquess; equivalent to a European count. A female using the style is termed a countess."
},
{
"w": "EARN",
"v": true,
"row": 8,
"col": 7,
"def": "To gain (success, reward, recognition) through applied effort or work."
},
{
"w": "LANE",
"v": true,
"row": 8,
"col": 5,
"def": "A narrow passageway between fences, walls, hedges or trees."
},
{
"w": "LEAN",
"v": false,
"row": 11,
"col": 4,
"def": "To hang outwards."
},
{
"w": "NEAR",
"v": true,
"row": 5,
"col": 9,
"def": "Physically close."
},
{
"w": "REAL",
"v": false,
"row": 6,
"col": 8,
"def": "A commodity; see reality."
},
{
"w": "VEAL",
"v": false,
"row": 8,
"col": 2,
"def": "The flesh of a calf used for food."
},
{
"w": "VANE",
"v": false,
"row": 3,
"col": 8,
"def": "A weather vane."
},
{
"w": "NAVE",
"v": true,
"row": 1,
"col": 8,
"def": "The middle or body of a church, extending from the transepts to the principal entrances."
},
{
"w": "RAVE",
"v": false,
"row": 4,
"col": 5,
"def": "An enthusiastic review (such as of a play)."
},
{
"w": "VALE",
"v": true,
"row": 8,
"col": 2,
"def": "Valley."
},
{
"w": "LEARN",
"v": true,
"row": 2,
"col": 6,
"def": "To acquire, or attempt to acquire knowledge or an ability to do something."
},
{
"w": "NAVEL",
"v": false,
"row": 0,
"col": 2,
"def": "The indentation or bump remaining in the abdomen of mammals where the umbilical cord was attached before birth."
},
{
"w": "RENAL",
"v": true,
"row": 2,
"col": 11,
"def": "Pertaining to the kidneys."
},
{
"w": "RAVEN",
"v": true,
"row": 2,
"col": 2,
"def": "A common name for several, generally large and lustrous black species of birds in the genus Corvus, especially the common raven, Corvus corax."
},
{
"w": "RAVEL",
"v": false,
"row": 2,
"col": 2,
"def": "A snarl, complication."
},
{
"w": "VENAL",
"v": false,
"row": 6,
"col": 0,
"def": "Venous; pertaining to veins."
},
{
"w": "VERNAL",
"v": true,
"row": 6,
"col": 0,
"def": "Young; fresh."
}
]
}