{
"id": 1145,
"sub_category": "Bright Pack",
"category": "Cliff Group",
"type": 0,
"letters": "AFORUV",
"mov": 22,
"shovels": 1,
"coins": 5,
"rows": 15,
"cols": 15,
"c": 0,
"b": -1,
"w": 9,
"h": 9,
"dws": [
"URVA",
"AVO",
"FRA",
"AUF",
"UFO",
"ORF",
"RAV",
"VOAR",
"FARO",
"OAF",
"ORA",
"FAUR",
"ARF",
"URAO",
"ARVO",
"FRAU",
"VAR",
"FOU",
"VOR",
"VAU",
"UVA"
],
"ws": [
{
"w": "FAR",
"v": false,
"row": 1,
"col": 2,
"def": "Remote in space."
},
{
"w": "FOR",
"v": true,
"row": 0,
"col": 6,
"def": "Because."
},
{
"w": "FUR",
"v": true,
"row": 1,
"col": 2,
"def": "Hairy coat of various mammal species, especially: when fine, soft and thick."
},
{
"w": "OAR",
"v": false,
"row": 2,
"col": 4,
"def": "An implement used to propel a boat or a ship in the water, having a flat blade at one end, being rowed from the other end and being normally fastened to the vessel."
},
{
"w": "OUR",
"v": true,
"row": 4,
"col": 6,
"def": "Belonging to us."
},
{
"w": "FRO",
"v": true,
"row": 0,
"col": 4,
"def": "From; away; back or backward. In modern English used only in the set phrase to and fro (\"back and forth\")."
},
{
"w": "OVA",
"v": false,
"row": 1,
"col": 6,
"def": "Plural form of ovum."
},
{
"w": "FOUR",
"v": false,
"row": 4,
"col": 5,
"def": "A numerical value equal to 4; the number after three and before five; two plus two."
},
{
"w": "AFRO",
"v": true,
"row": 5,
"col": 3,
"def": "A hairstyle characterized by a tightly curled locks and a rounded shape."
},
{
"w": "FORA",
"v": false,
"row": 3,
"col": 0,
"def": "Plural form of forum."
},
{
"w": "FAVOR",
"v": true,
"row": 0,
"col": 8,
"def": "A deed; an instance of voluntarily assisting (someone)."
},
{
"w": "FAVOUR",
"v": true,
"row": 3,
"col": 0,
"def": "Alternative spelling of favor."
}
]
}