{
"id": 1149,
"sub_category": "Bright Pack",
"category": "Cliff Group",
"type": 0,
"letters": "CEINOV",
"mov": 22,
"shovels": 1,
"coins": 5,
"rows": 15,
"cols": 15,
"c": 0,
"b": -1,
"w": 10,
"h": 9,
"dws": [
"ONE",
"EVO",
"CION",
"EON",
"ECO",
"EONIC",
"CON",
"COVIN",
"ION",
"ICON",
"CONI",
"VOE",
"COIN",
"COVINE",
"ENVOI",
"OVINE",
"ONIE",
"VIN",
"CIVE",
"NIE",
"CINE",
"ICE",
"VIE",
"NEVI"
],
"ws": [
{
"w": "CONE",
"v": false,
"row": 7,
"col": 3,
"def": "A surface of revolution formed by rotating a segment of a line around another line that intersects the first line."
},
{
"w": "COVE",
"v": true,
"row": 4,
"col": 6,
"def": "A fellow; a man."
},
{
"w": "NICE",
"v": true,
"row": 5,
"col": 3,
"def": "Nicely."
},
{
"w": "ONCE",
"v": false,
"row": 4,
"col": 4,
"def": "One and only one time."
},
{
"w": "OVEN",
"v": false,
"row": 2,
"col": 0,
"def": "A chamber used for baking or heating."
},
{
"w": "VEIN",
"v": false,
"row": 5,
"col": 0,
"def": "A blood vessel that transports blood from the capillaries back to the heart."
},
{
"w": "VICE",
"v": true,
"row": 1,
"col": 7,
"def": "A bad habit."
},
{
"w": "VINE",
"v": true,
"row": 2,
"col": 1,
"def": "The climbing plant that produces grapes."
},
{
"w": "VINO",
"v": true,
"row": 0,
"col": 3,
"def": "The Italian or Spanish word for wine used in combination in various terms adopted from these languages (see Derived terms below)."
},
{
"w": "VOICE",
"v": false,
"row": 2,
"col": 5,
"def": "Sound uttered by the mouth, especially that uttered by human beings in speech or song; steven; sound thus uttered considered as possessing some special quality or character; as, the human voice; a pleasant voice; a low voice."
},
{
"w": "COVEN",
"v": true,
"row": 0,
"col": 5,
"def": "A clique that shares common interests or activities."
},
{
"w": "NOVICE",
"v": false,
"row": 0,
"col": 1,
"def": "A new member of a religious order accepted on a conditional basis, prior to confirmation."
}
]
}