{
"id": 1155,
"sub_category": "Dawn Pack",
"category": "Cliff Group",
"type": 0,
"letters": "CKLOPU",
"mov": 16,
"shovels": 1,
"coins": 5,
"rows": 15,
"cols": 15,
"c": 0,
"b": -1,
"w": 8,
"h": 6,
"dws": [
"KOP",
"PUL",
"UPLOCK",
"OUK",
"OULK",
"PLU",
"POUK",
"LOU",
"PULK",
"CLOU",
"COL",
"LOUP",
"UPO",
"CUP",
"POLK",
"POL",
"POCK",
"LOP",
"COP",
"CLOP"
],
"ws": [
{
"w": "LOCK",
"v": true,
"row": 0,
"col": 4,
"def": "Something used for fastening, which can only be opened with a key or combination."
},
{
"w": "LUCK",
"v": true,
"row": 2,
"col": 2,
"def": "Something that happens to someone by chance, a chance occurrence."
},
{
"w": "COUP",
"v": true,
"row": 0,
"col": 6,
"def": "A quick, brilliant, and highly successful act; a triumph."
},
{
"w": "PUCK",
"v": false,
"row": 4,
"col": 0,
"def": "A hard hard rubber disc; any other flat disc meant to be hit across a flat surface in a game."
},
{
"w": "PLUCK",
"v": false,
"row": 0,
"col": 3,
"def": "To pull something sharply; to pull something out."
},
{
"w": "LOCKUP",
"v": false,
"row": 2,
"col": 2,
"def": "A jail, prison."
}
]
}