{
"id": 1157,
"sub_category": "Dawn Pack",
"category": "Cliff Group",
"type": 0,
"letters": "EHOOSV",
"mov": 18,
"shovels": 1,
"coins": 5,
"rows": 15,
"cols": 15,
"c": 0,
"b": -1,
"w": 8,
"h": 6,
"dws": [
"VOES",
"EVO",
"HOVES",
"EVOS",
"HES",
"OOS",
"OSE",
"SOH",
"VOE",
"EHS",
"OHS",
"OES",
"HOS",
"SOHO",
"OHOS",
"SOV",
"OHO",
"HOES",
"OOSE",
"HOOVE",
"SEV",
"OOHS",
"HOVE",
"HOO",
"SHO"
],
"ws": [
{
"w": "SHE",
"v": true,
"row": 3,
"col": 4,
"def": "A female person or animal."
},
{
"w": "OOH",
"v": false,
"row": 2,
"col": 5,
"def": "An expression of surprise."
},
{
"w": "HOE",
"v": true,
"row": 1,
"col": 5,
"def": "An agricultural tool consisting of a long handle with a flat blade fixed perpendicular to it at the end, used for digging rows."
},
{
"w": "HOSE",
"v": false,
"row": 3,
"col": 2,
"def": "A flexible tube conveying water or other fluid, pl. hoses."
},
{
"w": "SHOE",
"v": false,
"row": 0,
"col": 0,
"def": "A protective covering for the foot, with a bottom part composed of thick leather or plastic sole and often a thicker heel, and a softer upper part made of leather or synthetic material. Shoes generally do not extend above the ankle, as opposed to boots, which do."
},
{
"w": "SHOO",
"v": true,
"row": 2,
"col": 2,
"def": "To induce someone or something to leave."
},
{
"w": "SHOVE",
"v": true,
"row": 1,
"col": 7,
"def": "To push, especially roughly or with force."
},
{
"w": "HOOVES",
"v": false,
"row": 5,
"col": 0,
"def": "Plural form of hoof."
}
]
}