{
"id": 1163,
"sub_category": "Dawn Pack",
"category": "Cliff Group",
"type": 0,
"letters": "AACELP",
"mov": 28,
"shovels": 1,
"coins": 5,
"rows": 15,
"cols": 15,
"c": 0,
"b": -1,
"w": 11,
"h": 11,
"dws": [
"CALPA",
"ALEC",
"ALP",
"CAPA",
"PAAL",
"CAA",
"CALP",
"PACA",
"PEL",
"CEL",
"PALEA",
"CAL",
"PEC",
"LEA",
"PELA",
"AAL",
"PAC",
"ALA",
"ALAP",
"CAPLE",
"LAC",
"ALAE",
"LEP",
"CEP"
],
"ws": [
{
"w": "ACE",
"v": false,
"row": 8,
"col": 5,
"def": "A single point or spot on a playing card or die."
},
{
"w": "ALE",
"v": true,
"row": 4,
"col": 9,
"def": "An intoxicating liquor made from an infusion of malt by fermentation and the addition of a bitter, usually hops."
},
{
"w": "APE",
"v": false,
"row": 6,
"col": 7,
"def": "A primate of the clade Hominoidea, generally larger than monkeys and distinguished from them by having no tail."
},
{
"w": "CAP",
"v": false,
"row": 4,
"col": 8,
"def": "A close-fitting head covering either without a brim or with a peak."
},
{
"w": "LAP",
"v": true,
"row": 2,
"col": 10,
"def": "The loose part of a coat; the lower part of a garment that plays loosely; a skirt; an apron."
},
{
"w": "PAL",
"v": false,
"row": 2,
"col": 8,
"def": "A friend, buddy, mate, cobber, someone to hang around with."
},
{
"w": "PEA",
"v": true,
"row": 0,
"col": 9,
"def": "A plant, member of the legume (Fabaceae) family."
},
{
"w": "CAPE",
"v": true,
"row": 5,
"col": 7,
"def": "A piece or point of land, extending beyond the adjacent coast into a sea or lake; a promontory; a headland."
},
{
"w": "LACE",
"v": true,
"row": 0,
"col": 6,
"def": "A light fabric containing patterns of holes, usually built up from a single thread."
},
{
"w": "LEAP",
"v": false,
"row": 0,
"col": 6,
"def": "To jump from one location to another."
},
{
"w": "PACE",
"v": false,
"row": 3,
"col": 3,
"def": "Passage, route."
},
{
"w": "PALE",
"v": true,
"row": 3,
"col": 3,
"def": "Light in color."
},
{
"w": "PLEA",
"v": true,
"row": 5,
"col": 5,
"def": "An appeal, petition, urgent prayer or entreaty."
},
{
"w": "CLAP",
"v": false,
"row": 8,
"col": 0,
"def": "The act of striking the palms of the hands, or any two surfaces, together."
},
{
"w": "PEAL",
"v": false,
"row": 6,
"col": 2,
"def": "A loud sound, or a succession of loud sounds, as of bells, thunder, cannon, shouts, laughter, of a multitude, etc."
},
{
"w": "PLACE",
"v": true,
"row": 6,
"col": 2,
"def": "A location or position."
},
{
"w": "APACE",
"v": false,
"row": 1,
"col": 0,
"def": "Quickly, rapidly, with speed."
},
{
"w": "PALACE",
"v": true,
"row": 4,
"col": 0,
"def": "Official residence of a head of state or other dignitary, especially in a monarchical or imperial governmental system."
}
]
}