{
"id": 1166,
"sub_category": "Dawn Pack",
"category": "Cliff Group",
"type": 0,
"letters": "CEHIRT",
"mov": 24,
"shovels": 1,
"coins": 5,
"rows": 15,
"cols": 15,
"c": 0,
"b": -1,
"w": 12,
"h": 10,
"dws": [
"REC",
"RET",
"RIT",
"RECTI",
"ITHER",
"TIC",
"CRIT",
"ICH",
"REI",
"CRITH",
"TRICE",
"HIC",
"CHERT",
"CHE",
"CHIT",
"TEC",
"RETCH",
"THIR",
"CHER",
"CIRE",
"CHIRT",
"CIT",
"HIE",
"ETIC",
"TEHR",
"HET",
"TICE",
"TIE",
"THE",
"RICHE",
"TRIE",
"CHI",
"ICE",
"ICER",
"ERIC",
"ETH",
"CITHER",
"ECHT",
"REH",
"RECIT",
"CERT",
"HIT",
"HER",
"CITER",
"ECH",
"THEIC",
"TICH",
"IRE"
],
"ws": [
{
"w": "CITE",
"v": true,
"row": 6,
"col": 4,
"def": "To quote; to repeat, as a passage from a book, or the words of another."
},
{
"w": "HIRE",
"v": true,
"row": 2,
"col": 11,
"def": "Payment for the temporary use of something."
},
{
"w": "ITCH",
"v": true,
"row": 1,
"col": 8,
"def": "A sensation felt on an area of the skin that causes a person or animal to want to scratch."
},
{
"w": "RICE",
"v": false,
"row": 6,
"col": 7,
"def": "Cereal plants (Oryza sativa) of the grass family whose seeds are used as food."
},
{
"w": "RICH",
"v": true,
"row": 6,
"col": 7,
"def": "Wealthy: having a lot of money and possessions."
},
{
"w": "TECH",
"v": false,
"row": 2,
"col": 8,
"def": "Technology."
},
{
"w": "TIRE",
"v": true,
"row": 3,
"col": 5,
"def": "To become sleepy or weary."
},
{
"w": "ETCH",
"v": true,
"row": 4,
"col": 9,
"def": "To cut into a surface with an acid or other corrosive substance in order to make a pattern. Best known as a technique for creating printing plates, but also used for decoration on metal, and, in modern industry, to make circuit boards."
},
{
"w": "HEIR",
"v": false,
"row": 4,
"col": 8,
"def": "Someone who inherits, or is designated to inherit, the property of another."
},
{
"w": "RITE",
"v": false,
"row": 3,
"col": 3,
"def": "A religious custom."
},
{
"w": "TIER",
"v": true,
"row": 0,
"col": 3,
"def": "One who ties (knots, etc)."
},
{
"w": "ETHIC",
"v": false,
"row": 8,
"col": 3,
"def": "Moral, relating to morals."
},
{
"w": "THEIR",
"v": false,
"row": 1,
"col": 0,
"def": "Belonging to, from, of, or relating to, them."
},
{
"w": "THRICE",
"v": false,
"row": 6,
"col": 0,
"def": "Three times."
}
]
}