{
"id": 1167,
"sub_category": "Dawn Pack",
"category": "Cliff Group",
"type": 0,
"letters": "DILLWY",
"mov": 18,
"shovels": 1,
"coins": 5,
"rows": 15,
"cols": 15,
"c": 0,
"b": -1,
"w": 9,
"h": 8,
"dws": [
"IDYL",
"LID",
"YILL",
"ILL",
"YID",
"DILLY",
"WILLY",
"ILLY"
],
"ws": [
{
"w": "DILL",
"v": false,
"row": 4,
"col": 5,
"def": "Anethum graveolens (the sole species of the genus Anethum), is a herb, the seeds of which are moderately warming, pungent, and aromatic, and were formerly used as a soothing medicine for children; also known as dillseed."
},
{
"w": "WILD",
"v": false,
"row": 1,
"col": 5,
"def": "Untamed; not domesticated."
},
{
"w": "WILL",
"v": false,
"row": 3,
"col": 2,
"def": "To bequeath (something) to someone in one's will (legal document)."
},
{
"w": "IDLY",
"v": true,
"row": 3,
"col": 3,
"def": "In an idle manner."
},
{
"w": "LILY",
"v": true,
"row": 4,
"col": 7,
"def": "Any of several flowers in the genus Lilium of the family Liliaceae, which includes a great many ornamental species."
},
{
"w": "WILY",
"v": false,
"row": 6,
"col": 0,
"def": "Sly, cunning, full of tricks."
},
{
"w": "IDYLL",
"v": true,
"row": 0,
"col": 8,
"def": "Any poem or short written piece composed in the style of Theocritus's short pastoral poems, the Idylls."
},
{
"w": "WILDLY",
"v": true,
"row": 1,
"col": 5,
"def": "In a wild, uncontrolled manner."
}
]
}