{
"id": 1169,
"sub_category": "Brood Pack",
"category": "Cliff Group",
"type": 0,
"letters": "CLRTUY",
"mov": 20,
"shovels": 1,
"coins": 5,
"rows": 15,
"cols": 15,
"c": 0,
"b": -1,
"w": 8,
"h": 8,
"dws": [
"CLY",
"CRU",
"LUR",
"YURT",
"RUC",
"CURLY",
"CULTY",
"RULY",
"RYU"
],
"ws": [
{
"w": "CRY",
"v": false,
"row": 5,
"col": 5,
"def": "To shed tears; to weep."
},
{
"w": "CUT",
"v": true,
"row": 2,
"col": 0,
"def": "Having been cut."
},
{
"w": "RUT",
"v": false,
"row": 1,
"col": 5,
"def": "Sexual desire or oestrus of cattle, and various other mammals."
},
{
"w": "TRY",
"v": true,
"row": 0,
"col": 5,
"def": "To attempt. Followed by infinitive."
},
{
"w": "CUR",
"v": true,
"row": 5,
"col": 5,
"def": "A mongrel or inferior dog."
},
{
"w": "CULT",
"v": false,
"row": 0,
"col": 2,
"def": "A group of people with a religious, philosophical or cultural identity sometimes viewed as a sect, often existing on the margins of society or exploitative towards its members."
},
{
"w": "CURL",
"v": false,
"row": 7,
"col": 3,
"def": "A piece or lock of curling hair; a ringlet."
},
{
"w": "CURT",
"v": true,
"row": 0,
"col": 2,
"def": "Brief or terse, especially to the point of being rude."
},
{
"w": "TRULY",
"v": true,
"row": 1,
"col": 7,
"def": "In accordance with the facts; truthfully, accurately."
},
{
"w": "CURTLY",
"v": false,
"row": 2,
"col": 0,
"def": "In a curt manner; tersely, almost rudely."
}
]
}