{
"id": 117,
"sub_category": "Arch Pack",
"category": "Canyon Group",
"type": 0,
"letters": "DDEIOV",
"mov": 18,
"shovels": 1,
"coins": 5,
"rows": 15,
"cols": 15,
"c": 0,
"b": -1,
"w": 8,
"h": 8,
"dws": [
"DIE",
"EVO",
"ODD",
"DIVO",
"DOD",
"DEV",
"VIDE",
"DIVED",
"DEVI",
"VOE",
"DIED",
"EDDO",
"DOE",
"DEI",
"IDE",
"DID",
"VID",
"VIED",
"DIV",
"DEID",
"DIDO",
"ODE"
],
"ws": [
{
"w": "VIE",
"v": false,
"row": 6,
"col": 0,
"def": "To rival; to struggle for superiority; to contend; to compete eagerly so as to gain something."
},
{
"w": "DIVE",
"v": true,
"row": 0,
"col": 0,
"def": "To swim under water."
},
{
"w": "DOVE",
"v": false,
"row": 0,
"col": 0,
"def": "A pigeon, especially one smaller in size; a bird (often arbitrarily called either a pigeon or a dove or both) of more than 300 species of the family Columbidae."
},
{
"w": "VOID",
"v": true,
"row": 4,
"col": 1,
"def": "Having lost all legal validity."
},
{
"w": "VIDEO",
"v": true,
"row": 0,
"col": 2,
"def": "Television, television show, movie."
},
{
"w": "DIODE",
"v": true,
"row": 0,
"col": 5,
"def": "An electronic device that allows current to flow in one direction only; a valve."
},
{
"w": "VOIDED",
"v": false,
"row": 4,
"col": 1,
"def": "Simple past tense and past participle of void."
},
{
"w": "DEVOID",
"v": false,
"row": 2,
"col": 2,
"def": "Empty; having none of; completely without."
}
]
}