{
"id": 1173,
"sub_category": "Brood Pack",
"category": "Cliff Group",
"type": 0,
"letters": "ACELOV",
"mov": 24,
"shovels": 1,
"coins": 5,
"rows": 15,
"cols": 15,
"c": 0,
"b": -1,
"w": 12,
"h": 10,
"dws": [
"LOAVE",
"VOL",
"CLAVE",
"EVO",
"ALEC",
"ECO",
"OCA",
"LAEVO",
"LEVO",
"LAV",
"AVEL",
"OLE",
"AVE",
"VOE",
"CEL",
"CAVEL",
"LEV",
"CAL",
"ALE",
"OLEA",
"COL",
"CALVE",
"LEA",
"COLE",
"VELA",
"ALCO",
"COEVAL",
"OVEL",
"VOLA",
"ACE",
"LEVA",
"LAC",
"LOCA",
"OVA",
"VAE",
"LAVE",
"VAC",
"CALO",
"AVO"
],
"ws": [
{
"w": "CAVE",
"v": true,
"row": 1,
"col": 4,
"def": "A large, naturally-occurring cavity formed underground, or in the face of a cliff or a hillside."
},
{
"w": "COAL",
"v": true,
"row": 3,
"col": 2,
"def": "A black rock formed from prehistoric plant remains, composed largely of carbon and burned as a fuel."
},
{
"w": "COLA",
"v": false,
"row": 6,
"col": 0,
"def": "The kola plant, genus Cola, famous for its nut, or one of these nuts."
},
{
"w": "COVE",
"v": false,
"row": 4,
"col": 1,
"def": "A fellow; a man."
},
{
"w": "LACE",
"v": false,
"row": 7,
"col": 3,
"def": "A light fabric containing patterns of holes, usually built up from a single thread."
},
{
"w": "LOVE",
"v": true,
"row": 0,
"col": 8,
"def": "An intense feeling of affection and care towards another person."
},
{
"w": "OVAL",
"v": false,
"row": 0,
"col": 5,
"def": "A shape rather like an egg or an ellipse."
},
{
"w": "VEAL",
"v": true,
"row": 6,
"col": 6,
"def": "The flesh of a calf used for food."
},
{
"w": "VALE",
"v": false,
"row": 6,
"col": 6,
"def": "Valley."
},
{
"w": "ALOE",
"v": true,
"row": 6,
"col": 3,
"def": "The resins of the trees Aquilaria agallocha and Aquilaria malaccensis, known for their fragrant odour."
},
{
"w": "VOLE",
"v": false,
"row": 8,
"col": 8,
"def": "Any of a large number of species of small rodents of the family Cricetidae."
},
{
"w": "VOCAL",
"v": true,
"row": 0,
"col": 6,
"def": "Of or pertaining to the voice or speech; having voice; endowed with utterance; full of voice, or voices."
},
{
"w": "CLOVE",
"v": true,
"row": 5,
"col": 8,
"def": "A very pungent aromatic spice, the unexpanded flower bud of the clove tree."
},
{
"w": "ALCOVE",
"v": false,
"row": 2,
"col": 4,
"def": "A small recessed area set off from a larger room."
}
]
}