{
"id": 1181,
"sub_category": "Brood Pack",
"category": "Cliff Group",
"type": 0,
"letters": "IMOPRV",
"mov": 20,
"shovels": 1,
"coins": 5,
"rows": 15,
"cols": 15,
"c": 0,
"b": -1,
"w": 8,
"h": 8,
"dws": [
"IMPRO",
"POI",
"MIRO",
"ROM",
"PIR",
"MIRV",
"MOR",
"MIR",
"RIVO",
"POM",
"VOR",
"MOI",
"VIM"
],
"ws": [
{
"w": "MOP",
"v": true,
"row": 2,
"col": 5,
"def": "An implement for washing floors, or the like, made of a piece of cloth, or a collection of thrums, or coarse yarn, fastened to a handle."
},
{
"w": "PRO",
"v": true,
"row": 0,
"col": 4,
"def": "An advantage of something, especially when contrasted with its disadvantages (cons)."
},
{
"w": "RIM",
"v": false,
"row": 1,
"col": 0,
"def": "An edge around something, especially when circular."
},
{
"w": "RIP",
"v": false,
"row": 4,
"col": 3,
"def": "A tear (in paper, etc.)."
},
{
"w": "IMP",
"v": true,
"row": 0,
"col": 2,
"def": "To plant or engraft."
},
{
"w": "PROM",
"v": false,
"row": 2,
"col": 2,
"def": "A promenade concert."
},
{
"w": "PRIM",
"v": false,
"row": 6,
"col": 0,
"def": "To make affectedly precise or proper."
},
{
"w": "ROMP",
"v": true,
"row": 4,
"col": 3,
"def": "To play about roughly, energetically or boisterously."
},
{
"w": "PRIMO",
"v": true,
"row": 0,
"col": 0,
"def": "The principal part of a duet."
},
{
"w": "IMPROV",
"v": false,
"row": 0,
"col": 2,
"def": "Improvisation."
}
]
}