{
"id": 1185,
"sub_category": "View Pack",
"category": "Cliff Group",
"type": 0,
"letters": "BDEILR",
"mov": 30,
"shovels": 1,
"coins": 5,
"rows": 15,
"cols": 15,
"c": 0,
"b": -1,
"w": 12,
"h": 12,
"dws": [
"DIE",
"BIDER",
"BIELD",
"LEI",
"LIED",
"BREI",
"REI",
"DIRL",
"RILED",
"IDLER",
"BEL",
"RIEL",
"LIRE",
"DEIL",
"LEIR",
"RILE",
"LIBER",
"REBID",
"DEI",
"ELD",
"DRIB",
"IDE",
"DIEL",
"BIER",
"DIB",
"DIEB",
"EILD",
"BIRL",
"BIRLED",
"IRED",
"REB",
"DEB",
"LIB",
"LIER",
"BIRLE",
"IRE",
"DEL"
],
"ws": [
{
"w": "BED",
"v": true,
"row": 2,
"col": 4,
"def": "A piece of furniture, usually flat and soft, to sleep on."
},
{
"w": "BID",
"v": false,
"row": 4,
"col": 0,
"def": "To issue a command; to tell."
},
{
"w": "LED",
"v": false,
"row": 2,
"col": 7,
"def": "Simple past tense and past participle of lead."
},
{
"w": "LID",
"v": false,
"row": 3,
"col": 9,
"def": "The top or cover of a container."
},
{
"w": "LIE",
"v": true,
"row": 2,
"col": 7,
"def": "To be in a horizontal position."
},
{
"w": "RED",
"v": true,
"row": 2,
"col": 2,
"def": "Having red as its colour."
},
{
"w": "RIB",
"v": false,
"row": 2,
"col": 2,
"def": "Any of a series of long curved bones occurring in 12 pairs in humans and other animals and extending from the spine to or toward the sternum."
},
{
"w": "RID",
"v": false,
"row": 6,
"col": 0,
"def": "Released from an obligation, problem, etc. (usually followed by \"of\")."
},
{
"w": "BIRD",
"v": true,
"row": 4,
"col": 0,
"def": "A member of the class of animals Aves in the phylum Chordata, characterized by being warm-blooded, having feathers and wings usually capable of flight, and laying eggs."
},
{
"w": "BRED",
"v": true,
"row": 0,
"col": 11,
"def": "Simple past tense and past participle of breed."
},
{
"w": "DIRE",
"v": false,
"row": 4,
"col": 4,
"def": "Ill-boding; portentous."
},
{
"w": "RIDE",
"v": false,
"row": 9,
"col": 1,
"def": "To play defense on the defensemen or midfielders, as an attackman."
},
{
"w": "DELI",
"v": true,
"row": 6,
"col": 2,
"def": "A shop that sells cooked or prepared food ready for serving."
},
{
"w": "IDLE",
"v": true,
"row": 1,
"col": 9,
"def": "Empty, vacant."
},
{
"w": "BILE",
"v": true,
"row": 6,
"col": 4,
"def": "A bitter brownish-yellow or greenish-yellow secretion produced by the liver, stored in the gall bladder, and discharged into the duodenum where it aids the process of digestion."
},
{
"w": "BLED",
"v": true,
"row": 5,
"col": 8,
"def": "Simple past tense and past participle of bleed."
},
{
"w": "BIDE",
"v": false,
"row": 8,
"col": 6,
"def": "(chiefly dialectal) To bear; to endure; to tolerate."
},
{
"w": "BRIE",
"v": true,
"row": 8,
"col": 6,
"def": "A variety of soft, mild French cheese made from cow's milk."
},
{
"w": "BRIDE",
"v": false,
"row": 11,
"col": 2,
"def": "A woman who is going to marry or who has just been married."
},
{
"w": "BRIDLE",
"v": false,
"row": 6,
"col": 4,
"def": "The headgear with which a horse is directed and which carries a bit and reins."
}
]
}