{
"id": 119,
"sub_category": "Arch Pack",
"category": "Canyon Group",
"type": 0,
"letters": "CCOSTU",
"mov": 18,
"shovels": 1,
"coins": 5,
"rows": 15,
"cols": 15,
"c": 0,
"b": -1,
"w": 8,
"h": 6,
"dws": [
"TOC",
"SOC",
"COS",
"COT",
"TOCS",
"SOU",
"SOT",
"OUST",
"SCOT",
"UTS",
"OUS",
"SOUT",
"SCUT"
],
"ws": [
{
"w": "CUT",
"v": false,
"row": 2,
"col": 0,
"def": "Having been cut."
},
{
"w": "OUT",
"v": false,
"row": 5,
"col": 5,
"def": "Away from home or one's usual place, or not indoors."
},
{
"w": "COST",
"v": true,
"row": 2,
"col": 7,
"def": "Manner; way; means; available course; contrivance."
},
{
"w": "CUTS",
"v": true,
"row": 2,
"col": 0,
"def": "Plural form of cut."
},
{
"w": "OUTS",
"v": true,
"row": 0,
"col": 2,
"def": "Plural form of out."
},
{
"w": "COTS",
"v": false,
"row": 0,
"col": 1,
"def": "Plural form of cot."
},
{
"w": "SCOUT",
"v": true,
"row": 0,
"col": 4,
"def": "A person sent out to gain and bring in tidings; especially, one employed in war to gain information about the enemy and ground."
},
{
"w": "STUCCO",
"v": false,
"row": 3,
"col": 2,
"def": "A plaster that is used to coat interior or exterior walls, or used for mouldings."
}
]
}