{
"id": 1190,
"sub_category": "View Pack",
"category": "Cliff Group",
"type": 0,
"letters": "DEORUV",
"mov": 20,
"shovels": 1,
"coins": 5,
"rows": 15,
"cols": 15,
"c": 0,
"b": -1,
"w": 9,
"h": 7,
"dws": [
"RED",
"DERO",
"EVO",
"EURO",
"URD",
"DURE",
"DURO",
"OUR",
"ROVED",
"DEV",
"DORE",
"REO",
"RUED",
"VOE",
"UREDO",
"DOE",
"ERUV",
"ORE",
"DOR",
"ROD",
"DUE",
"REV",
"OUD",
"VERD",
"DERV",
"RUE",
"UDO",
"URE",
"ORD",
"DUO",
"ODE",
"ROE",
"RUD",
"ROED",
"ROUE",
"VOR",
"URDE"
],
"ws": [
{
"w": "DOVE",
"v": false,
"row": 4,
"col": 0,
"def": "A pigeon, especially one smaller in size; a bird (often arbitrarily called either a pigeon or a dove or both) of more than 300 species of the family Columbidae."
},
{
"w": "OVER",
"v": false,
"row": 1,
"col": 0,
"def": "In radio communications: end of sentence, ready to receive reply."
},
{
"w": "RODE",
"v": true,
"row": 3,
"col": 1,
"def": "The line from the vessel to its anchor. Also warp."
},
{
"w": "RUDE",
"v": false,
"row": 3,
"col": 3,
"def": "Bad mannered."
},
{
"w": "ROVE",
"v": true,
"row": 0,
"col": 6,
"def": "To shoot with arrows (at)."
},
{
"w": "DOUR",
"v": true,
"row": 3,
"col": 5,
"def": "Stern, harsh and forbidding."
},
{
"w": "REDO",
"v": true,
"row": 3,
"col": 3,
"def": "To do again."
},
{
"w": "DOER",
"v": false,
"row": 1,
"col": 5,
"def": "Someone who does, performs, or executes; an active person, an agent."
},
{
"w": "DROVE",
"v": true,
"row": 0,
"col": 8,
"def": "A number of cattle driven to market or new pastures."
},
{
"w": "DEVOUR",
"v": false,
"row": 6,
"col": 0,
"def": "To eat quickly, greedily, hungrily, or ravenously."
}
]
}