{
"id": 1193,
"sub_category": "View Pack",
"category": "Cliff Group",
"type": 0,
"letters": "GORTUY",
"mov": 16,
"shovels": 1,
"coins": 5,
"rows": 15,
"cols": 15,
"c": 0,
"b": -1,
"w": 7,
"h": 7,
"dws": [
"TUG",
"ROT",
"GYRO",
"ROGUY",
"TROY",
"OUR",
"GOUTY",
"YURT",
"TYRO",
"GOR",
"TOR",
"RUT",
"GROT",
"RUG",
"YOUR",
"GUR",
"YUG",
"TORY",
"GOY",
"ORGY",
"YOU",
"GUYOT",
"TRY",
"GUY",
"YGO",
"TROG",
"GROUTY",
"TOG",
"TYG",
"ORG",
"RYOT",
"OUT",
"TROU",
"GUT",
"RYU",
"ORT",
"TOY",
"GOT",
"TRUG"
],
"ws": [
{
"w": "TOUR",
"v": false,
"row": 3,
"col": 0,
"def": "A journey through a particular building, estate, country, etc."
},
{
"w": "GORY",
"v": false,
"row": 2,
"col": 3,
"def": "Covered with blood, very bloody."
},
{
"w": "ROUT",
"v": true,
"row": 2,
"col": 5,
"def": "To make a noise; roar; bellow; snort."
},
{
"w": "GOUT",
"v": true,
"row": 0,
"col": 0,
"def": "An extremely painful inflammation of joints, especially of the big toe, caused by a metabolic defect resulting in the accumulation of uric acid in the blood and the deposition of urates around the joints."
},
{
"w": "GROUT",
"v": true,
"row": 2,
"col": 3,
"def": "A thin mortar used to fill the gaps between tiles and cavities in masonry."
},
{
"w": "YOGURT",
"v": false,
"row": 5,
"col": 0,
"def": "A milk-based product thickened by a bacterium-aided curdling process, and sometimes mixed with fruit or other flavoring."
}
]
}