{
"id": 1198,
"sub_category": "View Pack",
"category": "Cliff Group",
"type": 0,
"letters": "AIKORT",
"mov": 16,
"shovels": 1,
"coins": 5,
"rows": 15,
"cols": 15,
"c": 0,
"b": -1,
"w": 7,
"h": 7,
"dws": [
"RAI",
"RIT",
"AIT",
"TAR",
"ROT",
"KAT",
"TIAR",
"OKTA",
"ATOK",
"RAKI",
"RAIT",
"RATO",
"TAROK",
"TRAIK",
"KIT",
"TARO",
"TROAK",
"TORA",
"KORAT",
"RIA",
"TORI",
"TAI",
"ITA",
"ARK",
"AIRT",
"IRK",
"TAKI",
"KRAIT",
"TIK",
"KORA",
"TAO",
"IKAT",
"ORA",
"TOR",
"KAI",
"TAIKO",
"AIR",
"OAT",
"KORAI",
"TIKA",
"TAK",
"KOI",
"ROK",
"KIR",
"ART",
"KART",
"KARO",
"ARTI",
"KOA",
"KATI",
"ROTI",
"TIRO",
"OIK",
"KRAI",
"RAT",
"OKA",
"OAK",
"ROTA",
"OAR",
"ORT",
"RAIK",
"KOR"
],
"ws": [
{
"w": "RIOT",
"v": false,
"row": 2,
"col": 0,
"def": "Wanton or unrestrained behavior; uproar; tumult."
},
{
"w": "TRIO",
"v": false,
"row": 6,
"col": 3,
"def": "A group of three people or things."
},
{
"w": "IOTA",
"v": true,
"row": 2,
"col": 1,
"def": "The ninth, and smallest, letter of the Greek alphabet."
},
{
"w": "OKRA",
"v": true,
"row": 1,
"col": 6,
"def": "The annual plant, Abelmoschus esculentus, possibly of Ethiopian origin, grown for its edible pods."
},
{
"w": "RATIO",
"v": true,
"row": 0,
"col": 3,
"def": "A number representing a comparison between two things."
},
{
"w": "TROIKA",
"v": false,
"row": 4,
"col": 1,
"def": "A Russian carriage drawn by a team of three horses abreast."
}
]
}