{
"id": 1202,
"sub_category": "Fresh Pack",
"category": "Beach Group",
"type": 0,
"letters": "AEHNSV",
"mov": 22,
"shovels": 1,
"coins": 5,
"rows": 15,
"cols": 15,
"c": 0,
"b": -1,
"w": 10,
"h": 9,
"dws": [
"AVENS",
"HANSE",
"VAN",
"ANS",
"SHA",
"NAE",
"SAV",
"NAV",
"HES",
"HAEN",
"VAES",
"HAVENS",
"SENA",
"ANE",
"NAH",
"NAVES",
"AVE",
"SEN",
"HAE",
"EANS",
"VAS",
"SHEA",
"EAN",
"SHEN",
"HAN",
"HAES",
"HAS",
"NAS",
"EHS",
"HEN",
"SHE",
"AVES",
"SAE",
"SEAN",
"NAVS",
"ASH",
"SHEVA",
"AHS",
"NAES",
"ENS",
"SHAN",
"SAN",
"VANES",
"VAE",
"VENA",
"SEV",
"EAS",
"SEA",
"ANES",
"NESH",
"HAVES"
],
"ws": [
{
"w": "HAVE",
"v": true,
"row": 5,
"col": 5,
"def": "To possess, own, hold."
},
{
"w": "HENS",
"v": true,
"row": 3,
"col": 9,
"def": "Plural form of hen."
},
{
"w": "SANE",
"v": false,
"row": 4,
"col": 6,
"def": "Being in a healthy condition; not deranged; acting rationally; -- regarding the mind."
},
{
"w": "SAVE",
"v": false,
"row": 8,
"col": 2,
"def": "In various sports, a block that prevents an opponent from scoring."
},
{
"w": "VANS",
"v": true,
"row": 5,
"col": 2,
"def": "Plural form of van."
},
{
"w": "VASE",
"v": false,
"row": 6,
"col": 4,
"def": "A container used mainly for displaying fresh, dried, or artificial flowers."
},
{
"w": "VANE",
"v": true,
"row": 2,
"col": 3,
"def": "A weather vane."
},
{
"w": "NAVE",
"v": false,
"row": 5,
"col": 0,
"def": "The middle or body of a church, extending from the transepts to the principal entrances."
},
{
"w": "ASHEN",
"v": true,
"row": 1,
"col": 0,
"def": "Made from the wood of the ash tree."
},
{
"w": "HAVEN",
"v": false,
"row": 0,
"col": 2,
"def": "A harbour or anchorage protected from the sea."
},
{
"w": "SHAVE",
"v": true,
"row": 2,
"col": 7,
"def": "To make bald by using a tool such as a razor or pair of electric clippers to cut the hair close to the skin."
},
{
"w": "SHAVEN",
"v": false,
"row": 2,
"col": 0,
"def": "Having been shaved."
}
]
}