{
"id": 1209,
"sub_category": "Fresh Pack",
"category": "Beach Group",
"type": 0,
"letters": "ADEGRR",
"mov": 22,
"shovels": 1,
"coins": 5,
"rows": 15,
"cols": 15,
"c": 0,
"b": -1,
"w": 11,
"h": 9,
"dws": [
"RADE",
"RAGED",
"RED",
"ARE",
"GARRE",
"AREG",
"DREAR",
"RAG",
"REG",
"ERA",
"GAR",
"ARD",
"EGAD",
"EARD",
"GADE",
"DAE",
"GARE",
"GARRED",
"GAE",
"ERG",
"GAED",
"DREG",
"GED",
"DARG",
"GRR",
"DAG",
"AGER",
"RAD",
"ERR",
"REGAR",
"EAR",
"RAGER",
"AGE",
"DARER",
"RARED",
"GAD",
"ARED",
"GER",
"GRADER",
"DEG",
"RADGE"
],
"ws": [
{
"w": "AGED",
"v": false,
"row": 2,
"col": 3,
"def": "Old."
},
{
"w": "DARE",
"v": false,
"row": 7,
"col": 7,
"def": "To have enough courage (to do something)."
},
{
"w": "DEAR",
"v": true,
"row": 4,
"col": 9,
"def": "Loved; lovable."
},
{
"w": "DRAG",
"v": false,
"row": 4,
"col": 4,
"def": "To pull along a surface or through a medium, sometimes with difficulty."
},
{
"w": "GEAR",
"v": true,
"row": 1,
"col": 5,
"def": "Equipment or paraphernalia, especially that used for an athletic endeavor."
},
{
"w": "GRAD",
"v": true,
"row": 0,
"col": 3,
"def": "A graduate."
},
{
"w": "RAGE",
"v": false,
"row": 0,
"col": 1,
"def": "Violent uncontrolled anger."
},
{
"w": "RARE",
"v": true,
"row": 0,
"col": 1,
"def": "Cooked very lightly, so the meat is still red (in the case of steak or beef in the general sense)."
},
{
"w": "READ",
"v": false,
"row": 3,
"col": 0,
"def": "A reading or an act of reading, especially an actor's part of a play."
},
{
"w": "REAR",
"v": true,
"row": 3,
"col": 0,
"def": "To raise physically; to lift up; to cause to rise, to elevate."
},
{
"w": "GRADE",
"v": true,
"row": 4,
"col": 7,
"def": "A rating."
},
{
"w": "REGARD",
"v": false,
"row": 6,
"col": 0,
"def": "To have to do with, to concern."
}
]
}