{
"id": 1213,
"sub_category": "Fresh Pack",
"category": "Beach Group",
"type": 0,
"letters": "ADEPTU",
"mov": 30,
"shovels": 1,
"coins": 5,
"rows": 15,
"cols": 15,
"c": 0,
"b": -1,
"w": 12,
"h": 12,
"dws": [
"UTA",
"ATE",
"TEPA",
"DEP",
"APED",
"PATED",
"UTE",
"DAE",
"TAE",
"DATU",
"TEAD",
"EAU",
"DUET",
"PED",
"TAD",
"PATU",
"DAUT",
"TAED",
"TED",
"ETA",
"TAPED",
"TAPU",
"DAP",
"TUP",
"PUD",
"AUE",
"DUP"
],
"ws": [
{
"w": "APE",
"v": false,
"row": 3,
"col": 9,
"def": "A primate of the clade Hominoidea, generally larger than monkeys and distinguished from them by having no tail."
},
{
"w": "DUE",
"v": false,
"row": 8,
"col": 7,
"def": "Owed or owing."
},
{
"w": "EAT",
"v": false,
"row": 1,
"col": 7,
"def": "To consume (something solid or semi-solid, usually food) by putting it into the mouth and swallowing it."
},
{
"w": "PAD",
"v": false,
"row": 5,
"col": 9,
"def": "A flattened mass of anything soft, to sit or lie on."
},
{
"w": "PAT",
"v": false,
"row": 2,
"col": 5,
"def": "The sound of a light slap or tap with a soft flat object, especially of a footstep."
},
{
"w": "PEA",
"v": true,
"row": 3,
"col": 10,
"def": "A plant, member of the legume (Fabaceae) family."
},
{
"w": "PET",
"v": true,
"row": 0,
"col": 7,
"def": "An animal kept as a companion."
},
{
"w": "PUT",
"v": true,
"row": 2,
"col": 5,
"def": "To place something somewhere."
},
{
"w": "TAP",
"v": false,
"row": 4,
"col": 5,
"def": "A tapering cylindrical pin or peg used to stop the vent in a cask; a spigot."
},
{
"w": "TEA",
"v": true,
"row": 1,
"col": 9,
"def": "The dried leaves or buds of the tea plant, Camellia sinensis."
},
{
"w": "APT",
"v": true,
"row": 4,
"col": 6,
"def": "Suitable; appropriate; fit or fitted; suited."
},
{
"w": "TAU",
"v": false,
"row": 6,
"col": 0,
"def": "The name of the letter T/\u03c4 in the Greek, Hebrew and ancient Semitic alphabets, being the nineteenth letter of the Classical and Modern Greek, the twentieth letter of Old and Ancient Greek."
},
{
"w": "DATE",
"v": false,
"row": 6,
"col": 4,
"def": "The fruit of the date palm. This sweet fruit is somewhat in the shape of an olive, containing a soft pulp and enclosing a hard kernel."
},
{
"w": "PEAT",
"v": false,
"row": 10,
"col": 2,
"def": "A pet, a darling; a woman."
},
{
"w": "TAPE",
"v": true,
"row": 7,
"col": 3,
"def": "Flexible material in a roll with a sticky surface on one or both sides, adhesive tape."
},
{
"w": "DUPE",
"v": true,
"row": 8,
"col": 7,
"def": "To swindle, deceive, or trick."
},
{
"w": "PATE",
"v": true,
"row": 5,
"col": 9,
"def": "The head, particularly the top or crown."
},
{
"w": "ADEPT",
"v": true,
"row": 6,
"col": 5,
"def": "Well skilled; completely versed; thoroughly proficient."
},
{
"w": "TAUPE",
"v": true,
"row": 6,
"col": 0,
"def": "A dark brownish-grey colour, the colour of moleskin."
},
{
"w": "UPDATE",
"v": false,
"row": 8,
"col": 0,
"def": "An advisement providing more up-to-date information than currently known."
}
]
}