{
"id": 1221,
"sub_category": "Shell Pack",
"category": "Beach Group",
"type": 0,
"letters": "EEFLRY",
"mov": 20,
"shovels": 1,
"coins": 5,
"rows": 15,
"cols": 15,
"c": 0,
"b": -1,
"w": 9,
"h": 8,
"dws": [
"YFERE",
"EERY",
"YER",
"EEL",
"EYRE",
"REEFY",
"FLY",
"FEY",
"FRY",
"EELY",
"FELE",
"ERE",
"FLEER",
"REFLY",
"FER",
"FEER",
"LEERY",
"ELF",
"FERLY",
"RYE",
"FYLE",
"LEE",
"FERE",
"FEE",
"EYER",
"REE",
"REF",
"LYE",
"EYE",
"ERF",
"FLEY",
"LERE",
"REFEL",
"RYFE",
"FEYER",
"LEY"
],
"ws": [
{
"w": "FEEL",
"v": false,
"row": 5,
"col": 5,
"def": "To become aware of through the skin; to use the sense of touch."
},
{
"w": "FLEE",
"v": false,
"row": 0,
"col": 3,
"def": "To run away; to escape."
},
{
"w": "FREE",
"v": true,
"row": 2,
"col": 3,
"def": "Not imprisoned or enslaved."
},
{
"w": "REEF",
"v": false,
"row": 2,
"col": 0,
"def": "Scabby; scurvy."
},
{
"w": "REEL",
"v": false,
"row": 3,
"col": 3,
"def": "A lively dance of the Highlanders of Scotland; also, the music to the dance; -- often called Scotch reel."
},
{
"w": "RELY",
"v": true,
"row": 1,
"col": 1,
"def": "To rest with confidence, as when fully satisfied of the veracity, integrity, or ability of persons, or of the certainty of facts or of evidence; to have confidence; to trust; to depend."
},
{
"w": "LEER",
"v": true,
"row": 4,
"col": 0,
"def": "A significant side glance; a glance expressive of some passion, as malignity, amorousness, etc.; a sly or lecherous look."
},
{
"w": "LYRE",
"v": false,
"row": 4,
"col": 0,
"def": "A stringed musical instrument."
},
{
"w": "FLYER",
"v": true,
"row": 2,
"col": 6,
"def": "A machine that flies."
},
{
"w": "FREELY",
"v": true,
"row": 1,
"col": 8,
"def": "Free; frank."
}
]
}