{
"id": 1227,
"sub_category": "Shell Pack",
"category": "Beach Group",
"type": 0,
"letters": "AEHHST",
"mov": 28,
"shovels": 1,
"coins": 5,
"rows": 15,
"cols": 15,
"c": 0,
"b": -1,
"w": 11,
"h": 10,
"dws": [
"HEATS",
"HEATH",
"HEST",
"SETA",
"EATS",
"HAET",
"HETS",
"SHA",
"HATES",
"TEA",
"HES",
"HEH",
"TAE",
"HEATHS",
"HAE",
"SHEA",
"EAT",
"HAES",
"HAST",
"HAETS",
"EHS",
"HETHS",
"SHET",
"EST",
"HEHS",
"HET",
"ETAS",
"SAE",
"TES",
"TEAS",
"EATH",
"HATH",
"AHS",
"TAS",
"ASHET",
"ATES",
"HETH",
"ATS",
"ETH",
"ETA",
"SHAT",
"TASE",
"HAHS",
"ETHS",
"TAES",
"EAS",
"SATE",
"THAE",
"HATS",
"SHH",
"TASH"
],
"ws": [
{
"w": "ASH",
"v": true,
"row": 2,
"col": 6,
"def": "The solid remains of a fire."
},
{
"w": "ATE",
"v": true,
"row": 4,
"col": 7,
"def": "Simple past of eat."
},
{
"w": "HAS",
"v": false,
"row": 4,
"col": 6,
"def": "Third-person singular simple present indicative form of have."
},
{
"w": "HAT",
"v": false,
"row": 8,
"col": 4,
"def": "A covering for the head, often in the approximate form of a cone or a cylinder closed at its top end, and sometimes having a brim and other decoration."
},
{
"w": "SAT",
"v": true,
"row": 6,
"col": 6,
"def": "Simple past tense and past participle of sit."
},
{
"w": "SEA",
"v": false,
"row": 6,
"col": 6,
"def": "A large body of salty water. (Major seas are known as oceans.)."
},
{
"w": "SET",
"v": false,
"row": 7,
"col": 2,
"def": "To put (something) down, to rest."
},
{
"w": "SHE",
"v": true,
"row": 0,
"col": 9,
"def": "A female person or animal."
},
{
"w": "THE",
"v": true,
"row": 7,
"col": 4,
"def": "With a comparative or more and a verb phrase, establishes a parallel with one or more other such comparatives."
},
{
"w": "HAH",
"v": true,
"row": 0,
"col": 7,
"def": "Alternative form of ha."
},
{
"w": "EAST",
"v": true,
"row": 5,
"col": 2,
"def": "One of the four principal compass points, specifically 90\u00b0, conventionally directed to the right on maps; the direction of the rising sun at an equinox."
},
{
"w": "HATE",
"v": true,
"row": 4,
"col": 10,
"def": "To dislike intensely; to feel strong hostility towards."
},
{
"w": "HEAT",
"v": false,
"row": 5,
"col": 1,
"def": "Thermal energy."
},
{
"w": "SEAT",
"v": true,
"row": 2,
"col": 4,
"def": "A place in which to sit."
},
{
"w": "HASH",
"v": false,
"row": 0,
"col": 7,
"def": "Food, especially meat and potatoes, chopped and mixed together."
},
{
"w": "SHAH",
"v": false,
"row": 2,
"col": 4,
"def": "A king of Persia."
},
{
"w": "HASTE",
"v": false,
"row": 3,
"col": 0,
"def": "A speedy or quick action. (e.g. We were running late so we finished our meal in haste)."
},
{
"w": "SHEATH",
"v": true,
"row": 0,
"col": 1,
"def": "A scabbard; a holster for a sword."
}
]
}