{
"id": 1229,
"sub_category": "Shell Pack",
"category": "Beach Group",
"type": 0,
"letters": "AEINRV",
"mov": 20,
"shovels": 1,
"coins": 5,
"rows": 15,
"cols": 15,
"c": 0,
"b": -1,
"w": 9,
"h": 8,
"dws": [
"RAI",
"ARE",
"VINER",
"VAN",
"AIRN",
"VAIR",
"AVER",
"VERA",
"NAE",
"RANI",
"ERA",
"ERN",
"NAV",
"REI",
"RIVE",
"RIA",
"AVINE",
"ANE",
"RAV",
"VIER",
"AVE",
"VIA",
"EINA",
"RIN",
"EAN",
"VIRE",
"RAVIN",
"RAN",
"VAINER",
"ANI",
"NAEVI",
"AINE",
"VIN",
"REV",
"NAIVER",
"NIE",
"AIR",
"RNA",
"NAVE",
"AIVER",
"EAR",
"AIN",
"REIN",
"REN",
"VANE",
"REAN",
"VARE",
"VAIRE",
"VAR",
"NARE",
"VAE",
"VENA",
"RIVEN",
"INVAR",
"VIAE",
"VINA",
"RINE",
"RIVA",
"VIE",
"IRE",
"NEVI"
],
"ws": [
{
"w": "EARN",
"v": false,
"row": 7,
"col": 5,
"def": "To gain (success, reward, recognition) through applied effort or work."
},
{
"w": "NEAR",
"v": true,
"row": 4,
"col": 7,
"def": "Physically close."
},
{
"w": "RAIN",
"v": false,
"row": 2,
"col": 5,
"def": "Condensed water falling from a cloud."
},
{
"w": "VAIN",
"v": true,
"row": 2,
"col": 1,
"def": "Overly proud of oneself, especially when concerning appearance."
},
{
"w": "VEIN",
"v": true,
"row": 2,
"col": 3,
"def": "A blood vessel that transports blood from the capillaries back to the heart."
},
{
"w": "VINE",
"v": true,
"row": 0,
"col": 8,
"def": "The climbing plant that produces grapes."
},
{
"w": "RAVE",
"v": false,
"row": 3,
"col": 0,
"def": "An enthusiastic review (such as of a play)."
},
{
"w": "NAIVE",
"v": false,
"row": 5,
"col": 3,
"def": "Lacking experience, wisdom, or judgement."
},
{
"w": "RAVEN",
"v": false,
"row": 0,
"col": 2,
"def": "A common name for several, generally large and lustrous black species of birds in the genus Corvus, especially the common raven, Corvus corax."
},
{
"w": "RAVINE",
"v": true,
"row": 2,
"col": 5,
"def": "A deep narrow valley or gorge in the earth's surface worn by running water."
}
]
}