{
"id": 1231,
"sub_category": "Shell Pack",
"category": "Beach Group",
"type": 0,
"letters": "ACEEPS",
"mov": 24,
"shovels": 1,
"coins": 5,
"rows": 15,
"cols": 15,
"c": 0,
"b": -1,
"w": 11,
"h": 10,
"dws": [
"CAP",
"CEPE",
"SCAPE",
"PEES",
"PES",
"PACES",
"PEA",
"CEPES",
"PAS",
"CEE",
"ASP",
"CAPES",
"PEE",
"PECS",
"SPA",
"PASE",
"CEES",
"PEC",
"PACS",
"SAP",
"ESE",
"PAC",
"SPAE",
"SAE",
"ACE",
"APSE",
"SAC",
"CEPS",
"SEC",
"PEASE",
"EAS",
"SEA",
"APE",
"CEP",
"PEACES",
"SEE",
"AESC"
],
"ws": [
{
"w": "ACES",
"v": true,
"row": 5,
"col": 8,
"def": "Plural form of ace."
},
{
"w": "APES",
"v": false,
"row": 8,
"col": 5,
"def": "Plural form of ape."
},
{
"w": "CAPE",
"v": false,
"row": 3,
"col": 6,
"def": "A piece or point of land, extending beyond the adjacent coast into a sea or lake; a promontory; a headland."
},
{
"w": "CAPS",
"v": true,
"row": 6,
"col": 6,
"def": "Plural form of cap."
},
{
"w": "CASE",
"v": true,
"row": 4,
"col": 3,
"def": "An actual event, situation, or fact."
},
{
"w": "EASE",
"v": false,
"row": 5,
"col": 7,
"def": "The state of being comfortable or free from stress."
},
{
"w": "PACE",
"v": false,
"row": 7,
"col": 0,
"def": "Passage, route."
},
{
"w": "PEAS",
"v": true,
"row": 2,
"col": 9,
"def": "Plural form of pea."
},
{
"w": "SEEP",
"v": true,
"row": 4,
"col": 0,
"def": "A small spring, pool, or other place where liquid from the ground (e.g. water, petroleum or tar) has oozed to the surface."
},
{
"w": "SPEC",
"v": false,
"row": 6,
"col": 3,
"def": "Short form of specification."
},
{
"w": "PEACE",
"v": true,
"row": 0,
"col": 6,
"def": "A state of tranquility, quiet, and harmony. For instance, a state free from civil disturbance."
},
{
"w": "SPACE",
"v": false,
"row": 4,
"col": 0,
"def": "Of time."
},
{
"w": "CEASE",
"v": true,
"row": 0,
"col": 4,
"def": "To stop."
},
{
"w": "ESCAPE",
"v": false,
"row": 0,
"col": 2,
"def": "To get free, to free oneself."
}
]
}