{
"id": 1232,
"sub_category": "Shell Pack",
"category": "Beach Group",
"type": 0,
"letters": "EEINRT",
"mov": 22,
"shovels": 1,
"coins": 5,
"rows": 15,
"cols": 15,
"c": 0,
"b": -1,
"w": 11,
"h": 9,
"dws": [
"RET",
"RIT",
"TEIN",
"TEEN",
"NIT",
"ERN",
"REI",
"ERE",
"ETEN",
"RENTE",
"TEE",
"RETE",
"RIN",
"ENE",
"NITER",
"TENE",
"NITE",
"EEN",
"RETINE",
"NIE",
"TRINE",
"REN",
"TIE",
"TREEN",
"NEE",
"TRIE",
"NERITE",
"REE",
"REEN",
"NITRE",
"ERNE",
"TRIENE",
"TIN",
"RETIE",
"TERNE",
"TRIN",
"TEER",
"NET",
"TEN",
"NETE",
"IRE",
"RINE"
],
"ws": [
{
"w": "RENT",
"v": true,
"row": 3,
"col": 8,
"def": "A payment made by a tenant at intervals in order to occupy a property."
},
{
"w": "TIRE",
"v": false,
"row": 0,
"col": 7,
"def": "To become sleepy or weary."
},
{
"w": "TREE",
"v": true,
"row": 0,
"col": 7,
"def": "A large plant, not exactly defined, but typically over four meters in height, a single trunk which grows in girth with age and branches (which also grow in circumference with age)."
},
{
"w": "REIN",
"v": true,
"row": 0,
"col": 9,
"def": "A strap or rope attached to the bridle or bit, used to control a horse, animal or young child."
},
{
"w": "RITE",
"v": false,
"row": 6,
"col": 6,
"def": "A religious custom."
},
{
"w": "TIER",
"v": true,
"row": 3,
"col": 6,
"def": "One who ties (knots, etc)."
},
{
"w": "TERN",
"v": false,
"row": 3,
"col": 6,
"def": "Any of various sea birds of the family Sternidae that are similar to gulls but are smaller, more elegant and have a forked tail."
},
{
"w": "TINE",
"v": false,
"row": 5,
"col": 3,
"def": "A spike or point on an implement or tool, especially a prong of a fork or a tooth of a comb."
},
{
"w": "ENTER",
"v": true,
"row": 3,
"col": 3,
"def": "To go into (a room, etc.)."
},
{
"w": "INERT",
"v": false,
"row": 8,
"col": 5,
"def": "Unable to move or act; inanimate."
},
{
"w": "INTER",
"v": false,
"row": 3,
"col": 0,
"def": "To bury in a grave."
},
{
"w": "ENTIRE",
"v": true,
"row": 0,
"col": 0,
"def": "Whole; complete."
}
]
}