{
"id": 1234,
"sub_category": "Wash Pack",
"category": "Beach Group",
"type": 0,
"letters": "EGIORT",
"mov": 22,
"shovels": 1,
"coins": 5,
"rows": 15,
"cols": 15,
"c": 0,
"b": -1,
"w": 10,
"h": 10,
"dws": [
"RET",
"RIT",
"GIE",
"TOE",
"REGO",
"ERGOT",
"ROT",
"ERGO",
"REG",
"GIRT",
"TRIG",
"GORI",
"GIRO",
"REI",
"TORI",
"GEIT",
"TOGE",
"GIT",
"REO",
"EGO",
"ERG",
"GRIOT",
"ORE",
"GERT",
"GOR",
"TEG",
"TOR",
"GET",
"GROT",
"RIG",
"GOE",
"TRIGO",
"TIE",
"GEO",
"GITE",
"TRIE",
"TROG",
"ROE",
"GOER",
"TOG",
"ORG",
"ROTI",
"TIRO",
"GER",
"TIG",
"GOITRE",
"GIO",
"ORT",
"GOT",
"IRE",
"TIGE"
],
"ws": [
{
"w": "RIOT",
"v": false,
"row": 4,
"col": 6,
"def": "Wanton or unrestrained behavior; uproar; tumult."
},
{
"w": "TIRE",
"v": true,
"row": 6,
"col": 7,
"def": "To become sleepy or weary."
},
{
"w": "TORE",
"v": true,
"row": 4,
"col": 9,
"def": "Hard, difficult; wearisome, tedious."
},
{
"w": "TRIO",
"v": true,
"row": 6,
"col": 4,
"def": "A group of three people or things."
},
{
"w": "GRIT",
"v": false,
"row": 6,
"col": 1,
"def": "Collection of hard small materials, such as dirt, ground stone, debris from sandblasting or other such grinding, swarf from metalworking."
},
{
"w": "OGRE",
"v": false,
"row": 9,
"col": 4,
"def": "A type of brutish giant from folk tales that eats human flesh."
},
{
"w": "RITE",
"v": false,
"row": 7,
"col": 6,
"def": "A religious custom."
},
{
"w": "TIER",
"v": true,
"row": 3,
"col": 2,
"def": "One who ties (knots, etc)."
},
{
"w": "ROTE",
"v": false,
"row": 3,
"col": 0,
"def": "The process of learning or committing something to memory through mechanical repetition, usually by hearing and repeating aloud, often without full attention to comprehension or thought for the meaning."
},
{
"w": "GORE",
"v": true,
"row": 0,
"col": 3,
"def": "Dirt, filth."
},
{
"w": "TIGER",
"v": true,
"row": 0,
"col": 6,
"def": "Panthera tigris, a large predatory mammal of the cat family, indigenous to Asia."
},
{
"w": "GOITER",
"v": false,
"row": 0,
"col": 3,
"def": "Alternative spelling of goitre."
}
]
}