{
"id": 1245,
"sub_category": "Wash Pack",
"category": "Beach Group",
"type": 0,
"letters": "AAEGSV",
"mov": 18,
"shovels": 1,
"coins": 5,
"rows": 15,
"cols": 15,
"c": 0,
"b": -1,
"w": 7,
"h": 7,
"dws": [
"AVA",
"AVGAS",
"SAV",
"AVAS",
"SEG",
"VAES",
"VASA",
"VAGS",
"AVE",
"AGA",
"GAS",
"VAS",
"AGS",
"AAS",
"ASEA",
"SAG",
"VEG",
"GAES",
"AVES",
"SAE",
"VAG",
"AGAVES",
"AGE",
"VEGA",
"VAE",
"SEV",
"EAS",
"SEA",
"VEGAS",
"SAAG",
"AGAS",
"GAE"
],
"ws": [
{
"w": "AGES",
"v": false,
"row": 0,
"col": 3,
"def": "Plural form of age."
},
{
"w": "GAVE",
"v": false,
"row": 4,
"col": 0,
"def": "Simple past of give."
},
{
"w": "SAGE",
"v": true,
"row": 0,
"col": 6,
"def": "Wise."
},
{
"w": "SAVE",
"v": true,
"row": 3,
"col": 5,
"def": "In various sports, a block that prevents an opponent from scoring."
},
{
"w": "VASE",
"v": false,
"row": 3,
"col": 3,
"def": "A container used mainly for displaying fresh, dried, or artificial flowers."
},
{
"w": "SAGA",
"v": true,
"row": 1,
"col": 1,
"def": "An Old Norse (Icelandic) prose narrative, especially one dealing with family or social histories and legends."
},
{
"w": "AGAVE",
"v": true,
"row": 0,
"col": 3,
"def": "A plant of the genus Agave which includes the maguey or century plant. Attaining maturity, it produces a gigantic flower stem."
},
{
"w": "SAVAGE",
"v": false,
"row": 6,
"col": 0,
"def": "Wild; not cultivated."
}
]
}