{
"id": 1250,
"sub_category": "Aqua Pack",
"category": "Beach Group",
"type": 0,
"letters": "AGILMN",
"mov": 16,
"shovels": 1,
"coins": 5,
"rows": 15,
"cols": 15,
"c": 0,
"b": -1,
"w": 7,
"h": 6,
"dws": [
"MAG",
"LANG",
"GLIM",
"LIG",
"LINGAM",
"ANIL",
"LINGA",
"LIMN",
"GLIA",
"LIANG",
"AMIN",
"LIGAN",
"GIN",
"MINA",
"AIM",
"AMI",
"LING",
"NIM",
"MAGI",
"GAIN",
"ANI",
"MAIN",
"GAL",
"MALI",
"GILA",
"AGIN",
"ALGIN",
"NAM",
"GAM",
"NAG",
"AIN",
"LIN",
"MIL",
"LIMA",
"MANI",
"GAMIN",
"MIG",
"AIL",
"GAN",
"LAG",
"NIL",
"MNA",
"LAM",
"MAN",
"MING",
"MAL",
"LIMAN",
"ING",
"LAMING",
"MANG"
],
"ws": [
{
"w": "MAIL",
"v": true,
"row": 0,
"col": 1,
"def": "To send (a letter or parcel) through the mail."
},
{
"w": "NAIL",
"v": false,
"row": 5,
"col": 1,
"def": "To drive a nail."
},
{
"w": "GLAM",
"v": false,
"row": 0,
"col": 3,
"def": "Glamour."
},
{
"w": "LAIN",
"v": true,
"row": 0,
"col": 4,
"def": "Past participle of lie (oriented in a horizontal position, situated)."
},
{
"w": "ALIGN",
"v": false,
"row": 3,
"col": 0,
"def": "To form in line; to fall into line."
},
{
"w": "MALIGN",
"v": true,
"row": 0,
"col": 6,
"def": "Evil or malignant in disposition, nature, intent or influence."
}
]
}