{
"id": 126,
"sub_category": "Arch Pack",
"category": "Canyon Group",
"type": 0,
"letters": "CEHINR",
"mov": 22,
"shovels": 1,
"coins": 5,
"rows": 15,
"cols": 15,
"c": 0,
"b": -1,
"w": 10,
"h": 8,
"dws": [
"REC",
"RHINE",
"ERN",
"ICH",
"REI",
"HIC",
"HERN",
"CHINE",
"HIN",
"CHE",
"RIN",
"CHER",
"CIRE",
"HIE",
"CRINE",
"NIE",
"REIN",
"REN",
"RICHE",
"CINE",
"ERIC",
"ICE",
"ICER",
"REH",
"ECH",
"RICHEN",
"RINE",
"IRE",
"HIRE",
"INCHER"
],
"ws": [
{
"w": "HEN",
"v": false,
"row": 0,
"col": 4,
"def": "Hence."
},
{
"w": "HER",
"v": false,
"row": 4,
"col": 7,
"def": "Belonging to her."
},
{
"w": "CHI",
"v": true,
"row": 5,
"col": 6,
"def": "The twenty-second letter of the Classical and Modern Greek alphabets, and the twenty-third letter of Old and Ancient alphabets."
},
{
"w": "CHIN",
"v": false,
"row": 2,
"col": 6,
"def": "The bottom of a face, especially, the lower jaw or the region below the mouth."
},
{
"w": "INCH",
"v": false,
"row": 7,
"col": 6,
"def": "A unit of length equal to one-twelfth of a foot and equivalent to exactly 2.54 centimetres."
},
{
"w": "NICE",
"v": true,
"row": 0,
"col": 6,
"def": "Nicely."
},
{
"w": "RICE",
"v": true,
"row": 1,
"col": 8,
"def": "Cereal plants (Oryza sativa) of the grass family whose seeds are used as food."
},
{
"w": "RICH",
"v": true,
"row": 4,
"col": 9,
"def": "Wealthy: having a lot of money and possessions."
},
{
"w": "HEIR",
"v": true,
"row": 0,
"col": 4,
"def": "Someone who inherits, or is designated to inherit, the property of another."
},
{
"w": "NICER",
"v": false,
"row": 3,
"col": 0,
"def": "Comparative form of nice: more nice."
},
{
"w": "NICHE",
"v": true,
"row": 2,
"col": 1,
"def": "A cavity, hollow, or recess, generally within the thickness of a wall, for a statue, bust, or other erect ornament. Hence, any similar position, literal or figurative."
},
{
"w": "ENRICH",
"v": false,
"row": 6,
"col": 1,
"def": "To make (someone) rich or richer."
}
]
}