{
"id": 1262,
"sub_category": "Aqua Pack",
"category": "Beach Group",
"type": 0,
"letters": "CEIKLN",
"mov": 20,
"shovels": 1,
"coins": 5,
"rows": 15,
"cols": 15,
"c": 0,
"b": -1,
"w": 9,
"h": 8,
"dws": [
"CIEL",
"NEK",
"ELK",
"LEI",
"LIE",
"CEIL",
"CEL",
"CLINE",
"CLEIK",
"NIE",
"LINE",
"LIN",
"CINE",
"INK",
"INCLE",
"NICKLE",
"ICE",
"INKLE",
"NIL",
"EIK",
"ICK",
"LIEN",
"KILN",
"ICKLE",
"KIN",
"LEK",
"KINE",
"ILK",
"KEN"
],
"ws": [
{
"w": "LICK",
"v": false,
"row": 3,
"col": 0,
"def": "To stroke with the tongue."
},
{
"w": "LIKE",
"v": true,
"row": 2,
"col": 8,
"def": "To please."
},
{
"w": "LINK",
"v": true,
"row": 0,
"col": 3,
"def": "A connection between places, persons, events, or things."
},
{
"w": "NECK",
"v": true,
"row": 0,
"col": 5,
"def": "The part of body connecting the head and the trunk found in humans and some animals."
},
{
"w": "NICE",
"v": true,
"row": 2,
"col": 1,
"def": "Nicely."
},
{
"w": "NICK",
"v": true,
"row": 4,
"col": 6,
"def": "A small cut in a surface."
},
{
"w": "LICE",
"v": false,
"row": 5,
"col": 5,
"def": "Plural form of louse."
},
{
"w": "CLINK",
"v": false,
"row": 0,
"col": 2,
"def": "The sound of metal on metal, or glass on glass."
},
{
"w": "LIKEN",
"v": false,
"row": 7,
"col": 0,
"def": "To compare; to state that (something) is like (something else)."
},
{
"w": "NICKEL",
"v": false,
"row": 2,
"col": 3,
"def": "A silvery elemental metal with an atomic number of 28 and symbol Ni."
}
]
}