{
"id": 1273,
"sub_category": "Pebble Pack",
"category": "Beach Group",
"type": 0,
"letters": "CDEEIT",
"mov": 22,
"shovels": 1,
"coins": 5,
"rows": 15,
"cols": 15,
"c": 0,
"b": -1,
"w": 10,
"h": 8,
"dws": [
"CITED",
"DIE",
"EIDE",
"TIED",
"CID",
"CEE",
"TEED",
"TID",
"TEC",
"DEE",
"DEI",
"CIT",
"IDE",
"ETIC",
"DEICE",
"IDEE",
"DIT",
"TICE",
"TED",
"ICED",
"DEET",
"CEDI",
"DITE",
"DICT",
"CETE"
],
"ws": [
{
"w": "ICE",
"v": true,
"row": 0,
"col": 4,
"def": "Water in frozen (solid) form."
},
{
"w": "TEE",
"v": true,
"row": 1,
"col": 2,
"def": "The name of the Latin script letter T/t."
},
{
"w": "TIE",
"v": true,
"row": 3,
"col": 3,
"def": "A necktie (item of clothing consisting of a strip of cloth tied around the neck)."
},
{
"w": "TIC",
"v": false,
"row": 1,
"col": 2,
"def": "A local and habitual convulsive motion of certain muscles."
},
{
"w": "CITE",
"v": false,
"row": 5,
"col": 0,
"def": "To quote; to repeat, as a passage from a book, or the words of another."
},
{
"w": "DICE",
"v": false,
"row": 0,
"col": 6,
"def": "Plural form of die."
},
{
"w": "DIET",
"v": false,
"row": 3,
"col": 0,
"def": "The food and beverage a person or animal consumes."
},
{
"w": "EDIT",
"v": false,
"row": 2,
"col": 4,
"def": "A change to the text of a document."
},
{
"w": "TIDE",
"v": true,
"row": 2,
"col": 7,
"def": "The periodic change of the sea level, particularly when caused by the gravitational influence of the sun and the moon."
},
{
"w": "CEDE",
"v": false,
"row": 4,
"col": 5,
"def": "To give up, give way, give away."
},
{
"w": "EDICT",
"v": true,
"row": 2,
"col": 0,
"def": "A proclamation of law or other authoritative command."
},
{
"w": "DECEIT",
"v": true,
"row": 2,
"col": 5,
"def": "An act or practice intended to deceive; a trick."
}
]
}