{
"id": 1275,
"sub_category": "Pebble Pack",
"category": "Beach Group",
"type": 0,
"letters": "ACEFFT",
"mov": 18,
"shovels": 1,
"coins": 5,
"rows": 15,
"cols": 15,
"c": 0,
"b": -1,
"w": 8,
"h": 8,
"dws": [
"AFT",
"CAF",
"AFF",
"ATE",
"TEA",
"FAE",
"ACT",
"TEFF",
"EFT",
"CAFF",
"TAE",
"EAT",
"TEC",
"CATE",
"TACE",
"CAT",
"EFF",
"FAT",
"TEF",
"ACE",
"ETA",
"FET"
],
"ws": [
{
"w": "CAFE",
"v": false,
"row": 4,
"col": 4,
"def": "A coffee shop; an establishment selling coffee and sometimes other drinks or snacks, with a facility to consume them on the premises."
},
{
"w": "FACE",
"v": true,
"row": 1,
"col": 7,
"def": "The front part of the head, featuring the eyes, nose, and mouth and the surrounding area."
},
{
"w": "FACT",
"v": true,
"row": 2,
"col": 4,
"def": "Action; the realm of action."
},
{
"w": "FATE",
"v": true,
"row": 0,
"col": 0,
"def": "The cause, force, principle, or divine will that predetermines events."
},
{
"w": "FEAT",
"v": true,
"row": 4,
"col": 6,
"def": "A relatively rare or difficult accomplishment."
},
{
"w": "FETA",
"v": false,
"row": 2,
"col": 4,
"def": "A variety of curd cheese made from sheep's or goat's milk and originating from Greece."
},
{
"w": "FACET",
"v": false,
"row": 5,
"col": 0,
"def": "Any one of the flat surfaces cut into a gem."
},
{
"w": "AFFECT",
"v": true,
"row": 1,
"col": 2,
"def": "To influence or alter."
}
]
}