{
"id": 1277,
"sub_category": "Pebble Pack",
"category": "Beach Group",
"type": 0,
"letters": "DEINSU",
"mov": 26,
"shovels": 1,
"coins": 5,
"rows": 15,
"cols": 15,
"c": 0,
"b": -1,
"w": 10,
"h": 10,
"dws": [
"UNI",
"NUS",
"DIE",
"SEI",
"NID",
"DUES",
"NUDIE",
"NIDE",
"SED",
"NEDS",
"DINES",
"NIDUS",
"DUNS",
"USED",
"SIEN",
"UNS",
"DUNES",
"SUID",
"INDUE",
"UDS",
"INDUES",
"DESI",
"SEN",
"NIS",
"DEUS",
"NUDES",
"NIED",
"DINS",
"DEI",
"SIND",
"DENIS",
"IDE",
"NIE",
"NUDIES",
"IDES",
"SNED",
"UNDE",
"ENS",
"DIS",
"NED",
"SUI",
"DENS",
"UNIS",
"DUI",
"SEND",
"EDS",
"SUED",
"DENI",
"IDS",
"DIES",
"NIDS",
"NIDES",
"INS",
"SUD",
"NIES",
"ENDS"
],
"ws": [
{
"w": "DEN",
"v": false,
"row": 2,
"col": 2,
"def": "The home of certain animals."
},
{
"w": "DUE",
"v": false,
"row": 0,
"col": 4,
"def": "Owed or owing."
},
{
"w": "END",
"v": true,
"row": 0,
"col": 6,
"def": "The final point of something in space or time."
},
{
"w": "SIN",
"v": true,
"row": 7,
"col": 2,
"def": "A violation of God's will or religious law."
},
{
"w": "SUE",
"v": true,
"row": 4,
"col": 9,
"def": "To follow."
},
{
"w": "SUN",
"v": false,
"row": 5,
"col": 2,
"def": "To expose the eyes to the sun as part of the Bates method."
},
{
"w": "USE",
"v": true,
"row": 2,
"col": 7,
"def": "The act of using."
},
{
"w": "DIN",
"v": true,
"row": 0,
"col": 4,
"def": "A loud noise; a cacophony or loud commotion."
},
{
"w": "DUN",
"v": false,
"row": 2,
"col": 6,
"def": "A brownish grey colour."
},
{
"w": "DINE",
"v": false,
"row": 6,
"col": 6,
"def": "To eat; to eat dinner or supper."
},
{
"w": "DUNE",
"v": true,
"row": 3,
"col": 0,
"def": "A ridge or hill of sand piled up by the wind."
},
{
"w": "SIDE",
"v": false,
"row": 8,
"col": 1,
"def": "A bounding straight edge of a two-dimensional shape."
},
{
"w": "NUDE",
"v": true,
"row": 4,
"col": 6,
"def": "Without clothing or other covering of the skin."
},
{
"w": "SINE",
"v": false,
"row": 4,
"col": 4,
"def": "In a right triangle, the ratio of the length of the side opposite an angle to the length of the hypotenuse."
},
{
"w": "SNIDE",
"v": true,
"row": 4,
"col": 4,
"def": "Sharp."
},
{
"w": "UNDIES",
"v": true,
"row": 0,
"col": 2,
"def": "Undefined"
}
]
}