{
"id": 1279,
"sub_category": "Pebble Pack",
"category": "Beach Group",
"type": 0,
"letters": "AAEIMN",
"mov": 22,
"shovels": 1,
"coins": 5,
"rows": 15,
"cols": 15,
"c": 0,
"b": -1,
"w": 11,
"h": 8,
"dws": [
"MAA",
"NEMA",
"AMAIN",
"AMA",
"NAE",
"NAAM",
"MINAE",
"MAE",
"ANE",
"AMIN",
"MIEN",
"MEIN",
"EINA",
"MINA",
"EAN",
"AMI",
"NIM",
"AMINE",
"AIA",
"ANI",
"ANA",
"AMNIA",
"AINE",
"AME",
"NIE",
"NAM",
"AIN",
"MANI",
"AMIE",
"AMIA",
"MNA",
"MANA",
"ANIME"
],
"ws": [
{
"w": "AIM",
"v": true,
"row": 4,
"col": 5,
"def": "The pointing of a weapon, as a gun, a dart, or an arrow, or object, in the line of direction with the object intended to be struck; the line of fire; the direction of anything, as a spear, a blow, a discourse, a remark, towards a particular point or object, with a view to strike or affect it."
},
{
"w": "MAN",
"v": false,
"row": 6,
"col": 5,
"def": "An adult male human."
},
{
"w": "MEN",
"v": true,
"row": 4,
"col": 7,
"def": "Plural form of man."
},
{
"w": "AMEN",
"v": false,
"row": 6,
"col": 0,
"def": "At the end of Judeo-Christian prayers: so be it."
},
{
"w": "MAIN",
"v": false,
"row": 4,
"col": 7,
"def": "Great in size or degree; vast; strong; powerful; important."
},
{
"w": "MANE",
"v": true,
"row": 4,
"col": 3,
"def": "Longer hair growth on back of neck of an animal, especially a horse or lion."
},
{
"w": "MEAN",
"v": true,
"row": 1,
"col": 10,
"def": "To intend."
},
{
"w": "MINE",
"v": false,
"row": 2,
"col": 7,
"def": "Non-premodifying possessive case of I. My; belonging to me; that which belongs to me."
},
{
"w": "NAME",
"v": true,
"row": 4,
"col": 1,
"def": "Any nounal word or phrase which indicates a particular person, place, class, or thing."
},
{
"w": "MANIA",
"v": false,
"row": 0,
"col": 4,
"def": "Violent derangement of mind; madness; insanity."
},
{
"w": "ANIMA",
"v": true,
"row": 0,
"col": 8,
"def": "The soul or inner self of a person."
},
{
"w": "ANEMIA",
"v": false,
"row": 4,
"col": 0,
"def": "A medical condition in which the capacity of the blood to transport oxygen to the tissues is reduced, either because of too few red blood cells, or because of too little hemoglobin, resulting in pallor and fatigue."
}
]
}