{
"id": 128,
"sub_category": "Arch Pack",
"category": "Canyon Group",
"type": 0,
"letters": "EINNRW",
"mov": 18,
"shovels": 1,
"coins": 5,
"rows": 15,
"cols": 15,
"c": 0,
"b": -1,
"w": 8,
"h": 7,
"dws": [
"WREN",
"REW",
"NIE",
"WINN",
"WEN",
"RIN",
"WEIR",
"REN",
"REIN",
"NINER",
"ERN",
"RENIN",
"REI",
"REWIN",
"IRE",
"RINE"
],
"ws": [
{
"w": "INN",
"v": true,
"row": 4,
"col": 0,
"def": "Any establishment where travellers can procure lodging, food, and drink."
},
{
"w": "NEW",
"v": false,
"row": 0,
"col": 5,
"def": "Recently made, or created."
},
{
"w": "WIN",
"v": true,
"row": 2,
"col": 2,
"def": "Pleasure; joy; delight."
},
{
"w": "NINE",
"v": true,
"row": 0,
"col": 5,
"def": "A numerical value equal to 9; the number occurring after eight and before ten."
},
{
"w": "WINE",
"v": false,
"row": 0,
"col": 0,
"def": "An alcoholic beverage made by fermenting juice of grapes."
},
{
"w": "WIRE",
"v": true,
"row": 0,
"col": 7,
"def": "Metal formed into a thin, even thread, now usually by being drawn through a hole in a steel die."
},
{
"w": "INNER",
"v": false,
"row": 4,
"col": 0,
"def": "Being or occurring (farther) inside, situated farther in, located (situated) or happening on the inside of something, situated within or farther within contained within something (inner door, inner room, inner sanctum, inner surface)."
},
{
"w": "WINNER",
"v": false,
"row": 2,
"col": 2,
"def": "One who has won or often wins."
}
]
}