{
"id": 1280,
"sub_category": "Pebble Pack",
"category": "Beach Group",
"type": 0,
"letters": "ABEEGL",
"mov": 18,
"shovels": 1,
"coins": 5,
"rows": 15,
"cols": 15,
"c": 0,
"b": -1,
"w": 8,
"h": 8,
"dws": [
"BAG",
"BLAE",
"EEL",
"GLEBAE",
"GEE",
"GLEBA",
"BEL",
"BEAL",
"BELGA",
"LAB",
"GEAL",
"BEG",
"BEE",
"ALE",
"BLAG",
"LEA",
"EALE",
"ALEE",
"GAL",
"AGLEE",
"ABELE",
"LEE",
"EGAL",
"GEL",
"GAB",
"ALB",
"AGE",
"BAEL",
"GLEBE",
"LEG",
"ALBE",
"LAG",
"BAL",
"AGEE",
"BLEE",
"GAE"
],
"ws": [
{
"w": "ABLE",
"v": true,
"row": 4,
"col": 0,
"def": "A word that is used in place of the letter \"A\" during communication."
},
{
"w": "GLEE",
"v": false,
"row": 6,
"col": 4,
"def": "Joy; merriment; mirth; gaiety; particularly, the mirth enjoyed at a feast."
},
{
"w": "BALE",
"v": false,
"row": 5,
"col": 0,
"def": "Evil, especially considered as an active force for destruction or death."
},
{
"w": "GALE",
"v": true,
"row": 2,
"col": 3,
"def": "To sing; charm; enchant."
},
{
"w": "EAGLE",
"v": true,
"row": 2,
"col": 7,
"def": "Any of several large carnivorous and carrion-eating birds in the family Accipitridae, having a powerful hooked bill and keen vision."
},
{
"w": "BAGEL",
"v": false,
"row": 0,
"col": 0,
"def": "A toroidal bread roll that is boiled before it is baked."
},
{
"w": "GABLE",
"v": false,
"row": 2,
"col": 3,
"def": "The triangular area of external wall adjacent to two meeting sloped roofs."
},
{
"w": "BEAGLE",
"v": true,
"row": 2,
"col": 5,
"def": "A small short-legged smooth-coated hound, often used for hunting hares. Often tri-coloured, its friendly disposition makes it suitable as a family pet."
}
]
}