{
"id": 1283,
"sub_category": "Wood Pack",
"category": "Fog Group",
"type": 0,
"letters": "CEILPS",
"mov": 26,
"shovels": 1,
"coins": 5,
"rows": 15,
"cols": 15,
"c": 0,
"b": -1,
"w": 12,
"h": 9,
"dws": [
"PISE",
"PICS",
"PLIES",
"CEILS",
"SIC",
"CLIPS",
"SEI",
"SPIE",
"CELS",
"LES",
"SIPE",
"CIEL",
"LEPS",
"SLIPE",
"LEI",
"PSI",
"PES",
"PIS",
"CLIES",
"LEIS",
"SICE",
"LIS",
"SILE",
"CEIL",
"PEL",
"CIELS",
"CEL",
"SEL",
"SIP",
"LIPE",
"PECS",
"PILES",
"PEC",
"PLIE",
"ICES",
"SPIEL",
"LIES",
"CIS",
"SPIC",
"SPILE",
"ELS",
"PIES",
"EPICS",
"SEPIC",
"LIPS",
"CEPS",
"SEC",
"PICE",
"PELS",
"LEP",
"CEP",
"SEIL",
"SPEIL"
],
"ws": [
{
"w": "ICE",
"v": true,
"row": 3,
"col": 6,
"def": "Water in frozen (solid) form."
},
{
"w": "LIE",
"v": false,
"row": 3,
"col": 5,
"def": "To be in a horizontal position."
},
{
"w": "LIP",
"v": false,
"row": 2,
"col": 9,
"def": "Either of the two fleshy protrusions around the opening of the mouth."
},
{
"w": "PIE",
"v": true,
"row": 1,
"col": 7,
"def": "A type of pastry that consists of an outer crust and a filling."
},
{
"w": "PIC",
"v": false,
"row": 1,
"col": 7,
"def": "A picture, especially a photographic image."
},
{
"w": "CLIP",
"v": true,
"row": 1,
"col": 9,
"def": "To grip tightly."
},
{
"w": "EPIC",
"v": true,
"row": 1,
"col": 11,
"def": "An extended narrative poem in elevated or dignified language, celebrating the feats of a deity or demigod (heroic epic) or other legendary or traditional hero."
},
{
"w": "PILE",
"v": false,
"row": 8,
"col": 5,
"def": "A dart; an arrow."
},
{
"w": "SLIP",
"v": false,
"row": 3,
"col": 0,
"def": "Mud, slime."
},
{
"w": "ISLE",
"v": false,
"row": 5,
"col": 3,
"def": "An island."
},
{
"w": "LISP",
"v": true,
"row": 5,
"col": 5,
"def": "The habit or an act of lisping."
},
{
"w": "LICE",
"v": true,
"row": 3,
"col": 1,
"def": "Plural form of louse."
},
{
"w": "SPEC",
"v": false,
"row": 4,
"col": 8,
"def": "Short form of specification."
},
{
"w": "SLICE",
"v": true,
"row": 4,
"col": 8,
"def": "That which is thin and broad."
},
{
"w": "SPICE",
"v": false,
"row": 0,
"col": 1,
"def": "Plant matter (usually dried) used to season or flavour food."
},
{
"w": "SPLICE",
"v": true,
"row": 2,
"col": 3,
"def": "A junction or joining of ropes made by splicing them together."
}
]
}