{
"id": 1289,
"sub_category": "Wood Pack",
"category": "Fog Group",
"type": 0,
"letters": "EGLNOU",
"mov": 20,
"shovels": 1,
"coins": 5,
"rows": 15,
"cols": 15,
"c": 0,
"b": -1,
"w": 9,
"h": 9,
"dws": [
"GNU",
"LUNE",
"LOUN",
"ONE",
"EON",
"GLUON",
"NOULE",
"NOG",
"LOU",
"NEG",
"GUE",
"LUN",
"NUG",
"NOUL",
"OLE",
"EGO",
"LENO",
"GOEL",
"NOLE",
"GUL",
"LOGE",
"GON",
"GOE",
"LOG",
"GEN",
"LENG",
"GUN",
"GULE",
"GEL",
"GEO",
"ULE",
"ENOL",
"LEU",
"LEG",
"LUG",
"ENG",
"GOLE",
"LONGE",
"GENU",
"LONG"
],
"ws": [
{
"w": "GLUE",
"v": true,
"row": 5,
"col": 3,
"def": "A hard gelatin made by boiling bones and hides, used in solution as an adhesive; or any sticky adhesive substance."
},
{
"w": "GONE",
"v": false,
"row": 3,
"col": 0,
"def": "Past participle of go."
},
{
"w": "LONE",
"v": true,
"row": 4,
"col": 6,
"def": "Solitary; having no companion."
},
{
"w": "LUNG",
"v": true,
"row": 1,
"col": 5,
"def": "A biological organ that extracts oxygen from the air."
},
{
"w": "GLEN",
"v": false,
"row": 4,
"col": 5,
"def": "A secluded and narrow valley; a dale; a depression between hills."
},
{
"w": "LUGE",
"v": false,
"row": 5,
"col": 1,
"def": "A racing sled for one or two people that is ridden with the rider or riders lying on their back."
},
{
"w": "NOEL",
"v": true,
"row": 2,
"col": 1,
"def": "Christmas."
},
{
"w": "OGLE",
"v": true,
"row": 0,
"col": 3,
"def": ", (intransitive) To stare at (someone or something), especially impertinently, amorously, or covetously."
},
{
"w": "LUNGE",
"v": false,
"row": 7,
"col": 2,
"def": "A sudden forward movement, especially with a sword."
},
{
"w": "LOUNGE",
"v": false,
"row": 2,
"col": 3,
"def": "A waiting room in an office, airport etc."
}
]
}