{
"id": 1294,
"sub_category": "Wood Pack",
"category": "Fog Group",
"type": 0,
"letters": "ACEENS",
"mov": 22,
"shovels": 1,
"coins": 5,
"rows": 15,
"cols": 15,
"c": 0,
"b": -1,
"w": 11,
"h": 9,
"dws": [
"ENCASE",
"ACNES",
"ANS",
"NAE",
"SENECA",
"ESNE",
"SENA",
"ANE",
"CEE",
"SEN",
"EANS",
"ENE",
"CENSE",
"EAN",
"CEES",
"NAS",
"CAN",
"ESE",
"SAE",
"SEAN",
"CANES",
"ANCE",
"ACE",
"ENES",
"NEE",
"CENS",
"SENE",
"SAC",
"ENS",
"NAES",
"SAN",
"SEC",
"EAS",
"SEA",
"SCENA",
"ANES",
"SNEE",
"SEE",
"AESC",
"EEN"
],
"ws": [
{
"w": "ACES",
"v": false,
"row": 0,
"col": 7,
"def": "Plural form of ace."
},
{
"w": "ACNE",
"v": false,
"row": 0,
"col": 2,
"def": "A skin condition, usually of the face, that is common in adolescents. It is characterised by red pimples, and is caused by the inflammation of sebaceous glands through bacterial infection."
},
{
"w": "CANE",
"v": true,
"row": 0,
"col": 3,
"def": "The slender, flexible main stem of a plant such as bamboo, including many species in the Grass family Gramineae."
},
{
"w": "CANS",
"v": true,
"row": 0,
"col": 8,
"def": "Plural form of can."
},
{
"w": "CASE",
"v": false,
"row": 3,
"col": 0,
"def": "An actual event, situation, or fact."
},
{
"w": "EASE",
"v": true,
"row": 0,
"col": 5,
"def": "The state of being comfortable or free from stress."
},
{
"w": "SANE",
"v": true,
"row": 2,
"col": 1,
"def": "Being in a healthy condition; not deranged; acting rationally; -- regarding the mind."
},
{
"w": "SCAN",
"v": true,
"row": 5,
"col": 0,
"def": "To examine sequentially, part by part."
},
{
"w": "SEEN",
"v": false,
"row": 5,
"col": 0,
"def": "Past participle of see."
},
{
"w": "SCENE",
"v": true,
"row": 0,
"col": 10,
"def": "The location of an event that attracts attention."
},
{
"w": "CEASE",
"v": false,
"row": 7,
"col": 3,
"def": "To stop."
},
{
"w": "SEANCE",
"v": false,
"row": 2,
"col": 5,
"def": "A ceremony where people try to communicate with the spirits of dead people, usually led by a medium."
}
]
}