{
"id": 1298,
"sub_category": "Valley Pack",
"category": "Fog Group",
"type": 0,
"letters": "BEFLMU",
"mov": 22,
"shovels": 1,
"coins": 5,
"rows": 15,
"cols": 15,
"c": 0,
"b": -1,
"w": 9,
"h": 9,
"dws": [
"BEL",
"FEM",
"FUME",
"LUM",
"FUB",
"UMBLE",
"UMBE",
"MEL",
"UMBEL",
"ULE",
"FEU",
"BUMF",
"FLUB",
"MEU",
"BLUME",
"LEU",
"FUM",
"EMF"
],
"ws": [
{
"w": "ELF",
"v": true,
"row": 1,
"col": 0,
"def": "A mythical, supernatural being resembling but seen as distinct from humans."
},
{
"w": "ELM",
"v": false,
"row": 8,
"col": 4,
"def": "A tree of the genus Ulmus of the family Ulmaceae, large deciduous trees with alternate stipulate leaves and small apetalous flowers."
},
{
"w": "FLU",
"v": false,
"row": 3,
"col": 0,
"def": "Influenza."
},
{
"w": "EMU",
"v": false,
"row": 7,
"col": 2,
"def": "A large flightless bird native to Australia, Dromaius novaehollandiae."
},
{
"w": "BUM",
"v": true,
"row": 6,
"col": 6,
"def": "The buttocks."
},
{
"w": "BLUE",
"v": true,
"row": 5,
"col": 4,
"def": "Having a bluish colour shade."
},
{
"w": "FUEL",
"v": false,
"row": 0,
"col": 2,
"def": "Substance consumed to provide energy through combustion, or through chemical or nuclear reaction."
},
{
"w": "MULE",
"v": true,
"row": 3,
"col": 7,
"def": "A generally sterile male or female hybrid offspring of a male donkey and a female horse."
},
{
"w": "LUBE",
"v": false,
"row": 6,
"col": 4,
"def": "Lubricant."
},
{
"w": "FLUE",
"v": true,
"row": 0,
"col": 8,
"def": "A pipe or duct that carries gaseous combustion products away from the point of combustion (such as a furnace)."
},
{
"w": "FLUME",
"v": false,
"row": 3,
"col": 4,
"def": "A ravine or gorge, usually one with water running through."
},
{
"w": "FUMBLE",
"v": true,
"row": 2,
"col": 2,
"def": "To idly touch or nervously handle."
}
]
}