{
"id": 1305,
"sub_category": "Valley Pack",
"category": "Fog Group",
"type": 0,
"letters": "EIRSST",
"mov": 28,
"shovels": 1,
"coins": 5,
"rows": 15,
"cols": 15,
"c": 0,
"b": -1,
"w": 13,
"h": 10,
"dws": [
"TRESS",
"RET",
"SITES",
"RIT",
"ESTS",
"SEI",
"ERST",
"TRES",
"REIS",
"REI",
"SEIS",
"SER",
"SERS",
"SEIR",
"SIRES",
"RESTS",
"TIES",
"RISES",
"SIRS",
"STIES",
"SIES",
"ERS",
"RETS",
"REIST",
"IRES",
"SETS",
"EST",
"RESIT",
"TIERS",
"SIST",
"SRIS",
"TES",
"ESS",
"RITES",
"STIE",
"SITS",
"TRIE",
"TIRES",
"REST",
"RESITS",
"SRI",
"RES",
"RITS",
"STIRS"
],
"ws": [
{
"w": "ITS",
"v": false,
"row": 2,
"col": 0,
"def": "The one (or ones) belonging to it."
},
{
"w": "SET",
"v": false,
"row": 6,
"col": 0,
"def": "To put (something) down, to rest."
},
{
"w": "SIR",
"v": true,
"row": 2,
"col": 2,
"def": "A man of a higher rank or position."
},
{
"w": "SIT",
"v": true,
"row": 6,
"col": 0,
"def": "To be in a position in which the upper body is upright and the legs (especially the upper legs) are supported by some object."
},
{
"w": "TIE",
"v": false,
"row": 8,
"col": 0,
"def": "A necktie (item of clothing consisting of a strip of cloth tied around the neck)."
},
{
"w": "TIS",
"v": true,
"row": 7,
"col": 4,
"def": "Plural of til."
},
{
"w": "IRE",
"v": true,
"row": 4,
"col": 1,
"def": "Iron."
},
{
"w": "SIS",
"v": false,
"row": 4,
"col": 7,
"def": "Shortened form of sister."
},
{
"w": "RISE",
"v": false,
"row": 9,
"col": 2,
"def": "The process of or an action or instance of moving upwards or becoming greater."
},
{
"w": "SITE",
"v": true,
"row": 4,
"col": 7,
"def": "Sorrow, grief."
},
{
"w": "STIR",
"v": true,
"row": 4,
"col": 9,
"def": "To change the place of in any manner; to move."
},
{
"w": "TIRE",
"v": false,
"row": 7,
"col": 4,
"def": "To become sleepy or weary."
},
{
"w": "RITE",
"v": false,
"row": 7,
"col": 9,
"def": "A religious custom."
},
{
"w": "TIER",
"v": true,
"row": 6,
"col": 2,
"def": "One who ties (knots, etc)."
},
{
"w": "SIRE",
"v": false,
"row": 4,
"col": 0,
"def": "A lord, master, or other person in authority, most commonly used vocatively."
},
{
"w": "TRIES",
"v": true,
"row": 0,
"col": 0,
"def": "Plural form of try."
},
{
"w": "RESIST",
"v": true,
"row": 2,
"col": 11,
"def": "To attempt to counter the actions or effects of."
},
{
"w": "SISTER",
"v": true,
"row": 0,
"col": 5,
"def": "A daughter of the same parents as another person; a female sibling."
}
]
}