{
"id": 1315,
"sub_category": "Lake Pack",
"category": "Fog Group",
"type": 0,
"letters": "ALLMOS",
"mov": 16,
"shovels": 1,
"coins": 5,
"rows": 15,
"cols": 15,
"c": 0,
"b": -1,
"w": 7,
"h": 6,
"dws": [
"MOLAL",
"SALOL",
"SAL",
"OLLAS",
"SOMA",
"LOMA",
"MOLAS",
"MOA",
"MAS",
"MOAS",
"MOLS",
"MALLS",
"OMS",
"MOS",
"OLLA",
"OMAS",
"OLM",
"SOLA",
"ALLS",
"OLMS",
"MOLL",
"SMA",
"MOLLS",
"MALS",
"SALL",
"LOS",
"LAS",
"LAMS",
"MOL",
"LOL",
"SAM",
"ALL",
"ALS",
"ALSO",
"LOMAS",
"MOLA",
"LAM",
"MOLLA",
"MAL",
"LOAMS",
"SOL",
"OMA",
"SOM"
],
"ws": [
{
"w": "MALL",
"v": true,
"row": 2,
"col": 5,
"def": "A large heavy wooden beetle; a mallet for driving anything with force; a maul."
},
{
"w": "SLAM",
"v": false,
"row": 0,
"col": 3,
"def": "To shut with sudden force so as to produce a shock and noise."
},
{
"w": "ALMS",
"v": true,
"row": 1,
"col": 1,
"def": "Something given to the poor as charity, such as money, clothing or food."
},
{
"w": "LOAM",
"v": true,
"row": 2,
"col": 3,
"def": "A kind of soil; an earthy mixture of clay and sand, with organic matter to which its fertility is chiefly due."
},
{
"w": "SMALL",
"v": false,
"row": 4,
"col": 1,
"def": "Not large or big; insignificant; few in numbers or size."
},
{
"w": "SLALOM",
"v": false,
"row": 2,
"col": 0,
"def": "The sport of skiing in a zigzag course through gates. (Often used attributively)."
}
]
}