{
"id": 1317,
"sub_category": "Lake Pack",
"category": "Fog Group",
"type": 0,
"letters": "FINOTY",
"mov": 16,
"shovels": 1,
"coins": 5,
"rows": 15,
"cols": 15,
"c": 0,
"b": -1,
"w": 7,
"h": 6,
"dws": [
"YON",
"FOY",
"NIT",
"TONY",
"FIN",
"ION",
"YIN",
"FOIN",
"FINO",
"NOY",
"FIT",
"TONIFY",
"TIYN",
"YONT",
"FON",
"YONI",
"OINT",
"TON",
"NOT",
"OFT",
"TIN",
"ONY",
"TOY",
"TYIN"
],
"ws": [
{
"w": "INFO",
"v": true,
"row": 0,
"col": 3,
"def": "Short form of the word information."
},
{
"w": "INTO",
"v": false,
"row": 3,
"col": 0,
"def": "Going inside (of)."
},
{
"w": "TINY",
"v": true,
"row": 0,
"col": 5,
"def": "Very small."
},
{
"w": "FONT",
"v": false,
"row": 2,
"col": 3,
"def": "A receptacle in a church for holy water - especially one used in baptism."
},
{
"w": "NIFTY",
"v": false,
"row": 0,
"col": 2,
"def": "Good; a general term for anything that is good, useful or beneficial."
},
{
"w": "NOTIFY",
"v": true,
"row": 0,
"col": 0,
"def": "To give (someone) notice of (something)."
}
]
}