{
"id": 1320,
"sub_category": "Lake Pack",
"category": "Fog Group",
"type": 0,
"letters": "AMNORS",
"mov": 24,
"shovels": 1,
"coins": 5,
"rows": 15,
"cols": 15,
"c": 0,
"b": -1,
"w": 12,
"h": 11,
"dws": [
"MAR",
"MNAS",
"NAMS",
"NORMS",
"NOMA",
"MONAS",
"SON",
"ANS",
"SOMA",
"ONS",
"ARM",
"MANS",
"ROMA",
"ROMANS",
"MOA",
"MAS",
"MOAS",
"MANOS",
"SNAR",
"OMS",
"MONA",
"MOS",
"NOMAS",
"ROMAS",
"OMAS",
"ROAMS",
"OSAR",
"MORNS",
"RAM",
"SMA",
"RAN",
"MARS",
"NAS",
"ORA",
"MANORS",
"MORN",
"RNA",
"SORN",
"NAM",
"NORMA",
"MOR",
"ARS",
"SAR",
"SAM",
"MORA",
"MON",
"ROANS",
"NOS",
"NOR",
"MANO",
"ROM",
"RAMSON",
"SAN",
"ORS",
"MNA",
"MONS",
"MORAS",
"RAS",
"MAN",
"NAOS",
"NOMS",
"MOANS",
"SOMAN",
"ROMS",
"SORA",
"MORS",
"OAR",
"NOM",
"OMA",
"SOM"
],
"ws": [
{
"w": "ARMS",
"v": true,
"row": 1,
"col": 7,
"def": "Plural form of arm."
},
{
"w": "OARS",
"v": false,
"row": 2,
"col": 5,
"def": "Plural form of oar."
},
{
"w": "RAMS",
"v": true,
"row": 5,
"col": 11,
"def": "Plural form of ram."
},
{
"w": "ROAM",
"v": false,
"row": 7,
"col": 8,
"def": "To wander or travel freely and with no specific destination."
},
{
"w": "SOAR",
"v": false,
"row": 4,
"col": 7,
"def": "To fly aloft with little effort, as a bird."
},
{
"w": "NORM",
"v": true,
"row": 1,
"col": 5,
"def": "That which is regarded as normal or typical."
},
{
"w": "MOAN",
"v": false,
"row": 1,
"col": 2,
"def": "A low, mournful cry of pain, sorrow or pleasure."
},
{
"w": "ROAN",
"v": true,
"row": 0,
"col": 3,
"def": "Especially of a horse, having a coat of a dark base color with individual white hairs mixed in."
},
{
"w": "ARSON",
"v": true,
"row": 4,
"col": 9,
"def": "The crime of setting a fire with intent to cause damage."
},
{
"w": "ROMAN",
"v": true,
"row": 6,
"col": 6,
"def": "Upright, as opposed to italic."
},
{
"w": "MANOR",
"v": false,
"row": 3,
"col": 1,
"def": "A landed estate."
},
{
"w": "MASON",
"v": true,
"row": 3,
"col": 1,
"def": "One whose occupation is to build with stone or brick; also, one who prepares stone for building purposes."
},
{
"w": "SONAR",
"v": false,
"row": 6,
"col": 0,
"def": "Echolocation."
},
{
"w": "RANSOM",
"v": true,
"row": 5,
"col": 3,
"def": "Money paid for the freeing of a hostage."
}
]
}