{
"id": 1327,
"sub_category": "Lake Pack",
"category": "Fog Group",
"type": 0,
"letters": "AEHMMR",
"mov": 28,
"shovels": 1,
"coins": 5,
"rows": 15,
"cols": 15,
"c": 0,
"b": -1,
"w": 11,
"h": 9,
"dws": [
"HERM",
"HAEM",
"MEM",
"AME",
"REH",
"EMMA",
"MARM",
"HERMA",
"HMM",
"HAE",
"MEH",
"RHEA",
"MAE",
"REAM",
"HAME",
"ERM",
"RAH"
],
"ws": [
{
"w": "ARE",
"v": false,
"row": 1,
"col": 1,
"def": "Second-person singular simple present tense of be."
},
{
"w": "ARM",
"v": false,
"row": 2,
"col": 3,
"def": "The portion of the upper human appendage, from the shoulder to the wrist and sometimes including the hand."
},
{
"w": "EAR",
"v": false,
"row": 3,
"col": 1,
"def": "The organ of hearing, consisting of the pinna, auditory canal, eardrum, malleus, incus, stapes and cochlea."
},
{
"w": "ERA",
"v": true,
"row": 4,
"col": 8,
"def": "A time period of indeterminate length, generally more than one year."
},
{
"w": "HAM",
"v": true,
"row": 0,
"col": 5,
"def": "The region back of the knee joint; the popliteal space; the hock."
},
{
"w": "HEM",
"v": false,
"row": 0,
"col": 5,
"def": "Used to fill in the gap of a pause with a vocalized sound."
},
{
"w": "HER",
"v": true,
"row": 6,
"col": 7,
"def": "Belonging to her."
},
{
"w": "MAR",
"v": true,
"row": 0,
"col": 7,
"def": "To spoil, to damage."
},
{
"w": "RAM",
"v": false,
"row": 2,
"col": 7,
"def": "A male sheep."
},
{
"w": "MAM",
"v": true,
"row": 2,
"col": 9,
"def": "Diminutive of mother."
},
{
"w": "REM",
"v": false,
"row": 4,
"col": 7,
"def": "Rapid eye movement, a sleep state."
},
{
"w": "HARE",
"v": true,
"row": 0,
"col": 1,
"def": "Any of several plant-eating animals of the family Leporidae, especially of the genus Lepus, similar to a rabbit, but larger and with longer ears."
},
{
"w": "HARM",
"v": false,
"row": 6,
"col": 7,
"def": "Injury; hurt; damage; detriment; misfortune."
},
{
"w": "HEAR",
"v": true,
"row": 0,
"col": 3,
"def": "To sympathize with; to share the feeling or opinion of."
},
{
"w": "MARE",
"v": false,
"row": 8,
"col": 5,
"def": "An adult female horse."
},
{
"w": "AHEM",
"v": true,
"row": 3,
"col": 2,
"def": "The sound of a quiet cough or of clearing one's throat."
},
{
"w": "HAREM",
"v": true,
"row": 4,
"col": 5,
"def": "The private part of an Arab household. In traditional Arab culture, this part of the household was forbidden to male strangers."
},
{
"w": "HAMMER",
"v": false,
"row": 6,
"col": 0,
"def": "A tool with a heavy head and a handle used for pounding."
}
]
}