{
"id": 1330,
"sub_category": "Range Pack",
"category": "Fog Group",
"type": 0,
"letters": "AEERSV",
"mov": 30,
"shovels": 1,
"coins": 5,
"rows": 15,
"cols": 15,
"c": 0,
"b": -1,
"w": 13,
"h": 12,
"dws": [
"VARS",
"AVER",
"RASE",
"VERA",
"SAV",
"VEERS",
"RAVS",
"SER",
"ERE",
"VAES",
"REES",
"RAVES",
"EREV",
"RAV",
"EVES",
"VERS",
"VEE",
"EREVS",
"AVE",
"ERES",
"VAS",
"SERE",
"EAVES",
"ERS",
"ARSE",
"VARES",
"ESE",
"REV",
"SERA",
"REAVE",
"ARES",
"AVES",
"SAE",
"AVERS",
"SAR",
"ARS",
"ERAS",
"EAVE",
"EASER",
"REE",
"VARE",
"EARS",
"VAR",
"VAE",
"SEV",
"RAS",
"SAREE",
"EAS",
"RES",
"REVS",
"REAVES",
"VEES"
],
"ws": [
{
"w": "ARE",
"v": false,
"row": 3,
"col": 7,
"def": "Second-person singular simple present tense of be."
},
{
"w": "EAR",
"v": true,
"row": 2,
"col": 7,
"def": "The organ of hearing, consisting of the pinna, auditory canal, eardrum, malleus, incus, stapes and cochlea."
},
{
"w": "ERA",
"v": true,
"row": 2,
"col": 5,
"def": "A time period of indeterminate length, generally more than one year."
},
{
"w": "EVE",
"v": false,
"row": 2,
"col": 5,
"def": "The day or night before, usually used for holidays, such as Christmas Eve."
},
{
"w": "SEA",
"v": false,
"row": 2,
"col": 9,
"def": "A large body of salty water. (Major seas are known as oceans.)."
},
{
"w": "SEE",
"v": true,
"row": 2,
"col": 9,
"def": "To perceive or detect with the eyes, or as if by sight."
},
{
"w": "EASE",
"v": true,
"row": 3,
"col": 3,
"def": "The state of being comfortable or free from stress."
},
{
"w": "EVER",
"v": false,
"row": 4,
"col": 9,
"def": "Always."
},
{
"w": "SAVE",
"v": true,
"row": 1,
"col": 11,
"def": "In various sports, a block that prevents an opponent from scoring."
},
{
"w": "VASE",
"v": false,
"row": 6,
"col": 0,
"def": "A container used mainly for displaying fresh, dried, or artificial flowers."
},
{
"w": "SEAR",
"v": false,
"row": 3,
"col": 2,
"def": "Dry; withered, especially of vegetation."
},
{
"w": "SEER",
"v": true,
"row": 6,
"col": 2,
"def": "Agent noun of see; one who sees something; an eyewitness."
},
{
"w": "RAVE",
"v": true,
"row": 4,
"col": 12,
"def": "An enthusiastic review (such as of a play)."
},
{
"w": "VEER",
"v": false,
"row": 8,
"col": 1,
"def": "A turn or swerve; an instance of veering."
},
{
"w": "SERVE",
"v": false,
"row": 10,
"col": 4,
"def": "An act of putting the ball or shuttlecock in play in various games."
},
{
"w": "VERSE",
"v": false,
"row": 0,
"col": 4,
"def": "A poetic form with regular meter and a fixed rhyme scheme."
},
{
"w": "ERASE",
"v": true,
"row": 7,
"col": 4,
"def": "To remove markings or information."
},
{
"w": "SAVER",
"v": true,
"row": 6,
"col": 6,
"def": "One who saves."
},
{
"w": "SEVER",
"v": false,
"row": 6,
"col": 6,
"def": "To cut free."
},
{
"w": "AVERSE",
"v": true,
"row": 5,
"col": 8,
"def": "Having a repugnance or opposition of mind."
}
]
}