{
"id": 1335,
"sub_category": "Range Pack",
"category": "Fog Group",
"type": 0,
"letters": "AEGILO",
"mov": 16,
"shovels": 1,
"coins": 5,
"rows": 15,
"cols": 15,
"c": 0,
"b": -1,
"w": 8,
"h": 6,
"dws": [
"GIE",
"LIG",
"GLEI",
"ILEA",
"LEI",
"LIE",
"GLIA",
"GAOL",
"OLE",
"EGO",
"GOEL",
"GOA",
"GEAL",
"AGIO",
"ALE",
"OLEA",
"LEA",
"GAL",
"LOGE",
"GILA",
"LOG",
"GOE",
"EGAL",
"GEL",
"GEO",
"AGE",
"LEG",
"AIL",
"LAG",
"AGO",
"LOGIA",
"GOLE",
"OIL",
"GIO",
"GAE",
"LOGIE"
],
"ws": [
{
"w": "GOAL",
"v": true,
"row": 2,
"col": 2,
"def": "A result that one is attempting to achieve."
},
{
"w": "GALE",
"v": false,
"row": 1,
"col": 4,
"def": "To sing; charm; enchant."
},
{
"w": "ALOE",
"v": true,
"row": 0,
"col": 6,
"def": "The resins of the trees Aquilaria agallocha and Aquilaria malaccensis, known for their fragrant odour."
},
{
"w": "OGLE",
"v": false,
"row": 5,
"col": 0,
"def": ", (intransitive) To stare at (someone or something), especially impertinently, amorously, or covetously."
},
{
"w": "AGILE",
"v": true,
"row": 0,
"col": 4,
"def": "Having the faculty of quick motion in the limbs; apt or ready to move; nimble; active; as, an agile boy; an agile tongue."
},
{
"w": "GOALIE",
"v": false,
"row": 3,
"col": 1,
"def": "Goalkeeper or goaltender."
}
]
}