{
"id": 1338,
"sub_category": "Range Pack",
"category": "Fog Group",
"type": 0,
"letters": "BCEIRS",
"mov": 20,
"shovels": 1,
"coins": 5,
"rows": 15,
"cols": 15,
"c": 0,
"b": -1,
"w": 9,
"h": 9,
"dws": [
"REC",
"SIC",
"CIRES",
"SEI",
"BRIS",
"RIBES",
"SERIC",
"BISE",
"BREI",
"REIS",
"REI",
"SICE",
"SER",
"RICES",
"SEIR",
"BIS",
"ICERS",
"BICES",
"BIRSE",
"ERS",
"BES",
"BRISE",
"SIB",
"CIRE",
"RIB",
"BREIS",
"SIR",
"CRIBS",
"BIER",
"CIS",
"BICE",
"BIERS",
"ERICS",
"BRIES",
"ERIC",
"ICE",
"ICER",
"RECS",
"REB",
"CRIS",
"SEC",
"SRI",
"REBS",
"RES",
"IRE"
],
"ws": [
{
"w": "CRIB",
"v": true,
"row": 3,
"col": 1,
"def": "A baby's bed (British and Australasian cot) with high, often slatted, often moveable sides, suitable for a child who has outgrown a cradle or bassinet."
},
{
"w": "ICES",
"v": false,
"row": 3,
"col": 0,
"def": "Plural form of ice."
},
{
"w": "RIBS",
"v": true,
"row": 0,
"col": 7,
"def": "Plural form of rib."
},
{
"w": "RICE",
"v": true,
"row": 0,
"col": 2,
"def": "Cereal plants (Oryza sativa) of the grass family whose seeds are used as food."
},
{
"w": "RISE",
"v": false,
"row": 3,
"col": 5,
"def": "The process of or an action or instance of moving upwards or becoming greater."
},
{
"w": "SIRE",
"v": true,
"row": 1,
"col": 5,
"def": "A lord, master, or other person in authority, most commonly used vocatively."
},
{
"w": "IRES",
"v": false,
"row": 1,
"col": 2,
"def": "Third-person singular simple present indicative form of ire."
},
{
"w": "BRIE",
"v": false,
"row": 6,
"col": 1,
"def": "A variety of soft, mild French cheese made from cow's milk."
},
{
"w": "CRIES",
"v": false,
"row": 8,
"col": 0,
"def": "Third-person singular simple present indicative form of cry."
},
{
"w": "SCRIBE",
"v": true,
"row": 3,
"col": 3,
"def": "One who writes; a draughtsman; a writer for another; especially, an official or public writer; an amanuensis or secretary; a notary; a copyist."
}
]
}