{
"id": 1344,
"sub_category": "Range Pack",
"category": "Fog Group",
"type": 0,
"letters": "CEIOPS",
"mov": 20,
"shovels": 1,
"coins": 5,
"rows": 15,
"cols": 15,
"c": 0,
"b": -1,
"w": 10,
"h": 10,
"dws": [
"PIE",
"PISE",
"COS",
"PICS",
"SIC",
"ISO",
"SEI",
"SPIE",
"SIPE",
"ECO",
"COSIE",
"PSI",
"PES",
"SCOP",
"PIS",
"COPS",
"SECO",
"SICE",
"POIS",
"OPE",
"OSE",
"COSE",
"OIS",
"POS",
"SIP",
"PESO",
"PECS",
"PEC",
"ICES",
"PISCO",
"OPS",
"POI",
"PISO",
"SOP",
"IOS",
"OES",
"CIS",
"SPIC",
"EPOS",
"EPICS",
"ICE",
"OPES",
"CEPS",
"SOC",
"SEPIC",
"SEC",
"COPES",
"PICE",
"CEP",
"PIC",
"ECOS",
"COP"
],
"ws": [
{
"w": "COPE",
"v": false,
"row": 4,
"col": 3,
"def": "To deal effectively with something difficult."
},
{
"w": "EPIC",
"v": true,
"row": 3,
"col": 8,
"def": "An extended narrative poem in elevated or dignified language, celebrating the feats of a deity or demigod (heroic epic) or other legendary or traditional hero."
},
{
"w": "PIES",
"v": false,
"row": 3,
"col": 6,
"def": "Plural form of pie."
},
{
"w": "POSE",
"v": true,
"row": 4,
"col": 5,
"def": "Set in place, arrange."
},
{
"w": "SPEC",
"v": false,
"row": 6,
"col": 5,
"def": "Short form of specification."
},
{
"w": "SCOPE",
"v": true,
"row": 0,
"col": 6,
"def": "The breadth, depth or reach of a subject; a domain."
},
{
"w": "SPICE",
"v": false,
"row": 2,
"col": 0,
"def": "Plant matter (usually dried) used to season or flavour food."
},
{
"w": "POISE",
"v": false,
"row": 7,
"col": 1,
"def": "Weight; an amount of weight, the amount something weighs."
},
{
"w": "COPSE",
"v": true,
"row": 5,
"col": 1,
"def": "A thicket of small trees or shrubs."
},
{
"w": "COPIES",
"v": true,
"row": 4,
"col": 3,
"def": "Plural form of copy."
}
]
}