{
"id": 1367,
"sub_category": "Cosmo Pack",
"category": "Celestial Group",
"type": 0,
"letters": "ADILVY",
"mov": 20,
"shovels": 1,
"coins": 5,
"rows": 15,
"cols": 15,
"c": 0,
"b": -1,
"w": 9,
"h": 9,
"dws": [
"IDYL",
"DAVY",
"VILD",
"DIYA",
"IVY",
"LAV",
"AID",
"LID",
"LAY",
"VIA",
"DALI",
"YAD",
"VALI",
"VLY",
"LAD",
"YALD",
"VID",
"DIV",
"AIL",
"DAY",
"YID",
"VAIL",
"DAL"
],
"ws": [
{
"w": "DIAL",
"v": true,
"row": 0,
"col": 5,
"def": "A graduated, circular scale over which a needle moves to show a measurement (such as speed)."
},
{
"w": "LADY",
"v": true,
"row": 0,
"col": 3,
"def": "The mistress of a household."
},
{
"w": "LAID",
"v": false,
"row": 2,
"col": 0,
"def": "Simple past tense and past participle of lay."
},
{
"w": "AVID",
"v": false,
"row": 2,
"col": 5,
"def": "Enthusiastic; passionate; longing eagerly; eager; greedy."
},
{
"w": "IDLY",
"v": true,
"row": 2,
"col": 7,
"def": "In an idle manner."
},
{
"w": "VIAL",
"v": true,
"row": 0,
"col": 1,
"def": "A glass vessel or bottle, especially a small bottle used to store medicine or perfume."
},
{
"w": "DIVA",
"v": true,
"row": 5,
"col": 3,
"def": "A person who may be considered or who considers herself (or by extension himself) much more important than others, has high expectations of others and who is extremely demanding and fussy when it comes to personal privileges."
},
{
"w": "DAILY",
"v": false,
"row": 5,
"col": 3,
"def": "Quotidian, that occurs every day, or at least every weekday/ working day."
},
{
"w": "VALID",
"v": false,
"row": 0,
"col": 1,
"def": "Well grounded or justifiable, pertinent."
},
{
"w": "AVIDLY",
"v": false,
"row": 8,
"col": 3,
"def": "In an avid manner; greedily; eagerly."
}
]
}