{
"id": 1370,
"sub_category": "Cosmo Pack",
"category": "Celestial Group",
"type": 0,
"letters": "EEOPRS",
"mov": 24,
"shovels": 1,
"coins": 5,
"rows": 15,
"cols": 15,
"c": 0,
"b": -1,
"w": 12,
"h": 9,
"dws": [
"PEERS",
"REOS",
"ROES",
"PEES",
"SEEP",
"PES",
"ROPES",
"SPEER",
"SER",
"ERE",
"REES",
"OPE",
"OSE",
"POS",
"REO",
"PRO",
"ERES",
"SERE",
"PORES",
"ORE",
"PESO",
"PEE",
"ERS",
"PEER",
"PERES",
"OPS",
"ESE",
"SOP",
"PERE",
"OES",
"SOREE",
"PRESE",
"POSER",
"PER",
"PREES",
"EROS",
"REE",
"EPOS",
"OPES",
"REPOS",
"ROE",
"ORS",
"EROSE",
"PERSE",
"RES",
"REP",
"PREE",
"PRE",
"SEE"
],
"ws": [
{
"w": "ORES",
"v": true,
"row": 0,
"col": 7,
"def": "Plural form of ore."
},
{
"w": "POSE",
"v": true,
"row": 3,
"col": 8,
"def": "Set in place, arrange."
},
{
"w": "PROS",
"v": false,
"row": 5,
"col": 5,
"def": "Plural form of pro."
},
{
"w": "ROPE",
"v": true,
"row": 5,
"col": 6,
"def": "Thick strings, yarn, monofilaments, metal wires, or strands of other cordage that are twisted together to form a stronger line."
},
{
"w": "ROSE",
"v": false,
"row": 1,
"col": 7,
"def": "A shrub of the genus Rosa, with red, pink, white or yellow flowers."
},
{
"w": "SORE",
"v": false,
"row": 8,
"col": 3,
"def": "Causing pain or discomfort; painfully sensitive."
},
{
"w": "REPS",
"v": true,
"row": 5,
"col": 3,
"def": "Rep."
},
{
"w": "SEER",
"v": true,
"row": 0,
"col": 10,
"def": "Agent noun of see; one who sees something; an eyewitness."
},
{
"w": "PORE",
"v": false,
"row": 6,
"col": 0,
"def": "A tiny opening in the skin."
},
{
"w": "REPO",
"v": true,
"row": 3,
"col": 1,
"def": "Repossession."
},
{
"w": "PROSE",
"v": false,
"row": 3,
"col": 0,
"def": "Language, particularly written language, not intended as poetry."
},
{
"w": "SPORE",
"v": false,
"row": 3,
"col": 7,
"def": "A reproductive particle, usually a single cell, released by a fungus, alga, or plant that may germinate into another."
},
{
"w": "SPREE",
"v": true,
"row": 0,
"col": 4,
"def": "A merry frolic; especially, a drinking frolic."
},
{
"w": "REPOSE",
"v": false,
"row": 0,
"col": 0,
"def": "Rest, sleep."
}
]
}