{
"id": 1373,
"sub_category": "Cosmo Pack",
"category": "Celestial Group",
"type": 0,
"letters": "EGMNTU",
"mov": 16,
"shovels": 1,
"coins": 5,
"rows": 15,
"cols": 15,
"c": 0,
"b": -1,
"w": 7,
"h": 7,
"dws": [
"GNU",
"MET",
"TUG",
"MUG",
"MENT",
"MEN",
"MEU",
"NEG",
"GUE",
"TUNG",
"TEGU",
"NUG",
"UTE",
"MUNT",
"MUNG",
"TUM",
"MUT",
"NUT",
"UNGET",
"TEG",
"GET",
"GUM",
"TUN",
"GEN",
"GUN",
"NEUM",
"MUNGE",
"MEG",
"EMU",
"ENG",
"MUN",
"GUT",
"MENG",
"NET",
"GEUM",
"TEN",
"GENU",
"GEM"
],
"ws": [
{
"w": "MENU",
"v": true,
"row": 0,
"col": 0,
"def": "The details of the food to be served at a banquet; a bill of fare."
},
{
"w": "MUTE",
"v": false,
"row": 6,
"col": 0,
"def": "To silence, to make quiet."
},
{
"w": "TUNE",
"v": false,
"row": 4,
"col": 3,
"def": "A melody."
},
{
"w": "GENT",
"v": true,
"row": 2,
"col": 5,
"def": "A gentleman."
},
{
"w": "UNMET",
"v": true,
"row": 0,
"col": 3,
"def": "Not met; unfulfilled; not achieved; fallen short of."
},
{
"w": "NUTMEG",
"v": false,
"row": 2,
"col": 0,
"def": "An evergreen tree, Myristica fragrans, cultivated in the East Indies for its spicy seeds."
}
]
}