{
"id": 1375,
"sub_category": "Cosmo Pack",
"category": "Celestial Group",
"type": 0,
"letters": "EILOTV",
"mov": 30,
"shovels": 1,
"coins": 5,
"rows": 15,
"cols": 15,
"c": 0,
"b": -1,
"w": 12,
"h": 12,
"dws": [
"VITE",
"VOL",
"TOILE",
"EVO",
"VLEI",
"TELOI",
"LEI",
"LEVO",
"ELT",
"OLE",
"VOE",
"VOLTE",
"TOLE",
"VOLTI",
"LEV",
"TEL",
"VOILE",
"TILE",
"OVEL",
"VOLET",
"TEIL",
"VOLE",
"VOLT",
"LOTE",
"VIE",
"LOTI",
"VIOL"
],
"ws": [
{
"w": "LET",
"v": true,
"row": 9,
"col": 5,
"def": "To allow to, not to prevent (+ infinitive, but usually without to)."
},
{
"w": "LIE",
"v": false,
"row": 10,
"col": 3,
"def": "To be in a horizontal position."
},
{
"w": "LIT",
"v": false,
"row": 9,
"col": 5,
"def": "Little."
},
{
"w": "LOT",
"v": true,
"row": 7,
"col": 7,
"def": "A large quantity or number; a great deal."
},
{
"w": "OIL",
"v": false,
"row": 8,
"col": 7,
"def": "Liquid fat."
},
{
"w": "TIE",
"v": false,
"row": 6,
"col": 9,
"def": "A necktie (item of clothing consisting of a strip of cloth tied around the neck)."
},
{
"w": "TOE",
"v": true,
"row": 4,
"col": 11,
"def": "Each of the five digits on the end of the foot."
},
{
"w": "VET",
"v": false,
"row": 4,
"col": 9,
"def": "A veterinarian or veterinary surgeon."
},
{
"w": "TIL",
"v": true,
"row": 6,
"col": 9,
"def": "Until, till."
},
{
"w": "EVIL",
"v": true,
"row": 8,
"col": 0,
"def": "Intending to harm; malevolent."
},
{
"w": "LIVE",
"v": true,
"row": 1,
"col": 10,
"def": "To be alive; to have life."
},
{
"w": "LOVE",
"v": false,
"row": 11,
"col": 0,
"def": "An intense feeling of affection and care towards another person."
},
{
"w": "VETO",
"v": true,
"row": 0,
"col": 8,
"def": "A political right to disapprove of (and thereby stop) the process of a decision, a law etc."
},
{
"w": "VILE",
"v": true,
"row": 8,
"col": 3,
"def": "Morally low; base; despicable."
},
{
"w": "VOTE",
"v": false,
"row": 1,
"col": 5,
"def": "A formalized choice on matters of administration or other democratic activities."
},
{
"w": "TOIL",
"v": false,
"row": 2,
"col": 8,
"def": "Labour, work."
},
{
"w": "VEIL",
"v": true,
"row": 1,
"col": 5,
"def": "Something hung up, or spread out, to intercept the view, and hide an object; a cover; a curtain; esp., a screen, usually of gauze, crape, or similar diaphanous material, to hide or protect the face."
},
{
"w": "LITE",
"v": false,
"row": 2,
"col": 2,
"def": "Light in composition, notably low in fat, calories etc.:."
},
{
"w": "OLIVE",
"v": true,
"row": 1,
"col": 2,
"def": "An evergreen tree, Olea europaea, cultivated since ancient times in the Mediterranean for its fruit and the oil obtained from it."
},
{
"w": "VIOLET",
"v": false,
"row": 4,
"col": 2,
"def": "A bluish-purple colour."
}
]
}