{
"id": 1377,
"sub_category": "Luna Pack",
"category": "Celestial Group",
"type": 0,
"letters": "AEGIMN",
"mov": 22,
"shovels": 1,
"coins": 5,
"rows": 15,
"cols": 15,
"c": 0,
"b": -1,
"w": 10,
"h": 9,
"dws": [
"NEMA",
"MAG",
"GIE",
"GANE",
"MANG",
"GENA",
"NAE",
"GAEN",
"MINAE",
"MAE",
"MEN",
"NEG",
"ANE",
"GEAN",
"AMIN",
"MIEN",
"MEIN",
"EINA",
"GIN",
"MANGE",
"MINA",
"EAN",
"AMI",
"AIM",
"NIM",
"MAGI",
"ANIME",
"GAMINE",
"MINGE",
"AMINE",
"ANI",
"AINE",
"AGEN",
"AME",
"NIE",
"AGIN",
"EGMA",
"NAM",
"GAM",
"GEN",
"GIEN",
"NAG",
"AIN",
"MANI",
"GAMIN",
"AGE",
"MEG",
"AMIE",
"MIG",
"GAN",
"MNA",
"ENG",
"MAN",
"MING",
"MENG",
"ING",
"GAE",
"GEM"
],
"ws": [
{
"w": "AMEN",
"v": false,
"row": 7,
"col": 3,
"def": "At the end of Judeo-Christian prayers: so be it."
},
{
"w": "GAIN",
"v": false,
"row": 2,
"col": 5,
"def": "Against."
},
{
"w": "GAME",
"v": true,
"row": 5,
"col": 4,
"def": "A pursuit or activity with rules performed either alone or with others, for the purpose of entertainment. In many games, the objective is to win by defeating the other player or players or being the first to reach a specified goal, while in others, role-playing or cooperation is emphasized."
},
{
"w": "MAIN",
"v": true,
"row": 4,
"col": 6,
"def": "Great in size or degree; vast; strong; powerful; important."
},
{
"w": "MANE",
"v": true,
"row": 3,
"col": 2,
"def": "Longer hair growth on back of neck of an animal, especially a horse or lion."
},
{
"w": "MEAN",
"v": false,
"row": 4,
"col": 6,
"def": "To intend."
},
{
"w": "MINE",
"v": true,
"row": 1,
"col": 7,
"def": "Non-premodifying possessive case of I. My; belonging to me; that which belongs to me."
},
{
"w": "NAME",
"v": false,
"row": 3,
"col": 0,
"def": "Any nounal word or phrase which indicates a particular person, place, class, or thing."
},
{
"w": "MAGE",
"v": true,
"row": 0,
"col": 3,
"def": "A magician, wizard or sorcerer."
},
{
"w": "MEGA",
"v": true,
"row": 0,
"col": 5,
"def": "Very large."
},
{
"w": "IMAGE",
"v": false,
"row": 1,
"col": 1,
"def": "An optical or other representation of a real object; a graphic; a picture."
},
{
"w": "ENIGMA",
"v": false,
"row": 5,
"col": 1,
"def": "Something puzzling, mysterious or inexplicable."
}
]
}