{
"id": 1382,
"sub_category": "Luna Pack",
"category": "Celestial Group",
"type": 0,
"letters": "BEGILO",
"mov": 20,
"shovels": 1,
"coins": 5,
"rows": 15,
"cols": 15,
"c": 0,
"b": -1,
"w": 10,
"h": 10,
"dws": [
"GIE",
"LIG",
"GLEI",
"OBELI",
"BIO",
"GIBEL",
"GIB",
"LEI",
"GOBI",
"LIE",
"LOBI",
"BEL",
"OLE",
"EGO",
"GOEL",
"LOB",
"BOI",
"BEG",
"BOG",
"GLOBI",
"LOGE",
"LOG",
"GOE",
"OBE",
"GIBE",
"BOLE",
"BIG",
"BEGO",
"GEL",
"GOB",
"GEO",
"LEG",
"OBI",
"LIB",
"GOLE",
"BIOG",
"BOGIE",
"OIL",
"GIO",
"BOGLE",
"LOGIE"
],
"ws": [
{
"w": "BLOG",
"v": false,
"row": 2,
"col": 1,
"def": "A website that allows users to reflect, share opinions, and discuss various topics in the form of an online journal while readers may comment on posts. Most blogs are written in a slightly informal tone (personal journals, news, businesses, etc.) Entries typically appear in reverse chronological order."
},
{
"w": "BOIL",
"v": true,
"row": 6,
"col": 5,
"def": "A localized accumulation of pus in the skin, resulting from infection."
},
{
"w": "LOBE",
"v": false,
"row": 3,
"col": 4,
"def": "Any projection or division, especially one of a somewhat rounded form."
},
{
"w": "GLOB",
"v": false,
"row": 6,
"col": 2,
"def": "A round, shapeless or amorphous lump, as of a semisolid substance."
},
{
"w": "BILE",
"v": true,
"row": 2,
"col": 1,
"def": "A bitter brownish-yellow or greenish-yellow secretion produced by the liver, stored in the gall bladder, and discharged into the duodenum where it aids the process of digestion."
},
{
"w": "GLIB",
"v": true,
"row": 0,
"col": 6,
"def": "Having a ready flow of words but lacking thought or understanding; superficial; shallow."
},
{
"w": "OGLE",
"v": true,
"row": 1,
"col": 4,
"def": ", (intransitive) To stare at (someone or something), especially impertinently, amorously, or covetously."
},
{
"w": "GLOBE",
"v": false,
"row": 4,
"col": 0,
"def": "Any spherical object."
},
{
"w": "BILGE",
"v": true,
"row": 4,
"col": 3,
"def": "The rounded portion of a ship's hull, forming a transition between the bottom and the sides."
},
{
"w": "OBLIGE",
"v": false,
"row": 1,
"col": 4,
"def": "To constrain someone by force or by social, moral or legal means."
}
]
}