{
"id": 1387,
"sub_category": "Luna Pack",
"category": "Celestial Group",
"type": 0,
"letters": "DEEIRV",
"mov": 24,
"shovels": 1,
"coins": 5,
"rows": 15,
"cols": 15,
"c": 0,
"b": -1,
"w": 10,
"h": 10,
"dws": [
"REIVE",
"DIE",
"EIDE",
"DERE",
"REI",
"RIVE",
"ERE",
"DEV",
"VIDE",
"EREV",
"VEE",
"DEVI",
"VIER",
"ERED",
"REED",
"VIRE",
"REVIE",
"DEE",
"DEI",
"DEEV",
"REV",
"IDE",
"VERD",
"DERV",
"DREE",
"IDEE",
"VID",
"RIVED",
"EIDER",
"REE",
"DIV",
"VIED",
"IRED",
"REIVED",
"REDE"
],
"ws": [
{
"w": "EVE",
"v": false,
"row": 6,
"col": 7,
"def": "The day or night before, usually used for holidays, such as Christmas Eve."
},
{
"w": "RED",
"v": false,
"row": 3,
"col": 5,
"def": "Having red as its colour."
},
{
"w": "RID",
"v": true,
"row": 1,
"col": 7,
"def": "Released from an obligation, problem, etc. (usually followed by \"of\")."
},
{
"w": "VIE",
"v": false,
"row": 2,
"col": 3,
"def": "To rival; to struggle for superiority; to contend; to compete eagerly so as to gain something."
},
{
"w": "IRE",
"v": false,
"row": 2,
"col": 7,
"def": "Iron."
},
{
"w": "DEER",
"v": true,
"row": 0,
"col": 5,
"def": "A beast, usually a quadruped as opposed to birds, fish, etc."
},
{
"w": "DIRE",
"v": false,
"row": 3,
"col": 0,
"def": "Ill-boding; portentous."
},
{
"w": "DIVE",
"v": true,
"row": 0,
"col": 3,
"def": "To swim under water."
},
{
"w": "EVER",
"v": false,
"row": 6,
"col": 0,
"def": "Always."
},
{
"w": "RIDE",
"v": true,
"row": 3,
"col": 2,
"def": "To play defense on the defensemen or midfielders, as an attackman."
},
{
"w": "VEER",
"v": true,
"row": 5,
"col": 7,
"def": "A turn or swerve; an instance of veering."
},
{
"w": "DIVER",
"v": true,
"row": 3,
"col": 0,
"def": "Someone who dives, especially as a sport."
},
{
"w": "DRIVE",
"v": true,
"row": 5,
"col": 5,
"def": "To herd (animals) in a particular direction."
},
{
"w": "DERIVE",
"v": true,
"row": 1,
"col": 9,
"def": "To obtain or receive (something) from something else."
}
]
}