{
"id": 1389,
"sub_category": "Luna Pack",
"category": "Celestial Group",
"type": 0,
"letters": "ELORRS",
"mov": 18,
"shovels": 1,
"coins": 5,
"rows": 15,
"cols": 15,
"c": 0,
"b": -1,
"w": 8,
"h": 7,
"dws": [
"LOR",
"REOS",
"EORL",
"LES",
"LOSE",
"ROLES",
"SLOE",
"ROES",
"EORLS",
"SER",
"OSE",
"ORLES",
"RORE",
"REO",
"OLE",
"SOLER",
"SEL",
"SOREL",
"ERS",
"LORES",
"ERRS",
"ORES",
"LOS",
"ORLE",
"OES",
"OLES",
"ELS",
"SORER",
"EROS",
"SOLE",
"ROE",
"ORS",
"RES",
"RORES",
"SOL",
"SERR"
],
"ws": [
{
"w": "ORE",
"v": true,
"row": 3,
"col": 5,
"def": "Rock that contains utilitarian materials; primarily a rock containing metals or gems which (at the time of the rock's evaluation and proposal for extraction) are able to be separated from its neighboring minerals and processed at a cost that does not exceed those materials' present-day economic values."
},
{
"w": "ERR",
"v": true,
"row": 1,
"col": 4,
"def": "To make a mistake."
},
{
"w": "ROLE",
"v": false,
"row": 3,
"col": 4,
"def": "A character or part played by a performer or actor."
},
{
"w": "ROSE",
"v": true,
"row": 3,
"col": 0,
"def": "A shrub of the genus Rosa, with red, pink, white or yellow flowers."
},
{
"w": "SORE",
"v": true,
"row": 0,
"col": 7,
"def": "Causing pain or discomfort; painfully sensitive."
},
{
"w": "LORE",
"v": false,
"row": 5,
"col": 2,
"def": "All the facts and traditions about a particular subject that have been accumulated over time through education or experience."
},
{
"w": "LOSER",
"v": false,
"row": 1,
"col": 1,
"def": "A person who fails to win."
},
{
"w": "SORREL",
"v": true,
"row": 0,
"col": 2,
"def": "A kind of plant with acidic leaves, especially Rumex acetosa (common sorrel), sometimes used as a salad vegetable."
}
]
}