{
"id": 139,
"sub_category": "Cliff Pack",
"category": "Canyon Group",
"type": 0,
"letters": "EEGMRR",
"mov": 16,
"shovels": 1,
"coins": 5,
"rows": 15,
"cols": 15,
"c": 0,
"b": -1,
"w": 6,
"h": 5,
"dws": [
"REM",
"REG",
"ERE",
"EME",
"MERER",
"ERG",
"GREE",
"GRR",
"ERR",
"MEE",
"GERE",
"MEG",
"EGRE",
"REE",
"GER",
"MEER",
"EGER",
"EMERG",
"ERM"
],
"ws": [
{
"w": "GEE",
"v": false,
"row": 1,
"col": 0,
"def": "A general exclamation of surprise or frustration."
},
{
"w": "GEM",
"v": true,
"row": 0,
"col": 2,
"def": "A precious stone, usually of substantial monetary value or prized for its beauty or shine."
},
{
"w": "GERM",
"v": true,
"row": 1,
"col": 0,
"def": "The small mass of cells from which a new organism develops; a seed, bud or spore."
},
{
"w": "MERE",
"v": false,
"row": 2,
"col": 2,
"def": "The sea."
},
{
"w": "MERGE",
"v": true,
"row": 0,
"col": 4,
"def": "To combine into a whole."
},
{
"w": "MERGER",
"v": false,
"row": 4,
"col": 0,
"def": "The act or process of merging two or more parts into a single unit."
}
]
}