{
"id": 1392,
"sub_category": "Luna Pack",
"category": "Celestial Group",
"type": 0,
"letters": "EGINSU",
"mov": 22,
"shovels": 1,
"coins": 5,
"rows": 15,
"cols": 15,
"c": 0,
"b": -1,
"w": 10,
"h": 10,
"dws": [
"GNU",
"UNI",
"GENUS",
"GIE",
"NUS",
"INGS",
"NUGS",
"SEI",
"SIN",
"GENS",
"EGIS",
"SENGI",
"GUE",
"SEG",
"SIEN",
"UNS",
"NEG",
"NUG",
"NEGUS",
"GUES",
"GIS",
"SUN",
"SEN",
"GIN",
"NEGS",
"ENGS",
"NIS",
"SUG",
"SUE",
"SEGNI",
"UGS",
"NIE",
"GEN",
"GIEN",
"GUN",
"GIES",
"GUS",
"GINS",
"ENS",
"SIG",
"SUI",
"UNIS",
"GENU",
"ENG",
"USE",
"INS",
"ING",
"NIES",
"SNIG"
],
"ws": [
{
"w": "GUNS",
"v": true,
"row": 6,
"col": 5,
"def": "Plural form of gun."
},
{
"w": "SIGN",
"v": false,
"row": 9,
"col": 5,
"def": "A visible indication."
},
{
"w": "SING",
"v": true,
"row": 6,
"col": 7,
"def": "To produce musical or harmonious sounds with one's voice."
},
{
"w": "SNUG",
"v": false,
"row": 2,
"col": 0,
"def": "Small, comfortable back room in a pub."
},
{
"w": "SUNG",
"v": false,
"row": 6,
"col": 2,
"def": "Past participle of sing."
},
{
"w": "GNUS",
"v": false,
"row": 3,
"col": 6,
"def": "Plural form of gnu."
},
{
"w": "SINE",
"v": true,
"row": 0,
"col": 1,
"def": "In a right triangle, the ratio of the length of the side opposite an angle to the length of the hypotenuse."
},
{
"w": "USING",
"v": false,
"row": 7,
"col": 5,
"def": "Present participle of use."
},
{
"w": "GUISE",
"v": true,
"row": 5,
"col": 0,
"def": "Customary way of speaking or acting; fashion, manner, practice (often used formerly in such phrases as \"at his own guise\"; that is, in his own fashion, to suit himself.)."
},
{
"w": "SUING",
"v": true,
"row": 3,
"col": 9,
"def": "Present participle of sue."
},
{
"w": "SINGE",
"v": true,
"row": 0,
"col": 6,
"def": "To burn slightly."
},
{
"w": "GENIUS",
"v": true,
"row": 2,
"col": 3,
"def": "Someone possessing extraordinary intelligence or skill; especially somebody who has demonstrated this by a creative or original work in science, music, art etc."
}
]
}