{
"id": 1393,
"sub_category": "Strato Pack",
"category": "Celestial Group",
"type": 0,
"letters": "ACEELR",
"mov": 20,
"shovels": 1,
"coins": 5,
"rows": 15,
"cols": 15,
"c": 0,
"b": -1,
"w": 9,
"h": 9,
"dws": [
"REC",
"CARL",
"ARE",
"ACER",
"ALEC",
"EEL",
"CAR",
"ERA",
"LARE",
"CERE",
"ERE",
"ARC",
"CEE",
"CEL",
"LAREE",
"RELACE",
"CAL",
"ALE",
"RALE",
"CREE",
"LEA",
"EALE",
"ALEE",
"LAER",
"EAR",
"LEE",
"ACE",
"LEAR",
"ARLE",
"REE",
"LAR",
"LAC",
"LACER",
"CARLE",
"CREEL",
"LERE"
],
"ws": [
{
"w": "CARE",
"v": false,
"row": 3,
"col": 5,
"def": "Grief, sorrow."
},
{
"w": "EARL",
"v": false,
"row": 7,
"col": 5,
"def": "A British nobleman next in rank above a viscount and below a marquess; equivalent to a European count. A female using the style is termed a countess."
},
{
"w": "LACE",
"v": true,
"row": 2,
"col": 6,
"def": "A light fabric containing patterns of holes, usually built up from a single thread."
},
{
"w": "RACE",
"v": false,
"row": 6,
"col": 2,
"def": "A contest between people, animals, vehicles, etc. where the goal is to be the first to reach some objective. Several horses run in a horse race, and the first one to reach the finishing post wins."
},
{
"w": "REAL",
"v": false,
"row": 5,
"col": 5,
"def": "A commodity; see reality."
},
{
"w": "REEL",
"v": true,
"row": 5,
"col": 5,
"def": "A lively dance of the Highlanders of Scotland; also, the music to the dance; -- often called Scotch reel."
},
{
"w": "ACRE",
"v": true,
"row": 5,
"col": 7,
"def": "A field."
},
{
"w": "LEER",
"v": true,
"row": 3,
"col": 2,
"def": "A significant side glance; a glance expressive of some passion, as malignity, amorousness, etc.; a sly or lecherous look."
},
{
"w": "CLEAR",
"v": false,
"row": 4,
"col": 0,
"def": "Completely transparent in colour."
},
{
"w": "CEREAL",
"v": true,
"row": 0,
"col": 8,
"def": "A type of grass (such as wheat, rice or oats) cultivated for its edible grains."
}
]
}