{
"id": 1395,
"sub_category": "Strato Pack",
"category": "Celestial Group",
"type": 0,
"letters": "EIMMRS",
"mov": 18,
"shovels": 1,
"coins": 5,
"rows": 15,
"cols": 15,
"c": 0,
"b": -1,
"w": 8,
"h": 6,
"dws": [
"RIMS",
"MIMES",
"SEI",
"REIM",
"EMIR",
"MIR",
"MEMS",
"SMIR",
"REIS",
"REI",
"SIRE",
"SER",
"SEIR",
"MEM",
"RIEM",
"RIEMS",
"MISE",
"REMS",
"RIME",
"ERS",
"MIS",
"RIMES",
"EMS",
"ISM",
"IRES",
"SIR",
"MIMER",
"MERISM",
"MIMERS",
"RISE",
"MIM",
"EMIRS",
"SRI",
"MES",
"MIRS",
"MIRES",
"RES",
"RIM",
"MERI",
"ERM"
],
"ws": [
{
"w": "SIM",
"v": false,
"row": 2,
"col": 5,
"def": "A simulation."
},
{
"w": "IRE",
"v": false,
"row": 5,
"col": 5,
"def": "Iron."
},
{
"w": "REM",
"v": false,
"row": 4,
"col": 3,
"def": "Rapid eye movement, a sleep state."
},
{
"w": "MIME",
"v": false,
"row": 3,
"col": 0,
"def": "A form of acting without words; pantomime."
},
{
"w": "MIRE",
"v": true,
"row": 2,
"col": 7,
"def": "Deep mud; moist, spongy earth."
},
{
"w": "SEMI",
"v": true,
"row": 2,
"col": 5,
"def": "A semi-detached house."
},
{
"w": "MISER",
"v": true,
"row": 0,
"col": 3,
"def": "A person who hoards money rather than spending it; one who is cheap or extremely parsimonious."
},
{
"w": "SIMMER",
"v": true,
"row": 0,
"col": 0,
"def": "The state or process of simmering."
}
]
}