{
"id": 14,
"sub_category": "Pine Pack",
"category": "Forest Group",
"type": 0,
"letters": "DELOV",
"mov": 18,
"shovels": 1,
"coins": 5,
"rows": 15,
"cols": 15,
"c": 0,
"b": -1,
"w": 7,
"h": 7,
"dws": [
"DEV",
"OLDE",
"ELD",
"VOL",
"LOD",
"LODE",
"OLE",
"EVO",
"VOE",
"OVEL",
"VELD",
"VOLED",
"DELO",
"DOL",
"LEV",
"VOLE",
"LEVO",
"DEL"
],
"ws": [
{
"w": "LOVE",
"v": false,
"row": 4,
"col": 3,
"def": "An intense feeling of affection and care towards another person."
},
{
"w": "LOVED",
"v": false,
"row": 2,
"col": 2,
"def": "Simple past tense and past participle of love."
},
{
"w": "DOVE",
"v": false,
"row": 5,
"col": 0,
"def": "A pigeon, especially one smaller in size; a bird (often arbitrarily called either a pigeon or a dove or both) of more than 300 species of the family Columbidae."
},
{
"w": "OLD",
"v": true,
"row": 3,
"col": 0,
"def": "Of an object, concept, relationship, etc., having existed for a relatively long period of time."
},
{
"w": "DOE",
"v": true,
"row": 2,
"col": 6,
"def": "A female deer; also used of similar animals such as reindeer, antelope, goat."
},
{
"w": "ODE",
"v": false,
"row": 3,
"col": 0,
"def": "A short poetical composition proper to be set to music or sung; a lyric poem; esp., now, a poem characterized by sustained noble sentiment and appropriate dignity of style."
},
{
"w": "DOLE",
"v": true,
"row": 0,
"col": 2,
"def": "To distribute in small amounts; to share out small portions of a meager resource."
},
{
"w": "LED",
"v": true,
"row": 4,
"col": 3,
"def": "Simple past tense and past participle of lead."
}
]
}