{
"id": 140,
"sub_category": "Cliff Pack",
"category": "Canyon Group",
"type": 0,
"letters": "ACHLOR",
"mov": 18,
"shovels": 1,
"coins": 5,
"rows": 15,
"cols": 15,
"c": 0,
"b": -1,
"w": 9,
"h": 8,
"dws": [
"CARL",
"CAROL",
"CLARO",
"LOR",
"CAR",
"HORA",
"LOCH",
"ARCO",
"LORCHA",
"OCA",
"CHOLA",
"HORAL",
"CHA",
"ARC",
"CHAL",
"HOC",
"CAL",
"COL",
"ORC",
"CHAO",
"ORACH",
"ORA",
"RHO",
"LARCH",
"CHAR",
"ALCO",
"ORCA",
"RACH",
"HOAR",
"ACRO",
"RAH",
"LAR",
"LAC",
"LOCA",
"COR",
"ROCH",
"LOACH",
"HARO",
"ACH",
"HARL",
"HOA",
"OCH",
"OAR",
"CALO",
"ROC",
"LAH",
"HAO"
],
"ws": [
{
"w": "ARCH",
"v": true,
"row": 3,
"col": 1,
"def": "An inverted U shape."
},
{
"w": "COAL",
"v": false,
"row": 4,
"col": 5,
"def": "A black rock formed from prehistoric plant remains, composed largely of carbon and burned as a fuel."
},
{
"w": "COLA",
"v": true,
"row": 4,
"col": 5,
"def": "The kola plant, genus Cola, famous for its nut, or one of these nuts."
},
{
"w": "ORAL",
"v": false,
"row": 4,
"col": 0,
"def": "A physical examination of the mouth."
},
{
"w": "HALO",
"v": true,
"row": 1,
"col": 6,
"def": "A circular band of coloured light, visible around the sun or moon etc., caused by reflection and refraction of light by ice crystals in the atmosphere."
},
{
"w": "CORAL",
"v": true,
"row": 0,
"col": 3,
"def": "A hard substance made of the limestone skeletons of marine polyps."
},
{
"w": "ROACH",
"v": false,
"row": 1,
"col": 2,
"def": "A small freshwater fish in the carp family (Cyprinidae), Rutilus rutilus."
},
{
"w": "CHORAL",
"v": false,
"row": 6,
"col": 0,
"def": "Of, relating to, written for, or performed by a choir or a chorus."
}
]
}