{
"id": 1406,
"sub_category": "Strato Pack",
"category": "Celestial Group",
"type": 0,
"letters": "AHMRTW",
"mov": 22,
"shovels": 1,
"coins": 5,
"rows": 15,
"cols": 15,
"c": 0,
"b": -1,
"w": 9,
"h": 9,
"dws": [
"MAR",
"TAR",
"MAWR",
"TAW",
"ARM",
"THAR",
"THRAW",
"TAM",
"THARM",
"TAHR",
"WAT",
"WAR",
"HAW",
"RAW",
"MAT",
"RAM",
"WHA",
"MAW",
"RATH",
"HAM",
"TWA",
"ART",
"HAWM",
"WAH",
"RAH",
"HAT",
"RAT",
"MWAH"
],
"ws": [
{
"w": "HARM",
"v": true,
"row": 5,
"col": 3,
"def": "Injury; hurt; damage; detriment; misfortune."
},
{
"w": "MATH",
"v": false,
"row": 8,
"col": 3,
"def": "A mowing; what is gathered from mowing."
},
{
"w": "WARM",
"v": false,
"row": 3,
"col": 5,
"def": "Having a temperature slightly higher than usual, but still pleasant; a mild temperature."
},
{
"w": "WHAT",
"v": true,
"row": 5,
"col": 5,
"def": "Which thing, event, circumstance, etc.: used interrogatively in asking for the specification of an identity, quantity, quality, etc."
},
{
"w": "MART",
"v": true,
"row": 3,
"col": 8,
"def": "A market."
},
{
"w": "WART",
"v": true,
"row": 2,
"col": 2,
"def": "A type of deformed growth occurring on the skin caused by the human papillomavirus (HPV)."
},
{
"w": "THAW",
"v": false,
"row": 5,
"col": 2,
"def": "To melt, dissolve, or become fluid (specifically by gradual warming); to soften; said of that which is frozen."
},
{
"w": "TRAM",
"v": false,
"row": 3,
"col": 0,
"def": "A passenger vehicle for public use that runs on tracks in the road."
},
{
"w": "WHAM",
"v": true,
"row": 1,
"col": 6,
"def": "A forceful blow."
},
{
"w": "HART",
"v": false,
"row": 6,
"col": 5,
"def": "A male deer, especially the male of the red deer after its fifth year."
},
{
"w": "WRATH",
"v": true,
"row": 0,
"col": 0,
"def": "Great anger."
},
{
"w": "WARMTH",
"v": false,
"row": 0,
"col": 0,
"def": "A moderate degree of heat; the sensation of being warm."
}
]
}