{
"id": 1410,
"sub_category": "Polar Pack",
"category": "Celestial Group",
"type": 0,
"letters": "ABEFLL",
"mov": 26,
"shovels": 1,
"coins": 5,
"rows": 15,
"cols": 15,
"c": 0,
"b": -1,
"w": 12,
"h": 11,
"dws": [
"BEL",
"LEAL",
"ALEF",
"BEAL",
"ALBE",
"FEAL",
"BAL",
"BLAE",
"ALF",
"ALL",
"ELL",
"ALB",
"FAE",
"FELLA",
"BAEL",
"LEA"
],
"ws": [
{
"w": "ALE",
"v": false,
"row": 8,
"col": 7,
"def": "An intoxicating liquor made from an infusion of malt by fermentation and the addition of a bitter, usually hops."
},
{
"w": "ELF",
"v": false,
"row": 7,
"col": 5,
"def": "A mythical, supernatural being resembling but seen as distinct from humans."
},
{
"w": "LAB",
"v": false,
"row": 7,
"col": 9,
"def": "A laboratory."
},
{
"w": "FAB",
"v": true,
"row": 7,
"col": 7,
"def": "A manufacturing plant which fabricates items, particularly silicon chips."
},
{
"w": "ABLE",
"v": true,
"row": 5,
"col": 9,
"def": "A word that is used in place of the letter \"A\" during communication."
},
{
"w": "BALL",
"v": false,
"row": 8,
"col": 2,
"def": "A solid or hollow sphere."
},
{
"w": "BELL",
"v": true,
"row": 6,
"col": 5,
"def": "A percussive instrument made of metal or other hard material, typically but not always in the shape of an inverted cup with a flared rim, which resonates when struck."
},
{
"w": "FALL",
"v": false,
"row": 5,
"col": 8,
"def": "To move to a lower position under the effect of gravity."
},
{
"w": "FELL",
"v": false,
"row": 2,
"col": 6,
"def": "To make something fall; especially to chop down a tree."
},
{
"w": "FLEA",
"v": true,
"row": 2,
"col": 6,
"def": "A small, wingless, parasitic insect of the order Siphonaptera, renowned for its bloodsucking habits and jumping abilities."
},
{
"w": "LEAF",
"v": true,
"row": 2,
"col": 8,
"def": "The usually green and flat organ that represents the most prominent feature of most vegetative plants."
},
{
"w": "FLAB",
"v": true,
"row": 4,
"col": 11,
"def": "Soft, loose flesh on a person's body; fat."
},
{
"w": "BALE",
"v": false,
"row": 1,
"col": 0,
"def": "Evil, especially considered as an active force for destruction or death."
},
{
"w": "LABEL",
"v": false,
"row": 3,
"col": 2,
"def": "A small ticket or sign giving information about something to which it is attached or intended to be attached."
},
{
"w": "FABLE",
"v": true,
"row": 6,
"col": 2,
"def": "A fictitious narration intended to enforce some useful truth or precept, usually with animals, birds etc as characters; an apologue. Prototypically, Aesop's Fables."
},
{
"w": "BEFALL",
"v": true,
"row": 0,
"col": 3,
"def": "To happen."
}
]
}