{
"id": 1418,
"sub_category": "Polar Pack",
"category": "Celestial Group",
"type": 0,
"letters": "EEERSV",
"mov": 16,
"shovels": 1,
"coins": 5,
"rows": 15,
"cols": 15,
"c": 0,
"b": -1,
"w": 7,
"h": 6,
"dws": [
"RESEE",
"REEVE",
"VEERS",
"SER",
"REES",
"ERE",
"EREV",
"EVES",
"VERS",
"VEE",
"EREVS",
"ERES",
"SERE",
"ERS",
"REV",
"ESE",
"REEVES",
"EVE",
"REE",
"SEV",
"RES",
"REVS",
"SEE",
"SEER",
"VEES"
],
"ws": [
{
"w": "EVER",
"v": true,
"row": 0,
"col": 2,
"def": "Always."
},
{
"w": "VEER",
"v": true,
"row": 0,
"col": 4,
"def": "A turn or swerve; an instance of veering."
},
{
"w": "SERVE",
"v": false,
"row": 0,
"col": 1,
"def": "An act of putting the ball or shuttlecock in play in various games."
},
{
"w": "VERSE",
"v": false,
"row": 5,
"col": 0,
"def": "A poetic form with regular meter and a fixed rhyme scheme."
},
{
"w": "SEVER",
"v": true,
"row": 1,
"col": 6,
"def": "To cut free."
},
{
"w": "SEVERE",
"v": false,
"row": 2,
"col": 1,
"def": "Very bad or intense."
}
]
}