{
"id": 1420,
"sub_category": "Polar Pack",
"category": "Celestial Group",
"type": 0,
"letters": "EHINRS",
"mov": 26,
"shovels": 1,
"coins": 5,
"rows": 15,
"cols": 15,
"c": 0,
"b": -1,
"w": 12,
"h": 12,
"dws": [
"REHS",
"SHRI",
"SEI",
"HERNS",
"RHINE",
"HIRES",
"SIN",
"REIS",
"ERN",
"REI",
"HES",
"SER",
"SIEN",
"HIS",
"HERN",
"SEIR",
"SHINER",
"SINH",
"HIN",
"NIES",
"EISH",
"SHIER",
"SEN",
"RIN",
"NIS",
"SHEN",
"ERS",
"HEIRS",
"SINE",
"EHS",
"HEN",
"SERIN",
"RENS",
"HIE",
"SHE",
"NIE",
"SIR",
"INS",
"NISH",
"SIHR",
"REN",
"HISN",
"ISH",
"SHIR",
"ENS",
"REH",
"SRI",
"REINS",
"RINES",
"HER",
"ERNS",
"HIES",
"RES",
"NESH",
"HINS",
"RINS",
"RESH",
"IRE",
"RINE"
],
"ws": [
{
"w": "HENS",
"v": false,
"row": 11,
"col": 3,
"def": "Plural form of hen."
},
{
"w": "HERS",
"v": true,
"row": 8,
"col": 6,
"def": "That which belongs to her; the possessive case of she, used without a following noun."
},
{
"w": "HIRE",
"v": true,
"row": 8,
"col": 4,
"def": "Payment for the temporary use of something."
},
{
"w": "RISE",
"v": false,
"row": 7,
"col": 8,
"def": "The process of or an action or instance of moving upwards or becoming greater."
},
{
"w": "SHIN",
"v": false,
"row": 6,
"col": 0,
"def": "The front part of the leg below the knee; the front edge of the shin bone; the lower part of the leg; the shank."
},
{
"w": "HEIR",
"v": false,
"row": 4,
"col": 2,
"def": "Someone who inherits, or is designated to inherit, the property of another."
},
{
"w": "REIN",
"v": true,
"row": 3,
"col": 3,
"def": "A strap or rope attached to the bridle or bit, used to control a horse, animal or young child."
},
{
"w": "SIRE",
"v": true,
"row": 2,
"col": 5,
"def": "A lord, master, or other person in authority, most commonly used vocatively."
},
{
"w": "IRES",
"v": true,
"row": 6,
"col": 2,
"def": "Third-person singular simple present indicative form of ire."
},
{
"w": "RINSE",
"v": true,
"row": 7,
"col": 8,
"def": "To wash (something) quickly using water and no soap."
},
{
"w": "RISEN",
"v": false,
"row": 0,
"col": 1,
"def": "Past participle of rise."
},
{
"w": "SHINE",
"v": true,
"row": 7,
"col": 10,
"def": "To emit light."
},
{
"w": "SIREN",
"v": false,
"row": 2,
"col": 5,
"def": "(Greek mythology) One of a group of nymphs who lured mariners to their death on the rocks."
},
{
"w": "RESIN",
"v": false,
"row": 10,
"col": 6,
"def": "A viscous hydrocarbon secretion of many plants, particularly coniferous trees."
},
{
"w": "SHIRE",
"v": false,
"row": 9,
"col": 2,
"def": "Former administrative area of Britain; a county."
},
{
"w": "SHRINE",
"v": true,
"row": 0,
"col": 7,
"def": "A holy or sacred place, which is dedicated to a specific deity, ancestor, hero, martyr, saint, or similar figure of awe and respect, at which said figure is venerated or worshipped."
}
]
}