{
"id": 143,
"sub_category": "Cliff Pack",
"category": "Canyon Group",
"type": 0,
"letters": "CCEINS",
"mov": 16,
"shovels": 1,
"coins": 5,
"rows": 15,
"cols": 15,
"c": 0,
"b": -1,
"w": 6,
"h": 6,
"dws": [
"ENS",
"CINE",
"SIC",
"NIE",
"SEI",
"SEC",
"NIES",
"CINES",
"SEN",
"CENS",
"CIS",
"NIS",
"INS",
"SINE",
"SICE",
"SIEN"
],
"ws": [
{
"w": "ICE",
"v": false,
"row": 0,
"col": 0,
"def": "Water in frozen (solid) form."
},
{
"w": "SIN",
"v": false,
"row": 1,
"col": 3,
"def": "A violation of God's will or religious law."
},
{
"w": "ICES",
"v": true,
"row": 0,
"col": 0,
"def": "Plural form of ice."
},
{
"w": "NICE",
"v": true,
"row": 1,
"col": 5,
"def": "Nicely."
},
{
"w": "SINCE",
"v": true,
"row": 1,
"col": 3,
"def": "From a specified time in the past."
},
{
"w": "SCENIC",
"v": false,
"row": 3,
"col": 0,
"def": "Having beautiful scenery; picturesque."
}
]
}