{
"id": 1433,
"sub_category": "Solis Pack",
"category": "Celestial Group",
"type": 0,
"letters": "ELMMPU",
"mov": 18,
"shovels": 1,
"coins": 5,
"rows": 15,
"cols": 15,
"c": 0,
"b": -1,
"w": 8,
"h": 6,
"dws": [
"PUL",
"MEM",
"LUM",
"UMM",
"LUMME",
"MEL",
"PLU",
"PEL",
"PLUE",
"PULE",
"ULE",
"UMP",
"LEP",
"MUMP",
"MEU",
"LEU"
],
"ws": [
{
"w": "ELM",
"v": true,
"row": 1,
"col": 7,
"def": "A tree of the genus Ulmus of the family Ulmaceae, large deciduous trees with alternate stipulate leaves and small apetalous flowers."
},
{
"w": "MUM",
"v": false,
"row": 3,
"col": 5,
"def": "Mother."
},
{
"w": "EMU",
"v": true,
"row": 0,
"col": 1,
"def": "A large flightless bird native to Australia, Dromaius novaehollandiae."
},
{
"w": "LUMP",
"v": false,
"row": 2,
"col": 0,
"def": "Something that protrudes, sticks out, or sticks together; a cluster or blob; a mound, hill, or group."
},
{
"w": "MULE",
"v": false,
"row": 1,
"col": 4,
"def": "A generally sterile male or female hybrid offspring of a male donkey and a female horse."
},
{
"w": "PLUM",
"v": true,
"row": 2,
"col": 3,
"def": "The edible, fleshy stone fruit of Prunus domestica, often of a dark red or purple colour."
},
{
"w": "PLUME",
"v": false,
"row": 4,
"col": 1,
"def": "A feather of a bird, especially a large or showy one."
},
{
"w": "PUMMEL",
"v": true,
"row": 0,
"col": 5,
"def": "To hit or strike heavily and repeatedly."
}
]
}