{
"id": 1434,
"sub_category": "Solis Pack",
"category": "Celestial Group",
"type": 0,
"letters": "IMOPRT",
"mov": 30,
"shovels": 1,
"coins": 5,
"rows": 15,
"cols": 15,
"c": 0,
"b": -1,
"w": 12,
"h": 11,
"dws": [
"RIT",
"MIR",
"TOP",
"TOPI",
"MOTI",
"OMIT",
"IMPRO",
"TORI",
"MIRO",
"MOT",
"TOM",
"MOI",
"TOR",
"POI",
"MOIT",
"MOR",
"TROP",
"POM",
"MOP",
"MORT",
"ROM",
"ROTI",
"TIRO",
"PIR",
"RIPT",
"ORT"
],
"ws": [
{
"w": "PIT",
"v": false,
"row": 4,
"col": 0,
"def": "A hole in the ground."
},
{
"w": "POT",
"v": true,
"row": 4,
"col": 0,
"def": "A vessel used for cooking or storing food."
},
{
"w": "PRO",
"v": true,
"row": 2,
"col": 4,
"def": "An advantage of something, especially when contrasted with its disadvantages (cons)."
},
{
"w": "RIM",
"v": false,
"row": 3,
"col": 4,
"def": "An edge around something, especially when circular."
},
{
"w": "RIP",
"v": false,
"row": 2,
"col": 2,
"def": "A tear (in paper, etc.)."
},
{
"w": "ROT",
"v": true,
"row": 2,
"col": 2,
"def": "To suffer decomposition due to biological action, especially by fungi or bacteria."
},
{
"w": "TIP",
"v": false,
"row": 6,
"col": 0,
"def": "A particular arena or sphere of interest; a front."
},
{
"w": "IMP",
"v": true,
"row": 0,
"col": 8,
"def": "To plant or engraft."
},
{
"w": "OPT",
"v": false,
"row": 7,
"col": 2,
"def": "To choose; to select."
},
{
"w": "PORT",
"v": true,
"row": 6,
"col": 2,
"def": "A place on the coast at which ships can shelter, or dock to load and unload cargo or passengers."
},
{
"w": "PROM",
"v": true,
"row": 6,
"col": 6,
"def": "A promenade concert."
},
{
"w": "RIOT",
"v": false,
"row": 8,
"col": 4,
"def": "Wanton or unrestrained behavior; uproar; tumult."
},
{
"w": "TRIM",
"v": true,
"row": 0,
"col": 6,
"def": "To reduce slightly; to cut; especially, to remove excess; e.g. 'trim a hedge', 'trim a beard'."
},
{
"w": "TRIO",
"v": true,
"row": 7,
"col": 4,
"def": "A group of three people or things."
},
{
"w": "TRIP",
"v": false,
"row": 4,
"col": 8,
"def": "A journey."
},
{
"w": "PRIM",
"v": false,
"row": 6,
"col": 6,
"def": "To make affectedly precise or proper."
},
{
"w": "ROMP",
"v": false,
"row": 1,
"col": 6,
"def": "To play about roughly, energetically or boisterously."
},
{
"w": "PRIMO",
"v": true,
"row": 3,
"col": 9,
"def": "The principal part of a duet."
},
{
"w": "TROMP",
"v": false,
"row": 0,
"col": 0,
"def": "To tread heavily, especially to crush underfoot."
},
{
"w": "IMPORT",
"v": true,
"row": 2,
"col": 11,
"def": "Something brought in from an exterior source, especially for sale or trade."
}
]
}