{
"id": 1445,
"sub_category": "Ray Pack",
"category": "Woodland Group",
"type": 0,
"letters": "AILRTU",
"mov": 18,
"shovels": 1,
"coins": 5,
"rows": 15,
"cols": 15,
"c": 0,
"b": -1,
"w": 9,
"h": 7,
"dws": [
"RAI",
"URIAL",
"RIT",
"UTA",
"AIT",
"TAR",
"URALI",
"TIAR",
"RAIT",
"LIT",
"RIA",
"ALIT",
"TUI",
"LITU",
"TAI",
"ITA",
"AIRT",
"TALI",
"TIRL",
"TAU",
"ALT",
"RUT",
"TIL",
"ARIL",
"LIART",
"AITU",
"AIR",
"LIRA",
"LAT",
"RIAL",
"ART",
"ALU",
"ARTI",
"LAR",
"AIL",
"LUR",
"RAT",
"LARI",
"LATI",
"RATU",
"LATU"
],
"ws": [
{
"w": "LIAR",
"v": true,
"row": 1,
"col": 5,
"def": "One who tells lies."
},
{
"w": "RAIL",
"v": false,
"row": 4,
"col": 5,
"def": "A horizontal bar extending between supports and used for support or as a barrier; a railing."
},
{
"w": "TAIL",
"v": true,
"row": 3,
"col": 3,
"def": "The caudal appendage of an animal that is attached to its posterior and near the anus."
},
{
"w": "LAIR",
"v": false,
"row": 5,
"col": 1,
"def": "A place inhabited by a wild animal, often a cave or a hole in the ground."
},
{
"w": "TRAIL",
"v": false,
"row": 0,
"col": 0,
"def": "To follow behind (someone or something); to tail (someone or something)."
},
{
"w": "TRIAL",
"v": true,
"row": 2,
"col": 7,
"def": "An opportunity to test something out; a test."
},
{
"w": "ULTRA",
"v": false,
"row": 3,
"col": 1,
"def": "Extreme; far beyond the norm."
},
{
"w": "RITUAL",
"v": true,
"row": 0,
"col": 1,
"def": "Related to a rite or repeated set of actions."
}
]
}