{
"id": 1447,
"sub_category": "Ray Pack",
"category": "Woodland Group",
"type": 0,
"letters": "ACEFTU",
"mov": 20,
"shovels": 1,
"coins": 5,
"rows": 15,
"cols": 15,
"c": 0,
"b": -1,
"w": 10,
"h": 8,
"dws": [
"UTA",
"AFT",
"CAF",
"ATE",
"FEU",
"TEA",
"AUF",
"FAUT",
"FAE",
"ACT",
"CUE",
"EFT",
"UTE",
"TAE",
"EAU",
"ECU",
"EAT",
"TAU",
"TUFA",
"TEC",
"CAUF",
"CATE",
"TACE",
"CAT",
"FAT",
"TEF",
"ACE",
"ETA",
"FET",
"CUT",
"AUE"
],
"ws": [
{
"w": "CAFE",
"v": false,
"row": 5,
"col": 0,
"def": "A coffee shop; an establishment selling coffee and sometimes other drinks or snacks, with a facility to consume them on the premises."
},
{
"w": "CUTE",
"v": true,
"row": 4,
"col": 6,
"def": "Possessing physical features, behaviors, personality traits or other properties that are mainly attributed to infants and small or cuddly animals; e.g. fair, dainty, round, and soft physical features, disproportionately large eyes and head, playfulness, fragility, helplessness, curiosity or shyness, innocence, affectionate behavior."
},
{
"w": "FACE",
"v": true,
"row": 1,
"col": 7,
"def": "The front part of the head, featuring the eyes, nose, and mouth and the surrounding area."
},
{
"w": "FACT",
"v": false,
"row": 2,
"col": 6,
"def": "Action; the realm of action."
},
{
"w": "FATE",
"v": true,
"row": 0,
"col": 9,
"def": "The cause, force, principle, or divine will that predetermines events."
},
{
"w": "FEAT",
"v": true,
"row": 4,
"col": 3,
"def": "A relatively rare or difficult accomplishment."
},
{
"w": "FETA",
"v": true,
"row": 2,
"col": 1,
"def": "A variety of curd cheese made from sheep's or goat's milk and originating from Greece."
},
{
"w": "ACUTE",
"v": false,
"row": 6,
"col": 3,
"def": "Urgent."
},
{
"w": "FACET",
"v": false,
"row": 0,
"col": 1,
"def": "Any one of the flat surfaces cut into a gem."
},
{
"w": "FAUCET",
"v": false,
"row": 4,
"col": 3,
"def": "An exposed plumbing fitting; a tap or spigot; a regulator for controlling the flow of a liquid from a reservoir."
}
]
}