{
"id": 1449,
"sub_category": "Ray Pack",
"category": "Woodland Group",
"type": 0,
"letters": "AEGHIS",
"mov": 18,
"shovels": 1,
"coins": 5,
"rows": 15,
"cols": 15,
"c": 0,
"b": -1,
"w": 8,
"h": 8,
"dws": [
"GIE",
"SEI",
"SHA",
"GHI",
"SAI",
"EGIS",
"HES",
"SEG",
"HIS",
"GHIS",
"AIS",
"HAG",
"EISH",
"GAS",
"HAE",
"SHEA",
"AGS",
"HAES",
"HAS",
"AHIS",
"EHS",
"HIE",
"SAG",
"SHE",
"GAES",
"SAE",
"ASH",
"AHI",
"AHS",
"GIES",
"ISH",
"AGE",
"SIG",
"HIES",
"EAS",
"SEA",
"GIS",
"GAE"
],
"ws": [
{
"w": "AGES",
"v": false,
"row": 0,
"col": 4,
"def": "Plural form of age."
},
{
"w": "SAGE",
"v": true,
"row": 0,
"col": 7,
"def": "Wise."
},
{
"w": "SIGH",
"v": true,
"row": 4,
"col": 0,
"def": "A deep and prolonged audible inspiration or respiration of air, as when fatigued, frustrated, grieved, or relieved; the act of sighing."
},
{
"w": "HAGS",
"v": false,
"row": 2,
"col": 2,
"def": "Plural form of hag."
},
{
"w": "GASH",
"v": true,
"row": 0,
"col": 5,
"def": "A deep cut."
},
{
"w": "SHAG",
"v": false,
"row": 4,
"col": 0,
"def": "Matted material; rough massed hair, fibres etc."
},
{
"w": "AEGIS",
"v": true,
"row": 2,
"col": 3,
"def": "A mythological shield associated with Zeus and Athena shown as a short cloak consisting of a goatskin. The aegis of Athena is usually shown with a border of snakes and with the head of Medusa in the center. The aegis is more an emblem of protection and power than an actual military shield."
},
{
"w": "GEISHA",
"v": false,
"row": 6,
"col": 0,
"def": "A Japanese female entertainer skilled in various arts such as tea ceremony, dancing, singing and calligraphy."
}
]
}