{
"id": 1459,
"sub_category": "Azure Pack",
"category": "Woodland Group",
"type": 0,
"letters": "DEEGLN",
"mov": 18,
"shovels": 1,
"coins": 5,
"rows": 15,
"cols": 15,
"c": 0,
"b": -1,
"w": 9,
"h": 7,
"dws": [
"LEED",
"EEL",
"GLED",
"END",
"NEG",
"GEE",
"DEN",
"ENE",
"GED",
"DEE",
"ELD",
"GEED",
"GEN",
"LENG",
"LEE",
"GEL",
"NEE",
"LED",
"LEG",
"GLEDE",
"NED",
"GLEED",
"GELD",
"LEDE",
"ENG",
"NEELD",
"DELE",
"DEEN",
"DENE",
"DEG",
"EEN",
"DEL"
],
"ws": [
{
"w": "EDGE",
"v": true,
"row": 0,
"col": 5,
"def": "The boundary line of a surface."
},
{
"w": "GENE",
"v": false,
"row": 2,
"col": 5,
"def": "A unit of heredity; a segment of DNA or RNA that is transmitted from one generation to the next, and that carries genetic information such as the sequence of amino acids for a protein."
},
{
"w": "GLEE",
"v": false,
"row": 0,
"col": 2,
"def": "Joy; merriment; mirth; gaiety; particularly, the mirth enjoyed at a feast."
},
{
"w": "LEND",
"v": true,
"row": 0,
"col": 3,
"def": "The lumbar region; loin."
},
{
"w": "NEED",
"v": true,
"row": 2,
"col": 7,
"def": "A requirement for something."
},
{
"w": "GLEN",
"v": true,
"row": 3,
"col": 4,
"def": "A secluded and narrow valley; a dale; a depression between hills."
},
{
"w": "LEDGE",
"v": false,
"row": 3,
"col": 1,
"def": "A shelf on which articles may be laid; also, that which resembles such a shelf in form or use, as a projecting ridge or part, or a molding or edge in joinery."
},
{
"w": "LEGEND",
"v": false,
"row": 6,
"col": 0,
"def": "A story of unknown origin describing plausible but extraordinary past events."
}
]
}