{
"id": 146,
"sub_category": "Pillar Pack",
"category": "Canyon Group",
"type": 0,
"letters": "ELLOSY",
"mov": 18,
"shovels": 1,
"coins": 5,
"rows": 15,
"cols": 15,
"c": 0,
"b": -1,
"w": 8,
"h": 7,
"dws": [
"LOSEL",
"ELLS",
"OYS",
"LES",
"SLOE",
"OSE",
"SEY",
"OLE",
"OYE",
"SEL",
"ELL",
"SOYLE",
"LOS",
"LYSE",
"OES",
"LYES",
"OLES",
"LOL",
"LOY",
"ELS",
"SOY",
"LYE",
"LEYS",
"SLEY",
"LOYS",
"OYES",
"SOL",
"SYE",
"LEY"
],
"ws": [
{
"w": "SLY",
"v": false,
"row": 3,
"col": 5,
"def": "Artfully cunning; secretly mischievous; wily."
},
{
"w": "YES",
"v": true,
"row": 1,
"col": 5,
"def": "A word used to show agreement or acceptance."
},
{
"w": "LOSE",
"v": true,
"row": 3,
"col": 6,
"def": "To cause (something) to cease to be in one's possession or capability due to unfortunate or unknown circumstances, events or reasons."
},
{
"w": "SELL",
"v": false,
"row": 6,
"col": 1,
"def": "To agree to transfer goods or provide services in exchange for money."
},
{
"w": "SOLE",
"v": true,
"row": 0,
"col": 1,
"def": "A wooden band or yoke put around the neck of an ox or cow in the stall."
},
{
"w": "YELL",
"v": false,
"row": 3,
"col": 0,
"def": "Shout; holler; make a loud sound with the voice."
},
{
"w": "YELLS",
"v": true,
"row": 0,
"col": 3,
"def": "Plural form of yell."
},
{
"w": "SOLELY",
"v": false,
"row": 1,
"col": 0,
"def": "Alone; exclusively."
}
]
}