{
"id": 1463,
"sub_category": "Azure Pack",
"category": "Woodland Group",
"type": 0,
"letters": "EEMORV",
"mov": 22,
"shovels": 1,
"coins": 5,
"rows": 15,
"cols": 15,
"c": 0,
"b": -1,
"w": 10,
"h": 8,
"dws": [
"EMO",
"EVO",
"ERE",
"EME",
"VOMER",
"EREV",
"OMER",
"VEE",
"REO",
"MOE",
"VOE",
"REV",
"MOR",
"MEE",
"REE",
"ROE",
"ROM",
"EVOE",
"EMOVE",
"MEER",
"MEVE",
"VOR",
"ERM"
],
"ws": [
{
"w": "EVE",
"v": true,
"row": 5,
"col": 4,
"def": "The day or night before, usually used for holidays, such as Christmas Eve."
},
{
"w": "ORE",
"v": true,
"row": 0,
"col": 6,
"def": "Rock that contains utilitarian materials; primarily a rock containing metals or gems which (at the time of the rock's evaluation and proposal for extraction) are able to be separated from its neighboring minerals and processed at a cost that does not exceed those materials' present-day economic values."
},
{
"w": "REM",
"v": false,
"row": 4,
"col": 0,
"def": "Rapid eye movement, a sleep state."
},
{
"w": "EVER",
"v": false,
"row": 7,
"col": 2,
"def": "Always."
},
{
"w": "MERE",
"v": true,
"row": 4,
"col": 7,
"def": "The sea."
},
{
"w": "MORE",
"v": true,
"row": 1,
"col": 1,
"def": "Comparative form of many: in greater number. (Used for a discrete quantity.)."
},
{
"w": "MOVE",
"v": true,
"row": 4,
"col": 2,
"def": "To change place or posture; to stir; to go, in any manner, from one place or position to another."
},
{
"w": "OVER",
"v": false,
"row": 5,
"col": 2,
"def": "In radio communications: end of sentence, ready to receive reply."
},
{
"w": "ROVE",
"v": false,
"row": 2,
"col": 3,
"def": "To shoot with arrows (at)."
},
{
"w": "VEER",
"v": true,
"row": 2,
"col": 5,
"def": "A turn or swerve; an instance of veering."
},
{
"w": "MOVER",
"v": false,
"row": 0,
"col": 5,
"def": "Someone who or something which moves."
},
{
"w": "REMOVE",
"v": true,
"row": 0,
"col": 9,
"def": "To move something from one place to another, especially to take away."
}
]
}