{
"id": 1464,
"sub_category": "Azure Pack",
"category": "Woodland Group",
"type": 0,
"letters": "EFILTU",
"mov": 24,
"shovels": 1,
"coins": 5,
"rows": 15,
"cols": 15,
"c": 0,
"b": -1,
"w": 10,
"h": 10,
"dws": [
"FLITE",
"FEU",
"FLU",
"LEI",
"LIE",
"LIT",
"LIEU",
"EFT",
"UTE",
"TUI",
"LITU",
"ELT",
"LIEF",
"TULE",
"TUILE",
"TEL",
"ELF",
"TIL",
"FIT",
"UTILE",
"TEF",
"ETUI",
"TIE",
"TEIL",
"ULE",
"FIL",
"LEU",
"LET",
"FET",
"FIE"
],
"ws": [
{
"w": "FELT",
"v": true,
"row": 1,
"col": 6,
"def": "A cloth or stuff made of matted fibres of wool, or wool and fur, fulled or wrought into a compact substance by rolling and pressure, with lees or size, without spinning or weaving."
},
{
"w": "FILE",
"v": false,
"row": 1,
"col": 6,
"def": "A collection of papers collated and archived together."
},
{
"w": "FUEL",
"v": true,
"row": 2,
"col": 0,
"def": "Substance consumed to provide energy through combustion, or through chemical or nuclear reaction."
},
{
"w": "LEFT",
"v": true,
"row": 0,
"col": 9,
"def": "The opposite of right; toward the west when one is facing north."
},
{
"w": "LIFE",
"v": false,
"row": 5,
"col": 0,
"def": "The state that follows birth, and precedes death; the state of being alive and living."
},
{
"w": "LIFT",
"v": false,
"row": 3,
"col": 6,
"def": "Air."
},
{
"w": "TILE",
"v": true,
"row": 6,
"col": 7,
"def": "A regularly-shaped slab of clay or other material, affixed to cover or decorate a surface, as in a roof-tile, glazed tile, stove tile, etc."
},
{
"w": "LITE",
"v": false,
"row": 2,
"col": 3,
"def": "Light in composition, notably low in fat, calories etc.:."
},
{
"w": "LUTE",
"v": true,
"row": 2,
"col": 3,
"def": "A fretted stringed instrument, similar to a guitar, having a bowl-shaped body or soundbox."
},
{
"w": "FLUE",
"v": true,
"row": 3,
"col": 8,
"def": "A pipe or duct that carries gaseous combustion products away from the point of combustion (such as a furnace)."
},
{
"w": "FLIT",
"v": true,
"row": 5,
"col": 5,
"def": "A fluttering or darting movement."
},
{
"w": "FLUTE",
"v": false,
"row": 6,
"col": 4,
"def": "A woodwind instrument consisting of a metal, wood or bamboo tube with a row of circular holes and played by blowing across a hole in the side of one end or through a narrow channel at one end against a sharp edge, while covering none, some or all of the holes with the fingers to vary the note played."
},
{
"w": "FILET",
"v": false,
"row": 0,
"col": 0,
"def": "A narrow strip of ribbon, material or meat."
},
{
"w": "FUTILE",
"v": false,
"row": 8,
"col": 3,
"def": "Incapable of producing results; useless; not successful; not worth attempting."
}
]
}