{
"id": 1471,
"sub_category": "Azure Pack",
"category": "Woodland Group",
"type": 0,
"letters": "CENOPU",
"mov": 28,
"shovels": 1,
"coins": 5,
"rows": 15,
"cols": 15,
"c": 0,
"b": -1,
"w": 12,
"h": 11,
"dws": [
"UNCE",
"UNCO",
"COPEN",
"UPO",
"EON",
"PONE",
"ECO",
"ECU",
"CEP",
"PUCE",
"PEC",
"PONCE",
"NOUP",
"NEP",
"OPE"
],
"ws": [
{
"w": "CON",
"v": false,
"row": 6,
"col": 0,
"def": "To study, especially in order to gain knowledge of."
},
{
"w": "COP",
"v": true,
"row": 1,
"col": 5,
"def": "To (be forced to) take; to receive; to shoulder; to bear, especially blame or punishment for a particular instance of wrongdoing."
},
{
"w": "CUE",
"v": false,
"row": 8,
"col": 1,
"def": "An action or event that is a signal for somebody to do something."
},
{
"w": "CUP",
"v": false,
"row": 1,
"col": 5,
"def": "A concave vessel for drinking from, usually made of opaque material (as opposed to a glass)."
},
{
"w": "ONE",
"v": true,
"row": 3,
"col": 4,
"def": "A numerical value equal to 1; the first number in the set of natural numbers (especially in number theory); the cardinality of the smallest nonempty set. Ordinal: first."
},
{
"w": "PEN",
"v": true,
"row": 4,
"col": 2,
"def": "An enclosed area used to contain domesticated animals, especially sheep or cattle."
},
{
"w": "PUN",
"v": false,
"row": 4,
"col": 2,
"def": "To beat; strike with force; ram; pound, as in a mortar; reduce to powder."
},
{
"w": "CONE",
"v": true,
"row": 2,
"col": 10,
"def": "A surface of revolution formed by rotating a segment of a line around another line that intersects the first line."
},
{
"w": "COPE",
"v": false,
"row": 5,
"col": 7,
"def": "To deal effectively with something difficult."
},
{
"w": "NOPE",
"v": true,
"row": 4,
"col": 8,
"def": "To hit someone on the head."
},
{
"w": "ONCE",
"v": true,
"row": 6,
"col": 1,
"def": "One and only one time."
},
{
"w": "OPEN",
"v": false,
"row": 3,
"col": 4,
"def": "Which is not closed; accessible; unimpeded; as, an open gate."
},
{
"w": "UPON",
"v": true,
"row": 0,
"col": 7,
"def": "Being above and in contact with another."
},
{
"w": "COUP",
"v": true,
"row": 7,
"col": 7,
"def": "A quick, brilliant, and highly successful act; a triumph."
},
{
"w": "PEON",
"v": true,
"row": 7,
"col": 3,
"def": "A lowly person, a peasant or serf, a labourer who is obliged to do menial work."
},
{
"w": "OUNCE",
"v": false,
"row": 2,
"col": 7,
"def": "An avoirdupois ounce, weighing 1/16 of an avoirdupois pound, or 28.3495 grams."
},
{
"w": "COUPE",
"v": false,
"row": 9,
"col": 5,
"def": "An ice cream dessert; the glass it is served in."
},
{
"w": "POUNCE",
"v": false,
"row": 7,
"col": 3,
"def": "A type of fine powder sprinkled over wet ink to dry the ink after writing."
}
]
}