{
"id": 1473,
"sub_category": "Toad Pack",
"category": "Woodland Group",
"type": 0,
"letters": "AALMOR",
"mov": 18,
"shovels": 1,
"coins": 5,
"rows": 15,
"cols": 15,
"c": 0,
"b": -1,
"w": 9,
"h": 7,
"dws": [
"MAA",
"MAR",
"ALAMO",
"LOR",
"AMA",
"ARM",
"ALAR",
"LOMA",
"ROMA",
"MOA",
"AMLA",
"OLM",
"MALAR",
"RAM",
"MALA",
"ALMA",
"ORA",
"AAL",
"MARA",
"MOL",
"MAAR",
"MOR",
"MORA",
"ROMAL",
"ALA",
"LAR",
"ROM",
"MARL",
"MOLA",
"RAMAL",
"LAM",
"MAL",
"LAMA",
"OAR",
"OMA"
],
"ws": [
{
"w": "ORAL",
"v": false,
"row": 4,
"col": 5,
"def": "A physical examination of the mouth."
},
{
"w": "ROAM",
"v": false,
"row": 3,
"col": 1,
"def": "To wander or travel freely and with no specific destination."
},
{
"w": "LOAM",
"v": true,
"row": 0,
"col": 4,
"def": "A kind of soil; an earthy mixture of clay and sand, with organic matter to which its fertility is chiefly due."
},
{
"w": "ALARM",
"v": true,
"row": 1,
"col": 6,
"def": "A summons to arms, as on the approach of an enemy."
},
{
"w": "MORAL",
"v": true,
"row": 0,
"col": 8,
"def": "Of or relating to principles of right and wrong in behaviour, especially for teaching right behaviour."
},
{
"w": "AROMA",
"v": false,
"row": 1,
"col": 2,
"def": "A smell; especially a pleasant spicy or fragrant one."
},
{
"w": "MOLAR",
"v": false,
"row": 6,
"col": 0,
"def": "A back tooth having a broad surface used for grinding one's food."
},
{
"w": "AMORAL",
"v": true,
"row": 1,
"col": 2,
"def": "Being neither moral nor immoral."
}
]
}