{
"id": 148,
"sub_category": "Pillar Pack",
"category": "Canyon Group",
"type": 0,
"letters": "CKRSTU",
"mov": 24,
"shovels": 1,
"coins": 5,
"rows": 15,
"cols": 15,
"c": 0,
"b": -1,
"w": 12,
"h": 9,
"dws": [
"CRU",
"CUR",
"RUC",
"RUSK",
"SUK",
"RUCK",
"SCUT",
"CUSK",
"CRUS",
"RUCS",
"UTS",
"SCUR",
"CURST",
"TRUCKS",
"RUCKS",
"CURT",
"TURK",
"CURS",
"TSK"
],
"ws": [
{
"w": "CUT",
"v": true,
"row": 2,
"col": 4,
"def": "Having been cut."
},
{
"w": "RUT",
"v": false,
"row": 3,
"col": 0,
"def": "Sexual desire or oestrus of cattle, and various other mammals."
},
{
"w": "CUTS",
"v": false,
"row": 7,
"col": 5,
"def": "Plural form of cut."
},
{
"w": "RUST",
"v": true,
"row": 5,
"col": 8,
"def": "The deteriorated state of iron or steel as a result of moisture and oxidation."
},
{
"w": "RUTS",
"v": false,
"row": 4,
"col": 2,
"def": "Plural form of rut."
},
{
"w": "SUCK",
"v": false,
"row": 2,
"col": 2,
"def": "A weak, self-pitying person; a person who won't go along, especially out of spite; a crybaby or sore loser."
},
{
"w": "TUCK",
"v": false,
"row": 8,
"col": 8,
"def": "To fit neatly."
},
{
"w": "TUSK",
"v": true,
"row": 5,
"col": 11,
"def": "One of a pair of elongated pointed teeth that extend outside the mouth of an animal such as walrus, elephant or wild boar."
},
{
"w": "CRUST",
"v": false,
"row": 5,
"col": 7,
"def": "A more solid, dense or hard layer on a surface or boundary."
},
{
"w": "STUCK",
"v": true,
"row": 4,
"col": 5,
"def": "Trapped and unable to move."
},
{
"w": "TRUCK",
"v": false,
"row": 0,
"col": 3,
"def": "To fail; run out; run short; be unavailable; diminish; abate."
},
{
"w": "TUCKS",
"v": true,
"row": 1,
"col": 10,
"def": "Third-person singular simple present indicative form of tuck."
},
{
"w": "TURKS",
"v": true,
"row": 1,
"col": 0,
"def": "Plural form of turk."
},
{
"w": "STRUCK",
"v": true,
"row": 2,
"col": 2,
"def": "Simple past tense and past participle of strike. (delete)."
}
]
}