{
"id": 1482,
"sub_category": "Toad Pack",
"category": "Woodland Group",
"type": 0,
"letters": "CDEERU",
"mov": 22,
"shovels": 1,
"coins": 5,
"rows": 15,
"cols": 15,
"c": 0,
"b": -1,
"w": 11,
"h": 9,
"dws": [
"REC",
"CRU",
"RED",
"CUR",
"CERED",
"RUC",
"URD",
"DURE",
"ECRU",
"CRUE",
"DERE",
"DUCE",
"CERE",
"CRED",
"ERE",
"CUE",
"CEDER",
"RUED",
"EDUCE",
"ERED",
"CEE",
"ECU",
"DEE",
"CREE",
"DUE",
"DREE",
"RUE",
"CUD",
"REE",
"URE",
"RUD",
"REDE",
"CURED",
"URDE"
],
"ws": [
{
"w": "CURE",
"v": true,
"row": 3,
"col": 2,
"def": "A method, device or medication that restores good health."
},
{
"w": "DEER",
"v": false,
"row": 1,
"col": 4,
"def": "A beast, usually a quadruped as opposed to birds, fish, etc."
},
{
"w": "REED",
"v": true,
"row": 0,
"col": 5,
"def": "Any of various types of tall stiff perennial grass-like plants growing together in groups near water."
},
{
"w": "RUDE",
"v": true,
"row": 3,
"col": 4,
"def": "Bad mannered."
},
{
"w": "CRUD",
"v": false,
"row": 5,
"col": 1,
"def": "Dirt, filth or refuse."
},
{
"w": "CEDE",
"v": false,
"row": 4,
"col": 6,
"def": "To give up, give way, give away."
},
{
"w": "CURD",
"v": false,
"row": 3,
"col": 2,
"def": "The part of milk that coagulates when it sours or is treated with enzymes; used to make cottage cheese."
},
{
"w": "CUED",
"v": true,
"row": 4,
"col": 6,
"def": "Simple past tense and past participle of cue."
},
{
"w": "CRUDE",
"v": true,
"row": 0,
"col": 7,
"def": "Being in a natural state."
},
{
"w": "CREED",
"v": false,
"row": 8,
"col": 0,
"def": "That which is believed; accepted doctrine, especially religious; a particular set of beliefs; any summary of principles or opinions professed or adhered to."
},
{
"w": "DEUCE",
"v": false,
"row": 7,
"col": 6,
"def": "A card with two spots, one of four in a standard deck of playing cards."
},
{
"w": "REDUCE",
"v": true,
"row": 3,
"col": 9,
"def": "To bring down the size, quantity, quality, value or intensity of something; to diminish, to lower, to impair."
}
]
}