{
"id": 1484,
"sub_category": "Toad Pack",
"category": "Woodland Group",
"type": 0,
"letters": "AAEGRV",
"mov": 22,
"shovels": 1,
"coins": 5,
"rows": 15,
"cols": 15,
"c": 0,
"b": -1,
"w": 9,
"h": 9,
"dws": [
"AVA",
"AREG",
"RAG",
"AVER",
"VERA",
"REG",
"GAR",
"GRAV",
"GARE",
"RAV",
"AVE",
"ERG",
"AGA",
"AGER",
"REV",
"VEG",
"VAG",
"VARA",
"VARE",
"AGAR",
"VEGA",
"VAR",
"VAE",
"GER",
"RAGA",
"GAE"
],
"ws": [
{
"w": "AGE",
"v": true,
"row": 2,
"col": 2,
"def": "The whole duration of a being, whether animal, vegetable, or other kind; lifetime."
},
{
"w": "ARE",
"v": false,
"row": 3,
"col": 4,
"def": "Second-person singular simple present tense of be."
},
{
"w": "EAR",
"v": false,
"row": 4,
"col": 2,
"def": "The organ of hearing, consisting of the pinna, auditory canal, eardrum, malleus, incus, stapes and cochlea."
},
{
"w": "ERA",
"v": false,
"row": 6,
"col": 3,
"def": "A time period of indeterminate length, generally more than one year."
},
{
"w": "AREA",
"v": true,
"row": 4,
"col": 3,
"def": "A measure of the extent of a surface; it is measured in square units."
},
{
"w": "GAVE",
"v": true,
"row": 0,
"col": 6,
"def": "Simple past of give."
},
{
"w": "GEAR",
"v": true,
"row": 1,
"col": 4,
"def": "Equipment or paraphernalia, especially that used for an athletic endeavor."
},
{
"w": "RAGE",
"v": true,
"row": 5,
"col": 5,
"def": "Violent uncontrolled anger."
},
{
"w": "RAVE",
"v": false,
"row": 5,
"col": 5,
"def": "An enthusiastic review (such as of a play)."
},
{
"w": "GRAVE",
"v": true,
"row": 4,
"col": 0,
"def": "An excavation in the earth as a place of burial; also, any place of interment; a tomb; a sepulcher."
},
{
"w": "AGAVE",
"v": false,
"row": 2,
"col": 0,
"def": "A plant of the genus Agave which includes the maguey or century plant. Attaining maturity, it produces a gigantic flower stem."
},
{
"w": "RAVAGE",
"v": true,
"row": 0,
"col": 8,
"def": "To devastate or destroy something."
}
]
}