{
"id": 1487,
"sub_category": "Toad Pack",
"category": "Woodland Group",
"type": 0,
"letters": "ACGIRT",
"mov": 28,
"shovels": 1,
"coins": 5,
"rows": 15,
"cols": 15,
"c": 0,
"b": -1,
"w": 12,
"h": 10,
"dws": [
"RAI",
"RIT",
"AIT",
"ARTIC",
"GARI",
"TIAR",
"CAG",
"GAR",
"GIRT",
"TRIG",
"RAIT",
"CRIT",
"RIA",
"CRIA",
"GRAT",
"TAI",
"ITA",
"AIRT",
"TRIAC",
"TAIG",
"CIT",
"TRAGI",
"CRAG",
"ARTI",
"CIG",
"GAT",
"RAGI",
"TIG",
"GAIR",
"GART"
],
"ws": [
{
"w": "ACT",
"v": true,
"row": 6,
"col": 1,
"def": "Something done, a deed."
},
{
"w": "AIR",
"v": false,
"row": 7,
"col": 3,
"def": "The atmospheric substance above the surface of the earth which animals breathe, formerly considered to be a single substance, one of the four basic elements of ancient philosophy and one of the five basic elements of Eastern traditions."
},
{
"w": "ARC",
"v": true,
"row": 7,
"col": 3,
"def": "A directed edge."
},
{
"w": "ART",
"v": true,
"row": 4,
"col": 2,
"def": "Human effort to imitate, supplement, alter, or counteract the work of nature."
},
{
"w": "CAR",
"v": true,
"row": 7,
"col": 7,
"def": "A wheeled vehicle, drawn by a horse or other animal."
},
{
"w": "CAT",
"v": false,
"row": 6,
"col": 0,
"def": "Any similar animal of the family Felidae, which includes lions, tigers, bobcats, etc."
},
{
"w": "RAG",
"v": false,
"row": 4,
"col": 1,
"def": "A coarse kind of rock, somewhat cellular in texture; ragstone."
},
{
"w": "RAT",
"v": false,
"row": 4,
"col": 5,
"def": "A medium-sized rodent belonging to the genus Rattus."
},
{
"w": "RIG",
"v": true,
"row": 7,
"col": 5,
"def": "The rigging of a sailing ship or other such craft."
},
{
"w": "TAG",
"v": true,
"row": 2,
"col": 3,
"def": "A small label."
},
{
"w": "TAR",
"v": false,
"row": 8,
"col": 1,
"def": "A black, oily, sticky, viscous substance, consisting mainly of hydrocarbons derived from organic materials such as wood, peat, or coal."
},
{
"w": "GIT",
"v": true,
"row": 2,
"col": 7,
"def": "A contemptible person."
},
{
"w": "TIC",
"v": false,
"row": 2,
"col": 3,
"def": "A local and habitual convulsive motion of certain muscles."
},
{
"w": "CART",
"v": true,
"row": 2,
"col": 5,
"def": "A small, open, wheeled vehicle, drawn or pushed by a person or animal, more often used for transporting goods than passengers."
},
{
"w": "GAIT",
"v": false,
"row": 2,
"col": 7,
"def": "Manner of walking or stepping; bearing or carriage while moving."
},
{
"w": "GRIT",
"v": true,
"row": 0,
"col": 9,
"def": "Collection of hard small materials, such as dirt, ground stone, debris from sandblasting or other such grinding, swarf from metalworking."
},
{
"w": "CIGAR",
"v": false,
"row": 9,
"col": 3,
"def": "Tobacco, rolled and wrapped with an outer covering of tobacco leaves, intended to be smoked."
},
{
"w": "TRAGIC",
"v": false,
"row": 0,
"col": 6,
"def": "Causing great sadness or suffering."
}
]
}