{
"id": 1489,
"sub_category": "Brook Pack",
"category": "Woodland Group",
"type": 0,
"letters": "EPRTTY",
"mov": 24,
"shovels": 1,
"coins": 5,
"rows": 15,
"cols": 15,
"c": 0,
"b": -1,
"w": 9,
"h": 9,
"dws": [
"PYE",
"RET",
"TET",
"TYE",
"TYRE",
"YER",
"TYTE",
"RYPE",
"TREY",
"PYET",
"YETT",
"TYER",
"TRYE",
"TRET",
"PRE",
"TRYP"
],
"ws": [
{
"w": "PER",
"v": false,
"row": 7,
"col": 4,
"def": "For each."
},
{
"w": "PET",
"v": false,
"row": 6,
"col": 6,
"def": "An animal kept as a companion."
},
{
"w": "PRY",
"v": true,
"row": 6,
"col": 6,
"def": "To look where one is not welcome; to be nosey."
},
{
"w": "RYE",
"v": true,
"row": 4,
"col": 7,
"def": "Caraway (from the mistaken assumption that the whole seeds, often used to season rye bread, are the rye itself)."
},
{
"w": "TRY",
"v": false,
"row": 4,
"col": 6,
"def": "To attempt. Followed by infinitive."
},
{
"w": "YEP",
"v": true,
"row": 5,
"col": 4,
"def": "Yes."
},
{
"w": "YET",
"v": true,
"row": 2,
"col": 6,
"def": "To melt; found; cast, as metal."
},
{
"w": "REP",
"v": true,
"row": 0,
"col": 5,
"def": "Short form of reputation."
},
{
"w": "PREY",
"v": false,
"row": 3,
"col": 1,
"def": "Anything, as goods, etc., taken or got by violence; anything taken by force from an enemy in war; spoil; booty; plunder."
},
{
"w": "TYPE",
"v": false,
"row": 0,
"col": 0,
"def": "A grouping based on shared characteristics; a class."
},
{
"w": "PERT",
"v": true,
"row": 2,
"col": 3,
"def": "To behave with pertness."
},
{
"w": "PYRE",
"v": false,
"row": 2,
"col": 5,
"def": "A funeral pile; a combustible heap on which corpses are burned."
},
{
"w": "PETTY",
"v": false,
"row": 5,
"col": 0,
"def": "Little, small, secondary in rank or importance."
},
{
"w": "PRETTY",
"v": true,
"row": 3,
"col": 1,
"def": "Somewhat, fairly, quite; sometimes also (by meiosis) very."
}
]
}