{
"id": 1490,
"sub_category": "Brook Pack",
"category": "Woodland Group",
"type": 0,
"letters": "DEENRU",
"mov": 18,
"shovels": 1,
"coins": 5,
"rows": 15,
"cols": 15,
"c": 0,
"b": -1,
"w": 8,
"h": 7,
"dws": [
"RED",
"ENURED",
"DUN",
"NUR",
"URD",
"DURE",
"DERE",
"END",
"ERN",
"ERE",
"UNDEE",
"ENDER",
"RUED",
"ERED",
"REED",
"DEN",
"DERN",
"ENE",
"UNRED",
"DEE",
"RUN",
"RUND",
"DUE",
"RUNED",
"DEER",
"DREE",
"REN",
"NUDER",
"ENDUE",
"NEE",
"ENURE",
"RUE",
"UNDE",
"REE",
"REEN",
"URE",
"NURD",
"NED",
"ERNE",
"RUD",
"REDE",
"URN",
"DEEN",
"RUDE",
"DENE",
"URDE",
"DURN",
"EEN"
],
"ws": [
{
"w": "DUNE",
"v": false,
"row": 5,
"col": 0,
"def": "A ridge or hill of sand piled up by the wind."
},
{
"w": "NEED",
"v": false,
"row": 0,
"col": 0,
"def": "A requirement for something."
},
{
"w": "NERD",
"v": false,
"row": 6,
"col": 4,
"def": "A person who is intellectual but generally introverted."
},
{
"w": "NUDE",
"v": true,
"row": 3,
"col": 0,
"def": "Without clothing or other covering of the skin."
},
{
"w": "REND",
"v": true,
"row": 3,
"col": 7,
"def": "To separate into parts with force or sudden violence; to tear asunder; to split; to burst."
},
{
"w": "RUNE",
"v": true,
"row": 2,
"col": 3,
"def": "A letter, or character, belonging to the written language of various ancient Germanic peoples, especially the Scandinavians and the Anglo-Saxons."
},
{
"w": "UNDER",
"v": false,
"row": 3,
"col": 3,
"def": "In a lower level than."
},
{
"w": "ENDURE",
"v": true,
"row": 1,
"col": 5,
"def": "To continue or carry on, despite obstacles or hardships."
}
]
}