{
"id": 1493,
"sub_category": "Brook Pack",
"category": "Woodland Group",
"type": 0,
"letters": "GNPRSU",
"mov": 28,
"shovels": 1,
"coins": 5,
"rows": 15,
"cols": 15,
"c": 0,
"b": -1,
"w": 12,
"h": 10,
"dws": [
"NUS",
"NUGS",
"NUR",
"NURS",
"SPRUG",
"PUGS",
"UNS",
"NUG",
"GURNS",
"GNUS",
"SUG",
"RUGS",
"URPS",
"PUNG",
"GUR",
"UGS",
"GUNS",
"URNS",
"GURS",
"RUNS",
"SPUG",
"GUS",
"URP",
"GURN",
"PUNGS",
"GUPS",
"PURS",
"GUP",
"PUNS",
"RUNGS",
"PUR"
],
"ws": [
{
"w": "GUN",
"v": false,
"row": 9,
"col": 5,
"def": "A very portable, short firearm, for hand use, which fires bullets or projectiles, such as a handgun, revolver, pistol, or Derringer."
},
{
"w": "PUG",
"v": true,
"row": 7,
"col": 5,
"def": "The footprint of an animal. (Also pugmark) (From the Hindi for 'foot', related to Sanskrit 'padh' and Greek 'ped')."
},
{
"w": "RUG",
"v": false,
"row": 7,
"col": 7,
"def": "A partial covering for a floor."
},
{
"w": "RUN",
"v": true,
"row": 7,
"col": 7,
"def": "Act or instance of running, of moving rapidly using the feet."
},
{
"w": "SUN",
"v": false,
"row": 7,
"col": 1,
"def": "To expose the eyes to the sun as part of the Bates method."
},
{
"w": "UPS",
"v": true,
"row": 3,
"col": 0,
"def": "Plural form of up."
},
{
"w": "URN",
"v": false,
"row": 3,
"col": 0,
"def": "A vase with a footed base."
},
{
"w": "PUN",
"v": true,
"row": 1,
"col": 2,
"def": "To beat; strike with force; ram; pound, as in a mortar; reduce to powder."
},
{
"w": "SUP",
"v": false,
"row": 4,
"col": 9,
"def": "Supremum."
},
{
"w": "GNU",
"v": false,
"row": 8,
"col": 3,
"def": "A large antelope native to Africa having curved horns."
},
{
"w": "PUS",
"v": true,
"row": 5,
"col": 1,
"def": "A whitish-yellow or yellow substance composed primarily of dead white blood cells and dead pyogenic bacteria; normally found in regions of bacterial infection."
},
{
"w": "RUNG",
"v": true,
"row": 5,
"col": 3,
"def": "A crosspiece forming a step of a ladder; a round."
},
{
"w": "SNUG",
"v": true,
"row": 0,
"col": 4,
"def": "Small, comfortable back room in a pub."
},
{
"w": "SPUN",
"v": false,
"row": 1,
"col": 1,
"def": "Simple past tense and past participle of spin."
},
{
"w": "SUNG",
"v": true,
"row": 4,
"col": 9,
"def": "Past participle of sing."
},
{
"w": "SPUR",
"v": false,
"row": 5,
"col": 0,
"def": "A rigid implement, often roughly y-shaped, that is fixed to one's heel for purpose of prodding a horse. Often worn by, and emblematic of, the cowboy or the knight."
},
{
"w": "SPURN",
"v": true,
"row": 3,
"col": 11,
"def": "To reject disdainfully; contemn; scorn."
},
{
"w": "SPRUNG",
"v": false,
"row": 0,
"col": 4,
"def": "Past participle of spring."
}
]
}