{
"id": 1504,
"sub_category": "Brook Pack",
"category": "Woodland Group",
"type": 0,
"letters": "BELMRU",
"mov": 22,
"shovels": 1,
"coins": 5,
"rows": 15,
"cols": 15,
"c": 0,
"b": -1,
"w": 11,
"h": 10,
"dws": [
"REM",
"BRUME",
"MEU",
"BLUME",
"BEL",
"LUM",
"UMBREL",
"BUM",
"MURL",
"RUM",
"UMBEL",
"RUB",
"BUR",
"BURL",
"UMBLE",
"UMBE",
"MEL",
"RUBEL",
"ULE",
"RUE",
"LEU",
"EMU",
"URE",
"MERL",
"MURE",
"UMBRE",
"BRU",
"REB",
"LUR",
"RUBLE",
"ELM",
"BRULE",
"RUME",
"RUBE",
"ERM",
"URB"
],
"ws": [
{
"w": "BLUE",
"v": false,
"row": 3,
"col": 0,
"def": "Having a bluish colour shade."
},
{
"w": "BLUR",
"v": true,
"row": 2,
"col": 1,
"def": "To make indistinct or hazy, to obscure or dim."
},
{
"w": "LURE",
"v": false,
"row": 1,
"col": 2,
"def": "Something that tempts or attracts, especially one with a promise of reward or pleasure."
},
{
"w": "MULE",
"v": false,
"row": 7,
"col": 3,
"def": "A generally sterile male or female hybrid offspring of a male donkey and a female horse."
},
{
"w": "RULE",
"v": false,
"row": 5,
"col": 1,
"def": "A regulation, law, guideline."
},
{
"w": "LUBE",
"v": true,
"row": 0,
"col": 3,
"def": "Lubricant."
},
{
"w": "BERM",
"v": true,
"row": 0,
"col": 5,
"def": "A narrow ledge or shelf, as along the top or bottom of a slope."
},
{
"w": "BLUER",
"v": true,
"row": 4,
"col": 6,
"def": "Comparative form of blue: more blue."
},
{
"w": "LEMUR",
"v": true,
"row": 5,
"col": 3,
"def": "Any prosimian of the infraorder Lemuriformes, native only to Madagascar and some surrounding islands."
},
{
"w": "UMBER",
"v": false,
"row": 6,
"col": 6,
"def": "A brown clay, somewhat darker than ochre, which contains iron and manganese oxides."
},
{
"w": "LUMBER",
"v": true,
"row": 2,
"col": 9,
"def": "Wood intended as a building material."
},
{
"w": "RUMBLE",
"v": false,
"row": 2,
"col": 5,
"def": "An onomatopoeia describing a rumbling noise."
}
]
}