{
"id": 1505,
"sub_category": "Leaf Pack",
"category": "Woodland Group",
"type": 0,
"letters": "CDHIOR",
"mov": 20,
"shovels": 1,
"coins": 5,
"rows": 15,
"cols": 15,
"c": 0,
"b": -1,
"w": 8,
"h": 7,
"dws": [
"CID",
"COIR",
"CHID",
"HORI",
"ICH",
"HIC",
"HOC",
"DOR",
"HOD",
"ORC",
"ICHOR",
"ODIC",
"RHO",
"DOH",
"DICH",
"HOI",
"CORD",
"ORD",
"COR",
"ROCH",
"CHIRO",
"OCH",
"ROC",
"RHODIC"
],
"ws": [
{
"w": "COD",
"v": true,
"row": 0,
"col": 2,
"def": "A bag."
},
{
"w": "DOC",
"v": false,
"row": 4,
"col": 0,
"def": "A doctor."
},
{
"w": "HID",
"v": false,
"row": 5,
"col": 2,
"def": "Simple past of hide."
},
{
"w": "RID",
"v": true,
"row": 2,
"col": 0,
"def": "Released from an obligation, problem, etc. (usually followed by \"of\")."
},
{
"w": "ROD",
"v": false,
"row": 2,
"col": 0,
"def": "A straight, round stick, shaft, bar, cane, or staff."
},
{
"w": "CHI",
"v": true,
"row": 4,
"col": 2,
"def": "The twenty-second letter of the Classical and Modern Greek alphabets, and the twenty-third letter of Old and Ancient alphabets."
},
{
"w": "RICH",
"v": true,
"row": 2,
"col": 6,
"def": "Wealthy: having a lot of money and possessions."
},
{
"w": "CHOIR",
"v": false,
"row": 3,
"col": 3,
"def": "Singing group; group of people who sing together; company of people who are trained to sing together."
},
{
"w": "CHORD",
"v": false,
"row": 0,
"col": 2,
"def": "In music, a combination of any three or more notes sounded simultaneously."
},
{
"w": "ORCHID",
"v": true,
"row": 0,
"col": 4,
"def": "A plant of the orchid family, bearing unusually-shaped flowers of beautiful colours."
}
]
}