{
"id": 1506,
"sub_category": "Leaf Pack",
"category": "Woodland Group",
"type": 0,
"letters": "EHINTZ",
"mov": 16,
"shovels": 1,
"coins": 5,
"rows": 15,
"cols": 15,
"c": 0,
"b": -1,
"w": 7,
"h": 7,
"dws": [
"NTH",
"NIT",
"ZINE",
"ZIN",
"HIN",
"HENT",
"THEIN",
"ZIT",
"NITE",
"ZEIN",
"HEN",
"HIE",
"NIE",
"HET",
"ZITE",
"TIE",
"THE",
"ETH",
"TIN",
"HIT",
"TIZ",
"NET",
"TEN",
"TEIN"
],
"ws": [
{
"w": "HINT",
"v": true,
"row": 3,
"col": 3,
"def": "A clue."
},
{
"w": "THEN",
"v": false,
"row": 1,
"col": 3,
"def": "At that time."
},
{
"w": "THIN",
"v": true,
"row": 3,
"col": 5,
"def": "Having little thickness or extent from one surface to its opposite."
},
{
"w": "TINE",
"v": false,
"row": 6,
"col": 3,
"def": "A spike or point on an implement or tool, especially a prong of a fork or a tooth of a comb."
},
{
"w": "THINE",
"v": true,
"row": 0,
"col": 1,
"def": "Singular second person prevocalic possessive determiner (preconsonantal form: thy)."
},
{
"w": "ZENITH",
"v": false,
"row": 4,
"col": 0,
"def": "The point in the sky vertically above a given position or observer; the point in the celestial sphere opposite the nadir."
}
]
}