{
"id": 1510,
"sub_category": "Leaf Pack",
"category": "Woodland Group",
"type": 0,
"letters": "FHORTU",
"mov": 22,
"shovels": 1,
"coins": 5,
"rows": 15,
"cols": 15,
"c": 0,
"b": -1,
"w": 10,
"h": 10,
"dws": [
"ROT",
"OUR",
"THO",
"FRO",
"UFO",
"ORF",
"FOUTH",
"FUR",
"FOR",
"HOUR",
"HOUF",
"HUT",
"RUT",
"TOR",
"RHO",
"FURTH",
"RUTH",
"HOUT",
"HOT",
"THRO",
"FOH",
"OFT",
"FOU",
"OUT",
"TROU",
"ORT",
"ROUTH"
],
"ws": [
{
"w": "FORT",
"v": false,
"row": 0,
"col": 4,
"def": "A fortified defensive structure stationed with troops."
},
{
"w": "FOUR",
"v": true,
"row": 0,
"col": 4,
"def": "A numerical value equal to 4; the number after three and before five; two plus two."
},
{
"w": "HURT",
"v": false,
"row": 2,
"col": 6,
"def": "To be painful."
},
{
"w": "TOUR",
"v": true,
"row": 0,
"col": 7,
"def": "A journey through a particular building, estate, country, etc."
},
{
"w": "TURF",
"v": false,
"row": 3,
"col": 2,
"def": "A layer of earth covered with grass; sod."
},
{
"w": "TOFU",
"v": true,
"row": 3,
"col": 2,
"def": "A protein-rich food made from curdled soybean milk."
},
{
"w": "ROUT",
"v": false,
"row": 6,
"col": 0,
"def": "To make a noise; roar; bellow; snort."
},
{
"w": "THRU",
"v": true,
"row": 6,
"col": 3,
"def": "Alternative spelling of through."
},
{
"w": "THOU",
"v": true,
"row": 2,
"col": 9,
"def": "You singular informal, nominative case."
},
{
"w": "FORTH",
"v": false,
"row": 8,
"col": 1,
"def": "Forward in time, place or degree."
},
{
"w": "FROTH",
"v": true,
"row": 5,
"col": 7,
"def": "Foam."
},
{
"w": "FOURTH",
"v": true,
"row": 3,
"col": 5,
"def": "The ordinal form of the number four."
}
]
}