{
"id": 1521,
"sub_category": "Flat Pack",
"category": "Outback Group",
"type": 0,
"letters": "AFLNTU",
"mov": 24,
"shovels": 1,
"coins": 5,
"rows": 15,
"cols": 15,
"c": 0,
"b": -1,
"w": 9,
"h": 8,
"dws": [
"UTA",
"TAN",
"ALF",
"LAUF",
"AUF",
"LUN",
"FAUT",
"FAUN",
"ULNA",
"NAT",
"NUT",
"LUNT",
"TUFA",
"TUN",
"LUNA",
"ANT",
"LANT",
"LATU",
"TUAN",
"ALU",
"ULAN"
],
"ws": [
{
"w": "FAN",
"v": true,
"row": 4,
"col": 3,
"def": "A hand-held device consisting of concertinaed material, or slats of material, gathered together at one end, that may be opened out into the shape of a sector of a circle and waved back and forth in order to move air towards oneself and cool oneself."
},
{
"w": "FAT",
"v": false,
"row": 2,
"col": 0,
"def": "A large tub or vessel for water, wine, or other liquids; a cistern."
},
{
"w": "FLU",
"v": false,
"row": 1,
"col": 2,
"def": "Influenza."
},
{
"w": "FUN",
"v": true,
"row": 0,
"col": 4,
"def": "Enjoyable, amusing."
},
{
"w": "AFT",
"v": true,
"row": 0,
"col": 2,
"def": "The stern portion of a vessel."
},
{
"w": "TAU",
"v": false,
"row": 2,
"col": 6,
"def": "The name of the letter T/\u03c4 in the Greek, Hebrew and ancient Semitic alphabets, being the nineteenth letter of the Classical and Modern Greek, the twentieth letter of Old and Ancient Greek."
},
{
"w": "ALT",
"v": true,
"row": 0,
"col": 6,
"def": "A state of excitement, conveyed by a high pitched voice."
},
{
"w": "LAT",
"v": false,
"row": 6,
"col": 5,
"def": "A Latvian coin and national monetary unit."
},
{
"w": "AUNT",
"v": true,
"row": 1,
"col": 8,
"def": "A sister or sister-in-law of someone's parent."
},
{
"w": "FLAT",
"v": true,
"row": 2,
"col": 0,
"def": "Having no variations in altitude."
},
{
"w": "TUNA",
"v": false,
"row": 5,
"col": 0,
"def": "Any of several species of fish, of the genus Thunnus, in the family Scombridae."
},
{
"w": "FLAN",
"v": false,
"row": 0,
"col": 4,
"def": "Baked tart with sweet or savoury filling in an open-topped pastry case (the only meaning in UK)."
},
{
"w": "FAULT",
"v": true,
"row": 3,
"col": 5,
"def": "A defect; something that detracts from perfection."
},
{
"w": "FLAUNT",
"v": false,
"row": 4,
"col": 3,
"def": "To wave or flutter smartly in the wind."
}
]
}