{
"id": 1527,
"sub_category": "Flat Pack",
"category": "Outback Group",
"type": 0,
"letters": "ABBELR",
"mov": 28,
"shovels": 1,
"coins": 5,
"rows": 15,
"cols": 15,
"c": 0,
"b": -1,
"w": 12,
"h": 9,
"dws": [
"BLAE",
"BRAE",
"LARE",
"ABLER",
"BARBEL",
"BEL",
"BEAL",
"RALE",
"BLEAR",
"BALER",
"LEA",
"LAER",
"ABB",
"BARBE",
"BABEL",
"ABBE",
"LEAR",
"ARLE",
"ALB",
"BAEL",
"LAR",
"ALBE",
"ARB",
"REB",
"BLEB",
"BAL",
"BLAB"
],
"ws": [
{
"w": "ALE",
"v": false,
"row": 2,
"col": 4,
"def": "An intoxicating liquor made from an infusion of malt by fermentation and the addition of a bitter, usually hops."
},
{
"w": "ARE",
"v": true,
"row": 0,
"col": 6,
"def": "Second-person singular simple present tense of be."
},
{
"w": "BAR",
"v": true,
"row": 1,
"col": 4,
"def": "A solid, more or less rigid object with a uniform cross-section smaller than its length."
},
{
"w": "BRA",
"v": false,
"row": 2,
"col": 0,
"def": "A brassiere."
},
{
"w": "EAR",
"v": true,
"row": 1,
"col": 2,
"def": "The organ of hearing, consisting of the pinna, auditory canal, eardrum, malleus, incus, stapes and cochlea."
},
{
"w": "ERA",
"v": true,
"row": 0,
"col": 9,
"def": "A time period of indeterminate length, generally more than one year."
},
{
"w": "LAB",
"v": true,
"row": 0,
"col": 0,
"def": "A laboratory."
},
{
"w": "EBB",
"v": false,
"row": 1,
"col": 2,
"def": "The receding movement of the tide."
},
{
"w": "ABLE",
"v": false,
"row": 0,
"col": 6,
"def": "A word that is used in place of the letter \"A\" during communication."
},
{
"w": "BABE",
"v": false,
"row": 2,
"col": 8,
"def": "A baby or infant; a very young human or animal."
},
{
"w": "BARE",
"v": true,
"row": 2,
"col": 10,
"def": "Minimal; that is or are just sufficient."
},
{
"w": "BEAR",
"v": false,
"row": 4,
"col": 7,
"def": "A large omnivorous mammal, related to the dog and raccoon, having shaggy hair, a very small tail, and flat feet; a member of family Ursidae, particularly of subfamily Ursinae."
},
{
"w": "EARL",
"v": true,
"row": 4,
"col": 8,
"def": "A British nobleman next in rank above a viscount and below a marquess; equivalent to a European count. A female using the style is termed a countess."
},
{
"w": "REAL",
"v": false,
"row": 7,
"col": 5,
"def": "A commodity; see reality."
},
{
"w": "BALE",
"v": false,
"row": 5,
"col": 3,
"def": "Evil, especially considered as an active force for destruction or death."
},
{
"w": "BARB",
"v": true,
"row": 5,
"col": 3,
"def": "The point that stands backward in an arrow, fishhook, etc., to prevent it from being easily extracted. Hence: Anything which stands out with a sharp point obliquely or crosswise to something else."
},
{
"w": "BLARE",
"v": true,
"row": 4,
"col": 5,
"def": "A loud sound."
},
{
"w": "RABBLE",
"v": false,
"row": 8,
"col": 0,
"def": "A mob; collectively, commoners; a disorderly group."
}
]
}