{
"id": 1533,
"sub_category": "Flat Pack",
"category": "Outback Group",
"type": 0,
"letters": "AEEFLM",
"mov": 20,
"shovels": 1,
"coins": 5,
"rows": 15,
"cols": 15,
"c": 0,
"b": -1,
"w": 10,
"h": 8,
"dws": [
"EEL",
"ALF",
"MAE",
"FELE",
"FAE",
"EME",
"LEAM",
"ALME",
"FEM",
"FEAL",
"FEME",
"MELA",
"FLAM",
"FLEAM",
"ALE",
"ELF",
"LEA",
"EALE",
"ALEE",
"ALEF",
"AME",
"MEL",
"MEE",
"LEE",
"FEE",
"FLEME",
"EMF",
"LAM",
"LEME",
"MAL",
"ELM"
],
"ws": [
{
"w": "FAME",
"v": true,
"row": 1,
"col": 0,
"def": "What is said or reported; gossip, rumour."
},
{
"w": "FEEL",
"v": true,
"row": 4,
"col": 4,
"def": "To become aware of through the skin; to use the sense of touch."
},
{
"w": "FLEA",
"v": false,
"row": 1,
"col": 0,
"def": "A small, wingless, parasitic insect of the order Siphonaptera, renowned for its bloodsucking habits and jumping abilities."
},
{
"w": "FLEE",
"v": false,
"row": 6,
"col": 2,
"def": "To run away; to escape."
},
{
"w": "LAME",
"v": true,
"row": 0,
"col": 3,
"def": "Unable to walk properly because of a problem with one's feet or legs."
},
{
"w": "LEAF",
"v": true,
"row": 3,
"col": 2,
"def": "The usually green and flat organ that represents the most prominent feature of most vegetative plants."
},
{
"w": "MALE",
"v": false,
"row": 3,
"col": 0,
"def": "Someone of male (masculine) gender:."
},
{
"w": "MEAL",
"v": false,
"row": 2,
"col": 3,
"def": "Food that is prepared and eaten, usually at a specific time (e.g. breakfast = morning meal, lunch = noon meal, etc)."
},
{
"w": "FLAME",
"v": true,
"row": 1,
"col": 6,
"def": "The visible part of fire."
},
{
"w": "FEMALE",
"v": false,
"row": 4,
"col": 4,
"def": "Belonging or referring to the sex which is generally characterized as the one associated with the larger gametes (for species which have two sexes and for which this distinction can be made), which in humans and many other species is the sex which produces eggs and which has XX chromosomes."
}
]
}