{
"id": 1537,
"sub_category": "Erode Pack",
"category": "Outback Group",
"type": 0,
"letters": "DINOOR",
"mov": 16,
"shovels": 1,
"coins": 5,
"rows": 15,
"cols": 15,
"c": 0,
"b": -1,
"w": 7,
"h": 7,
"dws": [
"NID",
"RONDO",
"OOR",
"NOO",
"DON",
"ION",
"RID",
"NORI",
"DIN",
"RIN",
"DOR",
"ROIN",
"ROD",
"INRO",
"NIDOR",
"ONO",
"NOD",
"ORDO",
"OON",
"NODI",
"NOR",
"ORD",
"ROO",
"DOO",
"DOON",
"ROON",
"ROOD",
"DINO",
"NOIR"
],
"ws": [
{
"w": "DOOR",
"v": false,
"row": 6,
"col": 0,
"def": "A portal of entry into a building or room, consisting of a rigid plane movable on a hinge. Doors are frequently made of wood or metal. May have a handle to help open and close, a latch to hold the door closed, and a lock that ensures the door cannot be opened without the key."
},
{
"w": "IRON",
"v": false,
"row": 4,
"col": 0,
"def": "A common, inexpensive metal, often black in color, that rusts, is attracted by magnets, and is used in making steel."
},
{
"w": "ODOR",
"v": true,
"row": 0,
"col": 5,
"def": "Any smell, whether fragrant or offensive; scent; perfume."
},
{
"w": "RIND",
"v": true,
"row": 3,
"col": 0,
"def": "Tree bark."
},
{
"w": "DONOR",
"v": true,
"row": 2,
"col": 3,
"def": "One who donates, typically, money."
},
{
"w": "INDOOR",
"v": false,
"row": 2,
"col": 1,
"def": "Situated in, or designed to be used in, or carried on within the interior of a building."
}
]
}