{
"id": 1545,
"sub_category": "Erode Pack",
"category": "Outback Group",
"type": 0,
"letters": "AFINNT",
"mov": 20,
"shovels": 1,
"coins": 5,
"rows": 15,
"cols": 15,
"c": 0,
"b": -1,
"w": 9,
"h": 7,
"dws": [
"AFT",
"AIT",
"FAN",
"FAIN",
"NAIN",
"TAIN",
"FIAT",
"TAI",
"NAT",
"ANN",
"ITA",
"ANI",
"NAIF",
"FIT",
"FAT",
"AIN",
"TINA",
"TIAN",
"FITNA"
],
"ws": [
{
"w": "ANT",
"v": true,
"row": 4,
"col": 6,
"def": "Any of various insects in the family Formicidae in the order Hymenoptera, typically living in large colonies composed almost entirely of flightless females."
},
{
"w": "FIN",
"v": true,
"row": 4,
"col": 8,
"def": "One of the appendages of a fish, used to propel itself and to manoeuvre/maneuver."
},
{
"w": "INN",
"v": true,
"row": 4,
"col": 4,
"def": "Any establishment where travellers can procure lodging, food, and drink."
},
{
"w": "TAN",
"v": false,
"row": 6,
"col": 2,
"def": "A symbol of the trigonometric function tangent."
},
{
"w": "TIN",
"v": false,
"row": 6,
"col": 6,
"def": "A malleable, ductile, metallic element, resistant to corrosion, with atomic number 50 and symbol Sn."
},
{
"w": "NAN",
"v": false,
"row": 5,
"col": 4,
"def": "Affectionate name for a grandmother."
},
{
"w": "NIT",
"v": true,
"row": 4,
"col": 2,
"def": "The egg of a louse."
},
{
"w": "ANTI",
"v": false,
"row": 4,
"col": 1,
"def": "Describing a torsion angle between 90\u00b0 and 180\u00b0."
},
{
"w": "FAINT",
"v": true,
"row": 0,
"col": 3,
"def": "Lacking strength; weak; languid; inclined to swoon; as, faint with fatigue, hunger, or thirst."
},
{
"w": "INFANT",
"v": false,
"row": 1,
"col": 0,
"def": "A very young human being, from birth to somewhere between six months and two years of age, needing almost constant care and/or attention."
}
]
}