{
"id": 1549,
"sub_category": "Erode Pack",
"category": "Outback Group",
"type": 0,
"letters": "AMORRW",
"mov": 26,
"shovels": 1,
"coins": 5,
"rows": 15,
"cols": 15,
"c": 0,
"b": -1,
"w": 12,
"h": 9,
"dws": [
"AROW",
"ROM",
"MAWR",
"MOR",
"MORA",
"MAROR",
"MOWA",
"MORRA",
"ORRA",
"ROMA",
"OMA",
"MOA",
"ORA"
],
"ws": [
{
"w": "ARM",
"v": false,
"row": 6,
"col": 0,
"def": "The portion of the upper human appendage, from the shoulder to the wrist and sometimes including the hand."
},
{
"w": "MAR",
"v": true,
"row": 6,
"col": 2,
"def": "To spoil, to damage."
},
{
"w": "OAR",
"v": true,
"row": 4,
"col": 1,
"def": "An implement used to propel a boat or a ship in the water, having a flat blade at one end, being rowed from the other end and being normally fastened to the vessel."
},
{
"w": "RAM",
"v": true,
"row": 2,
"col": 3,
"def": "A male sheep."
},
{
"w": "RAW",
"v": false,
"row": 8,
"col": 2,
"def": "Of weather: unpleasantly damp or cold."
},
{
"w": "ROW",
"v": true,
"row": 6,
"col": 4,
"def": "A line of objects, often regularly spaced, such as seats in a theatre, vegetable plants in a garden etc."
},
{
"w": "WAR",
"v": true,
"row": 1,
"col": 5,
"def": "Organized, large-scale, armed conflict between countries or between national, ethnic, or other sizeable groups, usually involving the engagement of military forces."
},
{
"w": "MOW",
"v": false,
"row": 7,
"col": 7,
"def": "To cut something (especially grass or crops) down or knock down."
},
{
"w": "MAW",
"v": true,
"row": 5,
"col": 9,
"def": "The stomach, especially of an animal."
},
{
"w": "ROAM",
"v": false,
"row": 2,
"col": 3,
"def": "To wander or travel freely and with no specific destination."
},
{
"w": "ROAR",
"v": false,
"row": 6,
"col": 4,
"def": "To make a loud, deep cry, especially from pain, anger, or other strong emotion."
},
{
"w": "WARM",
"v": true,
"row": 4,
"col": 7,
"def": "Having a temperature slightly higher than usual, but still pleasant; a mild temperature."
},
{
"w": "WORM",
"v": false,
"row": 4,
"col": 0,
"def": "A generally tubular invertebrate of the annelid phylum."
},
{
"w": "ARMOR",
"v": false,
"row": 5,
"col": 7,
"def": "A protective layer over a body, vehicle, or other object intended to deflect or diffuse damaging forces."
},
{
"w": "ARROW",
"v": false,
"row": 0,
"col": 7,
"def": "A projectile consisting of a shaft, a point and a tail with stabilizing fins that is shot from a bow."
},
{
"w": "MARROW",
"v": true,
"row": 3,
"col": 11,
"def": "The substance inside bones which produces blood cells."
}
]
}