{
"id": 1551,
"sub_category": "Erode Pack",
"category": "Outback Group",
"type": 0,
"letters": "FILNOW",
"mov": 18,
"shovels": 1,
"coins": 5,
"rows": 15,
"cols": 15,
"c": 0,
"b": -1,
"w": 9,
"h": 7,
"dws": [
"WOF",
"INFO",
"WIN",
"WINO",
"NOWL",
"LOW",
"OWN",
"ION",
"FOIN",
"FINO",
"NOIL",
"LINO",
"OWL",
"LIN",
"FON",
"FIL",
"LOWN",
"NOW",
"NIL",
"FILO",
"OIL",
"FIN",
"WON"
],
"ws": [
{
"w": "FLOW",
"v": true,
"row": 3,
"col": 0,
"def": "The movement of a fluid."
},
{
"w": "FOIL",
"v": false,
"row": 1,
"col": 5,
"def": "A very thin sheet of metal."
},
{
"w": "LION",
"v": false,
"row": 4,
"col": 0,
"def": "A big cat, Panthera leo, native to Africa, India and formerly to much of Europe. The term may apply to the species as a whole, to individuals, or to male individuals. It also applies to related species like mountain lions."
},
{
"w": "WOLF",
"v": false,
"row": 6,
"col": 0,
"def": "A large wild canid of certain subspecies of Canis lupus."
},
{
"w": "FOWL",
"v": true,
"row": 0,
"col": 6,
"def": "A bird."
},
{
"w": "LOIN",
"v": true,
"row": 1,
"col": 3,
"def": "The part of the body (of humans and quadrupeds) at each side of the backbone, between the ribs and hips."
},
{
"w": "FLOWN",
"v": true,
"row": 0,
"col": 8,
"def": "Past participle of fly."
},
{
"w": "INFLOW",
"v": false,
"row": 3,
"col": 3,
"def": "The act or process of flowing in or into."
}
]
}