{
"id": 1554,
"sub_category": "Arid Pack",
"category": "Outback Group",
"type": 0,
"letters": "CEHIOR",
"mov": 28,
"shovels": 1,
"coins": 5,
"rows": 15,
"cols": 15,
"c": 0,
"b": -1,
"w": 12,
"h": 11,
"dws": [
"REC",
"ECO",
"COIR",
"ICH",
"REI",
"HORI",
"HIC",
"CHE",
"REO",
"HOC",
"ORC",
"OCHE",
"ICHOR",
"CIRE",
"CHER",
"RHO",
"HIE",
"COHEIR",
"RICHE",
"HOI",
"ERIC",
"ICER",
"HORE",
"ROE",
"REH",
"COR",
"ROCH",
"HOER",
"CHIRO",
"CERO",
"ECH",
"OCH",
"ROC"
],
"ws": [
{
"w": "HER",
"v": false,
"row": 7,
"col": 6,
"def": "Belonging to her."
},
{
"w": "ICE",
"v": false,
"row": 8,
"col": 8,
"def": "Water in frozen (solid) form."
},
{
"w": "ORE",
"v": true,
"row": 6,
"col": 10,
"def": "Rock that contains utilitarian materials; primarily a rock containing metals or gems which (at the time of the rock's evaluation and proposal for extraction) are able to be separated from its neighboring minerals and processed at a cost that does not exceed those materials' present-day economic values."
},
{
"w": "CHI",
"v": false,
"row": 4,
"col": 9,
"def": "The twenty-second letter of the Classical and Modern Greek alphabets, and the twenty-third letter of Old and Ancient alphabets."
},
{
"w": "HOE",
"v": false,
"row": 6,
"col": 9,
"def": "An agricultural tool consisting of a long handle with a flat blade fixed perpendicular to it at the end, used for digging rows."
},
{
"w": "IRE",
"v": true,
"row": 4,
"col": 11,
"def": "Iron."
},
{
"w": "CORE",
"v": false,
"row": 1,
"col": 8,
"def": "The central part of fruit, containing the kernels or seeds."
},
{
"w": "ECHO",
"v": true,
"row": 0,
"col": 8,
"def": "A reflected sound that is heard again by its initial observer."
},
{
"w": "HERO",
"v": true,
"row": 7,
"col": 6,
"def": "A real or mythical person of great bravery who carries out extraordinary deeds."
},
{
"w": "HIRE",
"v": false,
"row": 0,
"col": 5,
"def": "Payment for the temporary use of something."
},
{
"w": "RICE",
"v": true,
"row": 7,
"col": 8,
"def": "Cereal plants (Oryza sativa) of the grass family whose seeds are used as food."
},
{
"w": "RICH",
"v": true,
"row": 1,
"col": 10,
"def": "Wealthy: having a lot of money and possessions."
},
{
"w": "HEIR",
"v": true,
"row": 0,
"col": 5,
"def": "Someone who inherits, or is designated to inherit, the property of another."
},
{
"w": "CHOIR",
"v": false,
"row": 2,
"col": 2,
"def": "Singing group; group of people who sing together; company of people who are trained to sing together."
},
{
"w": "CHORE",
"v": true,
"row": 6,
"col": 4,
"def": "A task, especially a difficult, unpleasant, or routine one."
},
{
"w": "OCHRE",
"v": true,
"row": 0,
"col": 3,
"def": "An earth pigment containing silica, aluminum and ferric oxide."
},
{
"w": "OCHER",
"v": false,
"row": 4,
"col": 0,
"def": "Alternative spelling of ochre."
},
{
"w": "HEROIC",
"v": true,
"row": 4,
"col": 2,
"def": "Of or relating to a hero or heroine; supremely noble."
}
]
}