{
"id": 156,
"sub_category": "Pillar Pack",
"category": "Canyon Group",
"type": 0,
"letters": "EEHIRT",
"mov": 24,
"shovels": 1,
"coins": 5,
"rows": 15,
"cols": 15,
"c": 0,
"b": -1,
"w": 11,
"h": 10,
"dws": [
"RET",
"RIT",
"HETE",
"ITHER",
"REI",
"ERE",
"TEE",
"RETE",
"THIR",
"ETHE",
"HIE",
"TEHR",
"HET",
"THEE",
"HIREE",
"TIE",
"TRIE",
"REE",
"ETH",
"REH",
"RETIE",
"TEER",
"ETHER",
"IRE"
],
"ws": [
{
"w": "HER",
"v": true,
"row": 2,
"col": 2,
"def": "Belonging to her."
},
{
"w": "HIT",
"v": false,
"row": 2,
"col": 2,
"def": "To administer a blow to."
},
{
"w": "THE",
"v": true,
"row": 2,
"col": 4,
"def": "With a comparative or more and a verb phrase, establishes a parallel with one or more other such comparatives."
},
{
"w": "HERE",
"v": false,
"row": 8,
"col": 0,
"def": "This place; this location."
},
{
"w": "HIRE",
"v": false,
"row": 3,
"col": 4,
"def": "Payment for the temporary use of something."
},
{
"w": "TIRE",
"v": true,
"row": 0,
"col": 7,
"def": "To become sleepy or weary."
},
{
"w": "TREE",
"v": false,
"row": 4,
"col": 1,
"def": "A large plant, not exactly defined, but typically over four meters in height, a single trunk which grows in girth with age and branches (which also grow in circumference with age)."
},
{
"w": "HEIR",
"v": true,
"row": 5,
"col": 6,
"def": "Someone who inherits, or is designated to inherit, the property of another."
},
{
"w": "RITE",
"v": false,
"row": 2,
"col": 7,
"def": "A religious custom."
},
{
"w": "TIER",
"v": true,
"row": 2,
"col": 9,
"def": "One who ties (knots, etc)."
},
{
"w": "THEIR",
"v": false,
"row": 5,
"col": 5,
"def": "Belonging to, from, of, or relating to, them."
},
{
"w": "THERE",
"v": false,
"row": 0,
"col": 1,
"def": "In a place or location (stated, implied or otherwise indicated) at some distance from the speaker (compare here)."
},
{
"w": "THREE",
"v": true,
"row": 4,
"col": 1,
"def": "A numerical value after two and before four. Represented in Arabic digits as 3."
},
{
"w": "EITHER",
"v": true,
"row": 4,
"col": 3,
"def": "Both, each of two (people or things)."
}
]
}