{
"id": 1563,
"sub_category": "Arid Pack",
"category": "Outback Group",
"type": 0,
"letters": "BENORZ",
"mov": 18,
"shovels": 1,
"coins": 5,
"rows": 15,
"cols": 15,
"c": 0,
"b": -1,
"w": 9,
"h": 7,
"dws": [
"ONE",
"ROB",
"EON",
"RENO",
"ONER",
"ERN",
"ZONER",
"BONZE",
"REO",
"RONE",
"NOB",
"ORB",
"ORE",
"EBON",
"BOR",
"BRO",
"BONER",
"NEB",
"OBE",
"BREN",
"REN",
"BON",
"NOR",
"ROE",
"BEN",
"REB",
"BONZER",
"BEZ",
"REZ"
],
"ws": [
{
"w": "BONE",
"v": false,
"row": 1,
"col": 5,
"def": "A composite material consisting largely of calcium phosphate and collagen and making up the skeleton of most vertebrates."
},
{
"w": "BORE",
"v": true,
"row": 3,
"col": 0,
"def": "To make a hole through something."
},
{
"w": "BORN",
"v": false,
"row": 3,
"col": 0,
"def": "Past participle of bear; given birth to."
},
{
"w": "ROBE",
"v": false,
"row": 5,
"col": 0,
"def": "A long loose outer garment, often signifying honorary stature."
},
{
"w": "ZERO",
"v": true,
"row": 0,
"col": 8,
"def": "The cardinal number occurring before one and that denotes no quantity or amount at all, represented in Arabic numerals as 0."
},
{
"w": "ZONE",
"v": false,
"row": 4,
"col": 3,
"def": "Each of the five regions of the earth's surface into which it was divided by climatic differences, namely the torrid zone (between the tropics), two temperate zones (between the tropics and the polar circles), and two frigid zones (within the polar circles)."
},
{
"w": "BORNE",
"v": true,
"row": 0,
"col": 6,
"def": "Carried, supported."
},
{
"w": "BRONZE",
"v": true,
"row": 0,
"col": 3,
"def": "A natural or man-made alloy of copper, usually of tin, but also with one or more other metals."
}
]
}