{
"id": 1567,
"sub_category": "Arid Pack",
"category": "Outback Group",
"type": 0,
"letters": "AADEPR",
"mov": 20,
"shovels": 1,
"coins": 5,
"rows": 15,
"cols": 15,
"c": 0,
"b": -1,
"w": 9,
"h": 8,
"dws": [
"RADE",
"RED",
"ARE",
"AREPA",
"PAR",
"RAP",
"DEP",
"ERA",
"APED",
"ARD",
"EARD",
"DAE",
"PEA",
"ARPA",
"AREAD",
"PAD",
"PED",
"RAD",
"APER",
"EAR",
"DRAP",
"RAPE",
"PER",
"ARED",
"AREA",
"RAPED",
"DAP",
"PARAE",
"APE",
"REP",
"PRAD",
"PARD",
"PARED",
"PRE"
],
"ws": [
{
"w": "DARE",
"v": false,
"row": 7,
"col": 0,
"def": "To have enough courage (to do something)."
},
{
"w": "DEAR",
"v": true,
"row": 4,
"col": 8,
"def": "Loved; lovable."
},
{
"w": "PEAR",
"v": false,
"row": 7,
"col": 5,
"def": "An edible fruit produced by the pear tree, similar to an apple but elongated towards the stem."
},
{
"w": "READ",
"v": false,
"row": 4,
"col": 5,
"def": "A reading or an act of reading, especially an actor's part of a play."
},
{
"w": "REAP",
"v": true,
"row": 4,
"col": 5,
"def": "To cut with a sickle, scythe, or reaping machine, as grain; to gather, as a harvest, by cutting."
},
{
"w": "PARE",
"v": true,
"row": 4,
"col": 3,
"def": "To remove the outer covering or skin of something with a cutting device, typically a knife."
},
{
"w": "PARA",
"v": true,
"row": 4,
"col": 1,
"def": "Formerly, a subunit of currency in several countries in the Ottoman/Turkish and Yugoslav regions."
},
{
"w": "DRAPE",
"v": true,
"row": 0,
"col": 6,
"def": "A curtain, a drapery."
},
{
"w": "PADRE",
"v": false,
"row": 1,
"col": 3,
"def": "A military clergyman."
},
{
"w": "PARADE",
"v": false,
"row": 5,
"col": 0,
"def": "An organized procession consisting of a series of consecutive displays, performances, exhibits, etc. displayed by moving down a street past a crowd."
}
]
}