{
"id": 157,
"sub_category": "Pillar Pack",
"category": "Canyon Group",
"type": 0,
"letters": "DGNORU",
"mov": 24,
"shovels": 1,
"coins": 5,
"rows": 15,
"cols": 15,
"c": 0,
"b": -1,
"w": 10,
"h": 9,
"dws": [
"GNU",
"GOURD",
"DUN",
"NUR",
"URD",
"NOG",
"DURO",
"DON",
"DONG",
"GOD",
"NUG",
"DOR",
"GOR",
"UNDO",
"UNGOD",
"RUND",
"OUD",
"RONG",
"GUR",
"DOUN",
"GON",
"UDO",
"DOUR",
"NOR",
"ORD",
"DUO",
"NURD",
"GURN",
"ORG",
"RUD",
"UDON",
"OURN",
"DURN"
],
"ws": [
{
"w": "DOG",
"v": true,
"row": 0,
"col": 5,
"def": "A mammal, Canis lupus familiaris, of the genus Canis that has been domesticated for thousands of years, of highly variable appearance due to human breeding."
},
{
"w": "DUG",
"v": false,
"row": 4,
"col": 7,
"def": "Mammary gland on domestic mammal containing more than two breasts."
},
{
"w": "GUN",
"v": false,
"row": 2,
"col": 5,
"def": "A very portable, short firearm, for hand use, which fires bullets or projectiles, such as a handgun, revolver, pistol, or Derringer."
},
{
"w": "NOD",
"v": true,
"row": 2,
"col": 7,
"def": "To incline the head up and down, as to indicate agreement."
},
{
"w": "OUR",
"v": true,
"row": 0,
"col": 0,
"def": "Belonging to us."
},
{
"w": "ROD",
"v": false,
"row": 0,
"col": 3,
"def": "A straight, round stick, shaft, bar, cane, or staff."
},
{
"w": "RUG",
"v": true,
"row": 0,
"col": 3,
"def": "A partial covering for a floor."
},
{
"w": "RUN",
"v": false,
"row": 6,
"col": 6,
"def": "Act or instance of running, of moving rapidly using the feet."
},
{
"w": "URN",
"v": true,
"row": 4,
"col": 8,
"def": "A vase with a footed base."
},
{
"w": "DRUG",
"v": true,
"row": 5,
"col": 6,
"def": "A substance used to treat an illness, relieve a symptom, or modify a chemical process in the body for a specific purpose."
},
{
"w": "DUNG",
"v": false,
"row": 8,
"col": 3,
"def": "Manure; animal excrement."
},
{
"w": "RUNG",
"v": false,
"row": 2,
"col": 0,
"def": "A crosspiece forming a step of a ladder; a round."
},
{
"w": "ROUND",
"v": true,
"row": 4,
"col": 3,
"def": "Circular or cylindrical; having a circular cross-section in one direction."
},
{
"w": "GROUND",
"v": false,
"row": 5,
"col": 1,
"def": "The surface of the Earth, as opposed to the sky or water or underground."
}
]
}