{
"id": 1575,
"sub_category": "Lime Pack",
"category": "Outback Group",
"type": 0,
"letters": "AAEFLM",
"mov": 22,
"shovels": 1,
"coins": 5,
"rows": 15,
"cols": 15,
"c": 0,
"b": -1,
"w": 10,
"h": 8,
"dws": [
"MAA",
"FAA",
"AMA",
"ALF",
"MAE",
"FAE",
"ALME",
"LEAM",
"FEM",
"FEAL",
"MELA",
"FLAM",
"FLEAM",
"ALFA",
"MALA",
"ALMA",
"LEA",
"ALEF",
"AAL",
"AME",
"MEL",
"ALA",
"EMF",
"ALAE",
"MAL",
"LAMA",
"AMLA"
],
"ws": [
{
"w": "ALE",
"v": true,
"row": 0,
"col": 3,
"def": "An intoxicating liquor made from an infusion of malt by fermentation and the addition of a bitter, usually hops."
},
{
"w": "ELF",
"v": true,
"row": 0,
"col": 5,
"def": "A mythical, supernatural being resembling but seen as distinct from humans."
},
{
"w": "ELM",
"v": true,
"row": 1,
"col": 8,
"def": "A tree of the genus Ulmus of the family Ulmaceae, large deciduous trees with alternate stipulate leaves and small apetalous flowers."
},
{
"w": "LAM",
"v": true,
"row": 2,
"col": 2,
"def": "Used in the expression on the lam to mean that a person is fleeing law enforcement, possibly in hiding."
},
{
"w": "FAME",
"v": false,
"row": 3,
"col": 6,
"def": "What is said or reported; gossip, rumour."
},
{
"w": "FLEA",
"v": true,
"row": 3,
"col": 6,
"def": "A small, wingless, parasitic insect of the order Siphonaptera, renowned for its bloodsucking habits and jumping abilities."
},
{
"w": "LAME",
"v": false,
"row": 1,
"col": 5,
"def": "Unable to walk properly because of a problem with one's feet or legs."
},
{
"w": "LEAF",
"v": false,
"row": 2,
"col": 2,
"def": "The usually green and flat organ that represents the most prominent feature of most vegetative plants."
},
{
"w": "MALE",
"v": false,
"row": 0,
"col": 2,
"def": "Someone of male (masculine) gender:."
},
{
"w": "MEAL",
"v": false,
"row": 6,
"col": 4,
"def": "Food that is prepared and eaten, usually at a specific time (e.g. breakfast = morning meal, lunch = noon meal, etc)."
},
{
"w": "FLAME",
"v": false,
"row": 7,
"col": 0,
"def": "The visible part of fire."
},
{
"w": "AFLAME",
"v": true,
"row": 2,
"col": 4,
"def": "In flames, on fire, flaming, with flames coming from it."
}
]
}