{
"id": 158,
"sub_category": "Pillar Pack",
"category": "Canyon Group",
"type": 0,
"letters": "AEEMSS",
"mov": 20,
"shovels": 1,
"coins": 5,
"rows": 15,
"cols": 15,
"c": 0,
"b": -1,
"w": 9,
"h": 8,
"dws": [
"ASS",
"SEMES",
"MASES",
"MAE",
"EME",
"MAS",
"MEES",
"SEEM",
"SMEES",
"MESE",
"SMA",
"SEAM",
"MASSE",
"EMS",
"ESE",
"AME",
"SEE",
"SAE",
"ESS",
"SAMES",
"MEE",
"SAM",
"EMES",
"MAES",
"SEASE",
"SESE",
"ESES",
"MESAS",
"MESES",
"SEME",
"MES",
"EAS",
"SEA",
"MESA",
"ESSE",
"MEASE",
"SAMS",
"MASE",
"SMEE"
],
"ws": [
{
"w": "EASE",
"v": false,
"row": 4,
"col": 5,
"def": "The state of being comfortable or free from stress."
},
{
"w": "MASS",
"v": false,
"row": 4,
"col": 0,
"def": "A quantity of matter cohering together so as to make one body, or an aggregation of particles or things which collectively make one body or quantity, usually of considerable size; as, a mass of ore, metal, sand, or water."
},
{
"w": "MESS",
"v": false,
"row": 6,
"col": 3,
"def": "Mass; church service."
},
{
"w": "SAME",
"v": true,
"row": 4,
"col": 3,
"def": "Not different or other; not another or others; not different as regards self; selfsame; numerically identical."
},
{
"w": "SEAS",
"v": true,
"row": 1,
"col": 2,
"def": "Plural form of sea."
},
{
"w": "SEES",
"v": true,
"row": 3,
"col": 8,
"def": "Third-person singular simple present indicative form of see."
},
{
"w": "EASES",
"v": false,
"row": 0,
"col": 4,
"def": "Third-person singular simple present indicative form of ease."
},
{
"w": "SEAMS",
"v": true,
"row": 2,
"col": 6,
"def": "Plural form of seam."
},
{
"w": "SEEMS",
"v": false,
"row": 2,
"col": 0,
"def": "Third-person singular simple present indicative form of seem."
},
{
"w": "SESAME",
"v": true,
"row": 0,
"col": 0,
"def": "A tropical Asian plant Sesamum indicum bearing small flat seeds used as food and as a source of oil."
}
]
}