{
"id": 1581,
"sub_category": "Lime Pack",
"category": "Outback Group",
"type": 0,
"letters": "CGHORU",
"mov": 16,
"shovels": 1,
"coins": 5,
"rows": 15,
"cols": 15,
"c": 0,
"b": -1,
"w": 7,
"h": 6,
"dws": [
"CRU",
"CUR",
"HOG",
"RUC",
"HUG",
"OUR",
"CROG",
"COUR",
"HOC",
"CHOU",
"GOR",
"ORC",
"RHO",
"RUG",
"CHOG",
"COG",
"GUR",
"UGH",
"CHUR",
"ORG",
"COR",
"ROCH",
"OCH",
"ROC"
],
"ws": [
{
"w": "HOUR",
"v": false,
"row": 5,
"col": 2,
"def": "A time period of sixty minutes; one twenty-fourth of a day."
},
{
"w": "OUCH",
"v": true,
"row": 0,
"col": 4,
"def": "An expression of one's own physical pain."
},
{
"w": "CHUG",
"v": true,
"row": 0,
"col": 6,
"def": "A dull, fairly quick explosive or percussive sound, as if made by a labouring engine."
},
{
"w": "COUGH",
"v": false,
"row": 3,
"col": 0,
"def": "To push air from the lungs in a quick, noisy explosion."
},
{
"w": "ROUGH",
"v": false,
"row": 1,
"col": 2,
"def": "Having a texture that has much friction. Not smooth; uneven."
},
{
"w": "GROUCH",
"v": true,
"row": 0,
"col": 2,
"def": "One who is grumpy or irritable."
}
]
}