{
"id": 1589,
"sub_category": "Arch Packx",
"category": "Outback Group",
"type": 0,
"letters": "ANRTTU",
"mov": 16,
"shovels": 1,
"coins": 5,
"rows": 15,
"cols": 15,
"c": 0,
"b": -1,
"w": 7,
"h": 6,
"dws": [
"UTA",
"TATU",
"TAR",
"TAN",
"NUR",
"TAT",
"RANT",
"RAUN",
"TUT",
"TRANT",
"NAT",
"TARN",
"NUT",
"TAU",
"RAN",
"RUN",
"RUT",
"ATT",
"TUN",
"RNA",
"ANT",
"AUNT",
"TUAN",
"ART",
"TUART",
"ARNUT",
"RAT",
"URN",
"TRAT",
"RATU",
"TUNA"
],
"ws": [
{
"w": "TART",
"v": true,
"row": 2,
"col": 5,
"def": "Sharp to the taste; acid; sour."
},
{
"w": "TURN",
"v": false,
"row": 4,
"col": 3,
"def": "Of a body, person, etc, to move around an axis through itself."
},
{
"w": "RUNT",
"v": false,
"row": 2,
"col": 2,
"def": "The smallest animal of a litter."
},
{
"w": "TAUT",
"v": false,
"row": 0,
"col": 0,
"def": "Tight; under tension, as in a rope or bow string."
},
{
"w": "TAUNT",
"v": true,
"row": 0,
"col": 3,
"def": "To make fun of (someone); to goad (a person) into responding, often in an aggressive manner."
},
{
"w": "TRUANT",
"v": true,
"row": 0,
"col": 0,
"def": "Describing one who is truant, absent without permission, especially from school."
}
]
}