{
"id": 159,
"sub_category": "Pillar Pack",
"category": "Canyon Group",
"type": 0,
"letters": "HKNRSU",
"mov": 18,
"shovels": 1,
"coins": 5,
"rows": 15,
"cols": 15,
"c": 0,
"b": -1,
"w": 8,
"h": 8,
"dws": [
"NUS",
"KNUR",
"RUKHS",
"KNURS",
"RHUS",
"SUKH",
"SHUN",
"RUSH",
"NUR",
"NURS",
"RUSK",
"RUKH",
"URN",
"HUNS",
"SUK",
"UNS",
"RUN",
"HUN"
],
"ws": [
{
"w": "SUN",
"v": false,
"row": 6,
"col": 0,
"def": "To expose the eyes to the sun as part of the Bates method."
},
{
"w": "HUNK",
"v": true,
"row": 0,
"col": 7,
"def": "A large or dense piece of something."
},
{
"w": "RUNS",
"v": true,
"row": 2,
"col": 5,
"def": "Plural form of run."
},
{
"w": "SUNK",
"v": false,
"row": 3,
"col": 4,
"def": "Past participle of sink."
},
{
"w": "URNS",
"v": false,
"row": 5,
"col": 2,
"def": "Plural form of urn."
},
{
"w": "HUSK",
"v": false,
"row": 2,
"col": 0,
"def": "The dry, leafy or stringy exterior of certain vegetables or fruits, which must be removed before eating the meat inside."
},
{
"w": "HUNKS",
"v": true,
"row": 2,
"col": 0,
"def": "A crotchety or surly person; also, a stingy man, a miser."
},
{
"w": "SHRUNK",
"v": true,
"row": 2,
"col": 2,
"def": "Simple past tense and past participle of shrink."
}
]
}