{
"id": 1609,
"sub_category": "White Packx",
"category": "Frost Group",
"type": 0,
"letters": "ACNNOT",
"mov": 24,
"shovels": 1,
"coins": 5,
"rows": 15,
"cols": 15,
"c": 0,
"b": -1,
"w": 10,
"h": 10,
"dws": [
"CANT",
"CONN",
"TAN",
"NANO",
"OCA",
"TOC",
"OCTA",
"NONA",
"CANN",
"ANN",
"NAT",
"NOTA",
"NON",
"TAO",
"ANNO",
"ANT",
"ATOC",
"ANCON",
"COTAN",
"OCTAN",
"ACTON",
"ANON",
"CANTO"
],
"ws": [
{
"w": "ACT",
"v": true,
"row": 0,
"col": 5,
"def": "Something done, a deed."
},
{
"w": "CAN",
"v": true,
"row": 2,
"col": 3,
"def": "To know how to; to be able to."
},
{
"w": "CAT",
"v": false,
"row": 2,
"col": 3,
"def": "Any similar animal of the family Felidae, which includes lions, tigers, bobcats, etc."
},
{
"w": "CON",
"v": false,
"row": 4,
"col": 7,
"def": "To study, especially in order to gain knowledge of."
},
{
"w": "NOT",
"v": false,
"row": 4,
"col": 3,
"def": "Negates the meaning of the modified verb."
},
{
"w": "TON",
"v": true,
"row": 4,
"col": 5,
"def": "A unit of weight (mass) equal to 2240 pounds (a long ton) or 2000 pounds (a short ton) or 1000 kilograms (a metric ton)."
},
{
"w": "COT",
"v": true,
"row": 6,
"col": 3,
"def": "A symbol of the trigonometric function cotangent."
},
{
"w": "NAN",
"v": false,
"row": 5,
"col": 0,
"def": "Affectionate name for a grandmother."
},
{
"w": "OAT",
"v": false,
"row": 8,
"col": 1,
"def": "Widely cultivated cereal grass, typically Avena sativa."
},
{
"w": "COAT",
"v": false,
"row": 1,
"col": 5,
"def": "An outer garment covering the upper torso and arms."
},
{
"w": "TACO",
"v": true,
"row": 1,
"col": 8,
"def": "A Mexican snack food; a small tortilla with some rice, beans, cheese, diced vegetables (usually tomatoes and lettuce, as served in the United States) and salsa."
},
{
"w": "CANON",
"v": false,
"row": 6,
"col": 3,
"def": "A generally accepted principle."
},
{
"w": "CANNOT",
"v": true,
"row": 4,
"col": 1,
"def": "Can not ( = am/is/are unable to)."
},
{
"w": "CANTON",
"v": true,
"row": 4,
"col": 7,
"def": "A division of a political unit."
}
]
}