{
"id": 161,
"sub_category": "Wind Pack",
"category": "Sky Group",
"type": 0,
"letters": "DIKLNY",
"mov": 18,
"shovels": 1,
"coins": 5,
"rows": 15,
"cols": 15,
"c": 0,
"b": -1,
"w": 8,
"h": 7,
"dws": [
"IDYL",
"INLY",
"NID",
"LINY",
"YIN",
"LIND",
"LID",
"DIN",
"KILD",
"KYLIN",
"INKY",
"DINK",
"LINKY",
"LIN",
"KYND",
"INK",
"LINDY",
"INDY",
"YID",
"DINKLY",
"KILN",
"KIN"
],
"ws": [
{
"w": "KID",
"v": true,
"row": 4,
"col": 3,
"def": "A young goat."
},
{
"w": "ILK",
"v": true,
"row": 0,
"col": 4,
"def": "The same."
},
{
"w": "NIL",
"v": true,
"row": 3,
"col": 1,
"def": "Nothing; zero."
},
{
"w": "KIND",
"v": false,
"row": 2,
"col": 4,
"def": "Affectionate, showing benevolence."
},
{
"w": "LINK",
"v": false,
"row": 4,
"col": 0,
"def": "A connection between places, persons, events, or things."
},
{
"w": "IDLY",
"v": false,
"row": 5,
"col": 3,
"def": "In an idle manner."
},
{
"w": "DINKY",
"v": false,
"row": 0,
"col": 3,
"def": "Tiny and cute; small and attractive."
},
{
"w": "KINDLY",
"v": true,
"row": 0,
"col": 6,
"def": "Having a kind personality."
}
]
}