{
"id": 1610,
"sub_category": "White Packx",
"category": "Frost Group",
"type": 0,
"letters": "ADDELR",
"mov": 24,
"shovels": 1,
"coins": 5,
"rows": 15,
"cols": 15,
"c": 0,
"b": -1,
"w": 12,
"h": 12,
"dws": [
"RADE",
"RED",
"ARE",
"REDD",
"DARED",
"ERA",
"DAD",
"LARE",
"ADDLE",
"ARD",
"LADE",
"EARD",
"RADDLE",
"DAE",
"LADER",
"ALE",
"RALE",
"LEA",
"RAD",
"ELD",
"READD",
"LAER",
"LAD",
"EAR",
"ADD",
"ARLE",
"LEAR",
"LED",
"LADED",
"LAR",
"DRAD",
"ARED",
"DAL",
"DEDAL",
"LARDED",
"DEL"
],
"ws": [
{
"w": "DARE",
"v": true,
"row": 0,
"col": 6,
"def": "To have enough courage (to do something)."
},
{
"w": "DEAD",
"v": false,
"row": 4,
"col": 8,
"def": "No longer living."
},
{
"w": "DEAL",
"v": true,
"row": 3,
"col": 5,
"def": "A division, a portion, a share."
},
{
"w": "DEAR",
"v": false,
"row": 3,
"col": 5,
"def": "Loved; lovable."
},
{
"w": "EARL",
"v": false,
"row": 1,
"col": 5,
"def": "A British nobleman next in rank above a viscount and below a marquess; equivalent to a European count. A female using the style is termed a countess."
},
{
"w": "LEAD",
"v": false,
"row": 6,
"col": 5,
"def": "A heavy, pliable, inelastic metal element, having a bright, bluish color, but easily tarnished; both malleable and ductile, though with little tenacity. It is easily fusible, forms alloys with other metals, and is an ingredient of solder and type metal. Atomic number 82, symbol Pb (from Latin plumbum)."
},
{
"w": "READ",
"v": false,
"row": 10,
"col": 7,
"def": "A reading or an act of reading, especially an actor's part of a play."
},
{
"w": "REAL",
"v": true,
"row": 8,
"col": 9,
"def": "A commodity; see reality."
},
{
"w": "LARD",
"v": true,
"row": 1,
"col": 8,
"def": "Fat from the abdomen of a pig, especially as prepared for use in cooking or pharmacy."
},
{
"w": "DALE",
"v": true,
"row": 4,
"col": 11,
"def": "A valley in an otherwise hilly area."
},
{
"w": "ADDER",
"v": true,
"row": 6,
"col": 7,
"def": "A snake."
},
{
"w": "DREAD",
"v": false,
"row": 9,
"col": 0,
"def": "To fear greatly."
},
{
"w": "ALDER",
"v": true,
"row": 7,
"col": 4,
"def": "Any of several trees or shrubs of the genus Alnus, belonging to the birch family."
},
{
"w": "LADDER",
"v": false,
"row": 8,
"col": 4,
"def": "A frame usually portable, of wood, metal, or rope, for ascent and descent, consisting of two side pieces to which are fastened cross strips or rounds forming steps."
}
]
}