{
"id": 1614,
"sub_category": "White Packx",
"category": "Frost Group",
"type": 0,
"letters": "ELRSUY",
"mov": 18,
"shovels": 1,
"coins": 5,
"rows": 15,
"cols": 15,
"c": 0,
"b": -1,
"w": 8,
"h": 8,
"dws": [
"SUER",
"YER",
"LUES",
"LES",
"YES",
"RYES",
"RULES",
"SER",
"SLUE",
"LURES",
"SEY",
"UEYS",
"RYUS",
"ULES",
"YULES",
"SEL",
"RULE",
"ERS",
"SLY",
"LURE",
"LUSER",
"LYRES",
"SUE",
"YULE",
"RYE",
"URES",
"UEY",
"LYSE",
"LYES",
"SLYER",
"ELS",
"ULE",
"RUE",
"LEU",
"URE",
"LURS",
"LYE",
"LUR",
"SLEY",
"LEYS",
"RULY",
"RUES",
"RES",
"RYU",
"USE",
"SYE",
"YUS",
"LEY"
],
"ws": [
{
"w": "RELY",
"v": true,
"row": 3,
"col": 7,
"def": "To rest with confidence, as when fully satisfied of the veracity, integrity, or ability of persons, or of the certainty of facts or of evidence; to have confidence; to trust; to depend."
},
{
"w": "SURE",
"v": true,
"row": 3,
"col": 5,
"def": "Physically secure and certain, non-failing, reliable."
},
{
"w": "USER",
"v": false,
"row": 3,
"col": 4,
"def": "One who uses or makes use of something, a consumer."
},
{
"w": "RUSE",
"v": true,
"row": 4,
"col": 2,
"def": "A trick."
},
{
"w": "SLUR",
"v": false,
"row": 0,
"col": 1,
"def": "An insult or slight."
},
{
"w": "LYRE",
"v": false,
"row": 4,
"col": 0,
"def": "A stringed musical instrument."
},
{
"w": "SURLY",
"v": true,
"row": 0,
"col": 1,
"def": "Lordly, arrogant, supercilious."
},
{
"w": "SURELY",
"v": false,
"row": 6,
"col": 2,
"def": "Without fail."
}
]
}