{
"id": 1623,
"sub_category": "Valley Packx",
"category": "Frost Group",
"type": 0,
"letters": "EOQRTU",
"mov": 24,
"shovels": 1,
"coins": 5,
"rows": 15,
"cols": 15,
"c": 0,
"b": -1,
"w": 12,
"h": 10,
"dws": [
"URE",
"RET",
"UTE",
"QUOTER",
"ROE",
"ROQUE",
"REO",
"OUTRE",
"ROQUET",
"TOQUE",
"TROU",
"ROUE",
"TRUE",
"RUT",
"ORT",
"RUE",
"TOR"
],
"ws": [
{
"w": "ORE",
"v": false,
"row": 5,
"col": 2,
"def": "Rock that contains utilitarian materials; primarily a rock containing metals or gems which (at the time of the rock's evaluation and proposal for extraction) are able to be separated from its neighboring minerals and processed at a cost that does not exceed those materials' present-day economic values."
},
{
"w": "OUR",
"v": false,
"row": 4,
"col": 4,
"def": "Belonging to us."
},
{
"w": "OUT",
"v": true,
"row": 7,
"col": 3,
"def": "Away from home or one's usual place, or not indoors."
},
{
"w": "ROT",
"v": false,
"row": 4,
"col": 0,
"def": "To suffer decomposition due to biological action, especially by fungi or bacteria."
},
{
"w": "TOE",
"v": true,
"row": 3,
"col": 4,
"def": "Each of the five digits on the end of the foot."
},
{
"w": "TORE",
"v": true,
"row": 2,
"col": 6,
"def": "Hard, difficult; wearisome, tedious."
},
{
"w": "TOUR",
"v": true,
"row": 4,
"col": 2,
"def": "A journey through a particular building, estate, country, etc."
},
{
"w": "EURO",
"v": false,
"row": 7,
"col": 0,
"def": "The currency unit of the European Monetary Union."
},
{
"w": "ROTE",
"v": true,
"row": 4,
"col": 0,
"def": "The process of learning or committing something to memory through mechanical repetition, usually by hearing and repeating aloud, often without full attention to comprehension or thought for the meaning."
},
{
"w": "ROUT",
"v": true,
"row": 0,
"col": 8,
"def": "To make a noise; roar; bellow; snort."
},
{
"w": "OUTER",
"v": false,
"row": 3,
"col": 6,
"def": "Outside; external."
},
{
"w": "QUOTE",
"v": false,
"row": 1,
"col": 0,
"def": "To refer to (part of) a speech that has been made by someone else."
},
{
"w": "ROUTE",
"v": false,
"row": 1,
"col": 7,
"def": "A course or way which is traveled or passed."
},
{
"w": "TORQUE",
"v": true,
"row": 1,
"col": 10,
"def": "A rotational or twisting effect of a force; a moment of force, defined for measurement purposes as an equivalent straight line force multiplied by the distance from the axis of rotation (SI unit newton-metre or Nm; imperial unit foot-pound or ft.lbf)."
}
]
}