{
"id": 1627,
"sub_category": "Valley Packx",
"category": "Frost Group",
"type": 0,
"letters": "BEEGNU",
"mov": 22,
"shovels": 1,
"coins": 5,
"rows": 15,
"cols": 15,
"c": 0,
"b": -1,
"w": 9,
"h": 8,
"dws": [
"GUB",
"UNBE",
"BEN",
"BENE",
"NEB",
"ENG",
"GEN",
"GUE",
"ENE",
"BUNG",
"EUGE",
"NEE",
"NEG",
"GENU",
"EEN",
"NUG"
],
"ws": [
{
"w": "BEE",
"v": true,
"row": 3,
"col": 6,
"def": "A flying insect, of the superfamily Apoidea, known for their organised societies, for collecting pollen, and producing wax and honey."
},
{
"w": "BEG",
"v": false,
"row": 3,
"col": 6,
"def": "To request the help of someone, often in the form of money."
},
{
"w": "BUG",
"v": true,
"row": 5,
"col": 3,
"def": "An insect of the order Hemiptera (the \"true bugs\")."
},
{
"w": "BUN",
"v": true,
"row": 5,
"col": 5,
"def": "A small bread roll, often sweetened or spiced."
},
{
"w": "GEE",
"v": false,
"row": 3,
"col": 2,
"def": "A general exclamation of surprise or frustration."
},
{
"w": "GUN",
"v": false,
"row": 7,
"col": 3,
"def": "A very portable, short firearm, for hand use, which fires bullets or projectiles, such as a handgun, revolver, pistol, or Derringer."
},
{
"w": "NUB",
"v": false,
"row": 5,
"col": 1,
"def": "The innermost section of a chrysalis in a silk cocoon."
},
{
"w": "GNU",
"v": true,
"row": 3,
"col": 2,
"def": "A large antelope native to Africa having curved horns."
},
{
"w": "BEEN",
"v": false,
"row": 5,
"col": 5,
"def": "Past participle of be."
},
{
"w": "GENE",
"v": true,
"row": 0,
"col": 3,
"def": "A unit of heredity; a segment of DNA or RNA that is transmitted from one generation to the next, and that carries genetic information such as the sequence of amino acids for a protein."
},
{
"w": "BEGUN",
"v": true,
"row": 1,
"col": 8,
"def": "Past participle of begin."
},
{
"w": "BUNGEE",
"v": false,
"row": 0,
"col": 0,
"def": "An elastic fabric-bound strap with a hook at each end, used for securing luggage."
}
]
}