{
"id": 163,
"sub_category": "Wind Pack",
"category": "Sky Group",
"type": 0,
"letters": "EEIMPR",
"mov": 22,
"shovels": 1,
"coins": 5,
"rows": 15,
"cols": 15,
"c": 0,
"b": -1,
"w": 9,
"h": 8,
"dws": [
"REIM",
"EMIR",
"MIR",
"PREMIE",
"MIRE",
"REI",
"ERE",
"EME",
"RIEM",
"PEE",
"RIME",
"MERE",
"MERI",
"PERE",
"MEE",
"EPIMER",
"REE",
"PERMIE",
"ERM",
"PERI",
"PIR",
"PERM",
"PREM",
"RIM",
"MEER",
"PREE",
"PRE",
"IRE"
],
"ws": [
{
"w": "PER",
"v": true,
"row": 0,
"col": 6,
"def": "For each."
},
{
"w": "PIE",
"v": false,
"row": 4,
"col": 6,
"def": "A type of pastry that consists of an outer crust and a filling."
},
{
"w": "RIP",
"v": false,
"row": 0,
"col": 4,
"def": "A tear (in paper, etc.)."
},
{
"w": "IMP",
"v": false,
"row": 3,
"col": 0,
"def": "To plant or engraft."
},
{
"w": "REP",
"v": false,
"row": 2,
"col": 6,
"def": "Short form of reputation."
},
{
"w": "REM",
"v": true,
"row": 0,
"col": 4,
"def": "Rapid eye movement, a sleep state."
},
{
"w": "PEER",
"v": true,
"row": 4,
"col": 6,
"def": "To look with difficulty, or as if searching for something."
},
{
"w": "PIER",
"v": true,
"row": 2,
"col": 8,
"def": "A raised platform built from the shore out over water, supported on piles; used to secure, or provide access to shipping; a jetty."
},
{
"w": "RIPE",
"v": false,
"row": 1,
"col": 1,
"def": "Ready for reaping or gathering; having attained perfection; mature; -- said of fruits, seeds, etc.; as, ripe grain."
},
{
"w": "PRIM",
"v": true,
"row": 0,
"col": 1,
"def": "To make affectedly precise or proper."
},
{
"w": "PRIME",
"v": true,
"row": 3,
"col": 2,
"def": "First in importance, degree, or rank."
},
{
"w": "EMPIRE",
"v": false,
"row": 6,
"col": 1,
"def": "A political unit having an extensive territory or comprising a number of territories or nations and ruled by a single supreme authority."
}
]
}