{
"id": 1639,
"sub_category": "Lake Packx",
"category": "Frost Group",
"type": 0,
"letters": "BEEHST",
"mov": 20,
"shovels": 1,
"coins": 5,
"rows": 15,
"cols": 15,
"c": 0,
"b": -1,
"w": 9,
"h": 9,
"dws": [
"HEST",
"HEBE",
"HETE",
"HETS",
"HEBES",
"HES",
"THEBES",
"BEETS",
"TEE",
"BEE",
"BETE",
"BES",
"EHS",
"SHET",
"ETHE",
"EST",
"ESE",
"THEBE",
"SHE",
"HET",
"BETH",
"TES",
"THE",
"STEE",
"BETHS",
"ETH",
"BETES",
"SET",
"ETHS",
"BET",
"SEE"
],
"ws": [
{
"w": "BEES",
"v": true,
"row": 0,
"col": 1,
"def": "Plural form of bee."
},
{
"w": "BEST",
"v": false,
"row": 1,
"col": 0,
"def": "Superlative form of good: most good."
},
{
"w": "BETS",
"v": false,
"row": 0,
"col": 5,
"def": "Plural form of bet."
},
{
"w": "TEES",
"v": true,
"row": 5,
"col": 6,
"def": "Plural form of tee."
},
{
"w": "THEE",
"v": true,
"row": 0,
"col": 7,
"def": "Objective case of thou."
},
{
"w": "BEET",
"v": true,
"row": 0,
"col": 5,
"def": "Beta vulgaris, a plant with a swollen root which is eaten or used to make sugar."
},
{
"w": "SHEET",
"v": false,
"row": 3,
"col": 1,
"def": "A thin bed cloth used as a covering for a mattress or as a layer over the sleeper."
},
{
"w": "THESE",
"v": true,
"row": 1,
"col": 3,
"def": "Plural form of this."
},
{
"w": "BESET",
"v": false,
"row": 5,
"col": 2,
"def": "To surround or hem in."
},
{
"w": "BEHEST",
"v": false,
"row": 8,
"col": 2,
"def": "To promise; vow."
}
]
}