{
"id": 1646,
"sub_category": "Lake Packx",
"category": "Frost Group",
"type": 0,
"letters": "EHKORS",
"mov": 20,
"shovels": 1,
"coins": 5,
"rows": 15,
"cols": 15,
"c": 0,
"b": -1,
"w": 9,
"h": 9,
"dws": [
"OKES",
"OKEH",
"KESH",
"KORES",
"REHS",
"SHERO",
"KEROS",
"REOS",
"HORS",
"RHOS",
"ROES",
"HORK",
"HES",
"SER",
"OSE",
"HOSER",
"SOH",
"REO",
"HORKS",
"HOKES",
"KHORS",
"KOSE",
"ORE",
"KOS",
"SKER",
"ERS",
"SOKE",
"ROKS",
"EHS",
"ROKES",
"RHO",
"SERK",
"SHE",
"OHS",
"HOERS",
"KERO",
"SKEO",
"KORE",
"OES",
"HOKE",
"HOS",
"ROK",
"RESH",
"OKE",
"HERS",
"ERKS",
"KHOR",
"KORS",
"EROS",
"HORE",
"ROE",
"REH",
"ORS",
"HOER",
"HEROS",
"HER",
"OKEHS",
"ROKE",
"RES",
"ERK",
"SHOER",
"HOE",
"KOR",
"SHO"
],
"ws": [
{
"w": "HERO",
"v": true,
"row": 0,
"col": 6,
"def": "A real or mythical person of great bravery who carries out extraordinary deeds."
},
{
"w": "HOSE",
"v": true,
"row": 1,
"col": 2,
"def": "A flexible tube conveying water or other fluid, pl. hoses."
},
{
"w": "ORES",
"v": true,
"row": 0,
"col": 4,
"def": "Plural form of ore."
},
{
"w": "ROSE",
"v": false,
"row": 2,
"col": 1,
"def": "A shrub of the genus Rosa, with red, pink, white or yellow flowers."
},
{
"w": "SHOE",
"v": false,
"row": 3,
"col": 4,
"def": "A protective covering for the foot, with a bottom part composed of thick leather or plastic sole and often a thicker heel, and a softer upper part made of leather or synthetic material. Shoes generally do not extend above the ankle, as opposed to boots, which do."
},
{
"w": "SORE",
"v": true,
"row": 5,
"col": 3,
"def": "Causing pain or discomfort; painfully sensitive."
},
{
"w": "HOES",
"v": true,
"row": 3,
"col": 5,
"def": "Undefined"
},
{
"w": "HORSE",
"v": false,
"row": 6,
"col": 2,
"def": "A hoofed mammal, Equus ferus caballus, often used throughout history for riding and draft work."
},
{
"w": "SHORE",
"v": true,
"row": 4,
"col": 0,
"def": "Land adjoining a non-flowing body of water, such as an ocean, lake or pond."
},
{
"w": "KOSHER",
"v": false,
"row": 0,
"col": 3,
"def": "Prepared in accordance with Jewish religious practices."
}
]
}