{
"id": 1654,
"sub_category": "Icey Pack",
"category": "Frost Group",
"type": 0,
"letters": "HILLRT",
"mov": 20,
"shovels": 1,
"coins": 5,
"rows": 15,
"cols": 15,
"c": 0,
"b": -1,
"w": 8,
"h": 7,
"dws": [
"RIT",
"RILL",
"THILL",
"ILLTH",
"TIRL",
"THIRL",
"LITH",
"THIR"
],
"ws": [
{
"w": "HIT",
"v": true,
"row": 0,
"col": 0,
"def": "To administer a blow to."
},
{
"w": "ILL",
"v": true,
"row": 0,
"col": 5,
"def": "Extremely bad (bad enough to make one ill). Generally used indirectly with to be."
},
{
"w": "LIT",
"v": false,
"row": 1,
"col": 5,
"def": "Little."
},
{
"w": "TIL",
"v": true,
"row": 1,
"col": 7,
"def": "Until, till."
},
{
"w": "HILL",
"v": true,
"row": 2,
"col": 1,
"def": "An elevated location smaller than a mountain."
},
{
"w": "TILL",
"v": false,
"row": 6,
"col": 3,
"def": "To."
},
{
"w": "LILT",
"v": false,
"row": 4,
"col": 1,
"def": "To do something rhythmically, with animation and quickness, usually of music."
},
{
"w": "HILT",
"v": false,
"row": 0,
"col": 0,
"def": "The handle of a sword, consisting of grip, guard, and pommel, designed to facilitate use of the blade and afford protection to the hand."
},
{
"w": "TRILL",
"v": true,
"row": 0,
"col": 3,
"def": "A rapid alternation between an indicated note and the one above it, in musical notation usually indicated with the letters tr written above the staff."
},
{
"w": "THRILL",
"v": false,
"row": 2,
"col": 0,
"def": "To suddenly excite someone, or to give someone great pleasure; to (figuratively) electrify; to experience such a sensation."
}
]
}