{
"id": 166,
"sub_category": "Wind Pack",
"category": "Sky Group",
"type": 0,
"letters": "CELOPU",
"mov": 18,
"shovels": 1,
"coins": 5,
"rows": 15,
"cols": 15,
"c": 0,
"b": -1,
"w": 8,
"h": 8,
"dws": [
"PUL",
"CLOP",
"PLU",
"ECO",
"LOU",
"OPE",
"CUPEL",
"OLE",
"PEL",
"PULE",
"CEL",
"CLOU",
"ECU",
"PUCE",
"PEC",
"COL",
"COLE",
"LOUP",
"UPO",
"COUP",
"LOUPE",
"OLPE",
"ULE",
"LEU",
"POL",
"PLUE",
"LEP",
"LOPE",
"CEP",
"LOP",
"LUCE",
"POULE"
],
"ws": [
{
"w": "COP",
"v": true,
"row": 4,
"col": 0,
"def": "To (be forced to) take; to receive; to shoulder; to bear, especially blame or punishment for a particular instance of wrongdoing."
},
{
"w": "CUE",
"v": true,
"row": 2,
"col": 4,
"def": "An action or event that is a signal for somebody to do something."
},
{
"w": "CUP",
"v": true,
"row": 1,
"col": 6,
"def": "A concave vessel for drinking from, usually made of opaque material (as opposed to a glass)."
},
{
"w": "CLUE",
"v": false,
"row": 2,
"col": 4,
"def": "A strand of yarn etc. as used to guide one through a labyrinth; something which points the way, a guide."
},
{
"w": "COPE",
"v": false,
"row": 0,
"col": 1,
"def": "To deal effectively with something difficult."
},
{
"w": "POLE",
"v": false,
"row": 6,
"col": 0,
"def": "Originally, a stick; now specifically, a long and slender piece of metal or (especially) wood, used for various construction or support purposes."
},
{
"w": "COUPE",
"v": false,
"row": 4,
"col": 0,
"def": "An ice cream dessert; the glass it is served in."
},
{
"w": "COUPLE",
"v": true,
"row": 2,
"col": 2,
"def": "Two partners in a romantic or sexual relationship."
}
]
}