{
"id": 1662,
"sub_category": "Icey Pack",
"category": "Frost Group",
"type": 0,
"letters": "ACEINN",
"mov": 16,
"shovels": 1,
"coins": 5,
"rows": 15,
"cols": 15,
"c": 0,
"b": -1,
"w": 7,
"h": 6,
"dws": [
"NEANIC",
"NAE",
"NAIN",
"NAN",
"ANE",
"CANN",
"ANN",
"EINA",
"EAN",
"INN",
"ENCINA",
"CAIN",
"ANI",
"AINE",
"CAN",
"NIE",
"ANCE",
"AIN",
"ACE",
"NANE",
"CINE",
"ICE",
"CANNIE",
"NANCE"
],
"ws": [
{
"w": "ACNE",
"v": true,
"row": 1,
"col": 6,
"def": "A skin condition, usually of the face, that is common in adolescents. It is characterised by red pimples, and is caused by the inflammation of sebaceous glands through bacterial infection."
},
{
"w": "CANE",
"v": false,
"row": 0,
"col": 1,
"def": "The slender, flexible main stem of a plant such as bamboo, including many species in the Grass family Gramineae."
},
{
"w": "NICE",
"v": true,
"row": 2,
"col": 1,
"def": "Nicely."
},
{
"w": "NINE",
"v": true,
"row": 2,
"col": 3,
"def": "A numerical value equal to 9; the number occurring after eight and before ten."
},
{
"w": "INANE",
"v": false,
"row": 2,
"col": 0,
"def": "That which is void or empty."
},
{
"w": "CANINE",
"v": false,
"row": 4,
"col": 1,
"def": "Of, or pertaining to, a dog or dogs."
}
]
}