{
"id": 1665,
"sub_category": "Shine Packx",
"category": "Frost Group",
"type": 0,
"letters": "CCLOTU",
"mov": 20,
"shovels": 1,
"coins": 5,
"rows": 15,
"cols": 15,
"c": 0,
"b": -1,
"w": 9,
"h": 9,
"dws": [
"TOC",
"CLOU",
"LOU",
"TOLU",
"COL"
],
"ws": [
{
"w": "CUT",
"v": true,
"row": 2,
"col": 0,
"def": "Having been cut."
},
{
"w": "LOT",
"v": true,
"row": 0,
"col": 3,
"def": "A large quantity or number; a great deal."
},
{
"w": "OUT",
"v": false,
"row": 3,
"col": 5,
"def": "Away from home or one's usual place, or not indoors."
},
{
"w": "COT",
"v": false,
"row": 5,
"col": 3,
"def": "A symbol of the trigonometric function cotangent."
},
{
"w": "CULT",
"v": false,
"row": 2,
"col": 0,
"def": "A group of people with a religious, philosophical or cultural identity sometimes viewed as a sect, often existing on the margins of society or exploitative towards its members."
},
{
"w": "CLOT",
"v": true,
"row": 0,
"col": 7,
"def": "A solidified mass of blood."
},
{
"w": "COLT",
"v": true,
"row": 5,
"col": 3,
"def": "A young male horse."
},
{
"w": "LOUT",
"v": false,
"row": 7,
"col": 3,
"def": "Troublemaker, often violent."
},
{
"w": "CLOUT",
"v": true,
"row": 1,
"col": 5,
"def": "Influence or effectiveness, especially political."
},
{
"w": "OCCULT",
"v": false,
"row": 1,
"col": 3,
"def": "To cover or hide from view."
}
]
}