{
"id": 167,
"sub_category": "Wind Pack",
"category": "Sky Group",
"type": 0,
"letters": "ELORTV",
"mov": 24,
"shovels": 1,
"coins": 5,
"rows": 15,
"cols": 15,
"c": 0,
"b": -1,
"w": 11,
"h": 10,
"dws": [
"RET",
"VOL",
"TOE",
"VROT",
"EVO",
"LOR",
"EORL",
"LEVO",
"ROTL",
"LORE",
"ELT",
"REO",
"OLE",
"VOE",
"VOLTE",
"TOLE",
"ROTE",
"LEV",
"TEL",
"TOR",
"REV",
"VETO",
"ORLE",
"VERT",
"OVEL",
"VOTE",
"VOLET",
"VOLE",
"ROE",
"VOLT",
"LOTE",
"TROVE",
"ORT",
"VOR"
],
"ws": [
{
"w": "LET",
"v": true,
"row": 7,
"col": 5,
"def": "To allow to, not to prevent (+ infinitive, but usually without to)."
},
{
"w": "LOT",
"v": false,
"row": 6,
"col": 8,
"def": "A large quantity or number; a great deal."
},
{
"w": "ORE",
"v": false,
"row": 8,
"col": 3,
"def": "Rock that contains utilitarian materials; primarily a rock containing metals or gems which (at the time of the rock's evaluation and proposal for extraction) are able to be separated from its neighboring minerals and processed at a cost that does not exceed those materials' present-day economic values."
},
{
"w": "ROT",
"v": true,
"row": 7,
"col": 3,
"def": "To suffer decomposition due to biological action, especially by fungi or bacteria."
},
{
"w": "VET",
"v": true,
"row": 4,
"col": 10,
"def": "A veterinarian or veterinary surgeon."
},
{
"w": "LOVE",
"v": false,
"row": 7,
"col": 5,
"def": "An intense feeling of affection and care towards another person."
},
{
"w": "OVER",
"v": false,
"row": 7,
"col": 0,
"def": "In radio communications: end of sentence, ready to receive reply."
},
{
"w": "ROLE",
"v": true,
"row": 4,
"col": 8,
"def": "A character or part played by a performer or actor."
},
{
"w": "TORE",
"v": true,
"row": 4,
"col": 2,
"def": "Hard, difficult; wearisome, tedious."
},
{
"w": "ROVE",
"v": false,
"row": 5,
"col": 1,
"def": "To shoot with arrows (at)."
},
{
"w": "LOVER",
"v": true,
"row": 2,
"col": 4,
"def": "A person who deeply and strongly loves and cares for another person in a romantic way, a sweetheart, love, soul-mate, boyfriend, or girlfriend."
},
{
"w": "VOTER",
"v": false,
"row": 4,
"col": 4,
"def": "Someone who votes."
},
{
"w": "OVERT",
"v": true,
"row": 0,
"col": 6,
"def": "Open and not secret nor concealed."
},
{
"w": "REVOLT",
"v": false,
"row": 0,
"col": 3,
"def": "To rebel, particularly against authority."
}
]
}