{
"id": 1674,
"sub_category": "Shine Packx",
"category": "Frost Group",
"type": 0,
"letters": "ACHTTY",
"mov": 16,
"shovels": 1,
"coins": 5,
"rows": 15,
"cols": 15,
"c": 0,
"b": -1,
"w": 7,
"h": 6,
"dws": [
"TACT",
"CAT",
"ATT",
"CHA",
"TAY",
"YAH",
"THY",
"HAT",
"TAT",
"TATH",
"HAY",
"CHAY",
"ACH",
"TACH",
"CAY",
"ACT"
],
"ws": [
{
"w": "CHAT",
"v": false,
"row": 0,
"col": 3,
"def": "To be engaged in informal conversation."
},
{
"w": "THAT",
"v": false,
"row": 4,
"col": 0,
"def": "The (thing) being indicated (at a distance from the speaker, or previously mentioned, or at another time)."
},
{
"w": "ACHY",
"v": true,
"row": 0,
"col": 5,
"def": "Suffering from aches, sore."
},
{
"w": "YACHT",
"v": false,
"row": 2,
"col": 2,
"def": "A slick and light ship for making pleasure trips or racing on water, having sails but often motor-powered. At times used as a residence offshore on a dock."
},
{
"w": "CATTY",
"v": true,
"row": 1,
"col": 0,
"def": "A (unit of) weight used in China, generally standardized as half a kilogram."
},
{
"w": "CHATTY",
"v": true,
"row": 0,
"col": 3,
"def": "Of a person, chatting a lot or fond of chatting."
}
]
}