{
"id": 1675,
"sub_category": "Shine Packx",
"category": "Frost Group",
"type": 0,
"letters": "CEIKTW",
"mov": 20,
"shovels": 1,
"coins": 5,
"rows": 15,
"cols": 15,
"c": 0,
"b": -1,
"w": 8,
"h": 8,
"dws": [
"TEW",
"CIT",
"ETIC",
"TIKE",
"EIK",
"ICK",
"EWK",
"EWT",
"TICE",
"TIK",
"TIE",
"TIC",
"WICE",
"TEC",
"WITE",
"KET"
],
"ws": [
{
"w": "ICE",
"v": true,
"row": 0,
"col": 1,
"def": "Water in frozen (solid) form."
},
{
"w": "KIT",
"v": true,
"row": 0,
"col": 3,
"def": "A circular wooden vessel, made of hooped staves."
},
{
"w": "WET",
"v": false,
"row": 4,
"col": 4,
"def": "Of an object, etc, covered with or impregnated with liquid."
},
{
"w": "WIT",
"v": true,
"row": 4,
"col": 2,
"def": "Sanity."
},
{
"w": "CITE",
"v": true,
"row": 2,
"col": 6,
"def": "To quote; to repeat, as a passage from a book, or the words of another."
},
{
"w": "KITE",
"v": true,
"row": 4,
"col": 0,
"def": "Any of falconiform birds of prey in the subfamily Elaninae of the family Accipitridae with long wings and weak legs, feeding mostly on carrion and spending long periods soaring."
},
{
"w": "TICK",
"v": false,
"row": 6,
"col": 2,
"def": "A tiny woodland arthropod of the order Acarina."
},
{
"w": "WICK",
"v": true,
"row": 4,
"col": 4,
"def": "A bundle, twist, braid, or woven strip of cord, fabric, fiber, or other porous material in a candle, oil lamp, kerosene heater, or the like, that draws up liquid fuel, such as melted tallow, wax, or the oil, delivering it to the base of the flame for conversion to gases and burning; any other length of material burned for illumination in small successive portions."
},
{
"w": "TWICE",
"v": false,
"row": 2,
"col": 3,
"def": "Two times."
},
{
"w": "WICKET",
"v": false,
"row": 0,
"col": 0,
"def": "A small door or gate, especially one associated with a larger one."
}
]
}