{
"id": 1679,
"sub_category": "Shine Packx",
"category": "Frost Group",
"type": 0,
"letters": "BORRUW",
"mov": 18,
"shovels": 1,
"coins": 5,
"rows": 15,
"cols": 15,
"c": 0,
"b": -1,
"w": 7,
"h": 7,
"dws": [
"BOR",
"BRU",
"BRO",
"ROB",
"BOWR",
"ORB",
"BRR",
"BUR",
"URB"
],
"ws": [
{
"w": "BOW",
"v": true,
"row": 4,
"col": 2,
"def": "A weapon made of a curved piece of wood or other flexible material whose ends are connected by a string, used for shooting arrows."
},
{
"w": "OUR",
"v": true,
"row": 0,
"col": 4,
"def": "Belonging to us."
},
{
"w": "ROW",
"v": true,
"row": 2,
"col": 5,
"def": "A line of objects, often regularly spaced, such as seats in a theatre, vegetable plants in a garden etc."
},
{
"w": "RUB",
"v": true,
"row": 0,
"col": 2,
"def": "An act of rubbing."
},
{
"w": "BROW",
"v": false,
"row": 4,
"col": 2,
"def": "The ridge over the eyes; the eyebrow."
},
{
"w": "BURR",
"v": true,
"row": 2,
"col": 0,
"def": "A sharp, pointy object, such as a sliver or splinter."
},
{
"w": "BURRO",
"v": false,
"row": 2,
"col": 2,
"def": "A small donkey."
},
{
"w": "BURROW",
"v": false,
"row": 0,
"col": 0,
"def": "A tunnel or hole, often as dug by a small creature."
}
]
}