{
"id": 168,
"sub_category": "Wind Pack",
"category": "Sky Group",
"type": 0,
"letters": "DENSUU",
"mov": 22,
"shovels": 1,
"coins": 5,
"rows": 15,
"cols": 15,
"c": 0,
"b": -1,
"w": 10,
"h": 9,
"dws": [
"NUS",
"DUN",
"SED",
"NEDS",
"DUNS",
"UNS",
"UDS",
"SEN",
"DEUS",
"NUDES",
"NUDE",
"SUE",
"DUE",
"SNED",
"UNDE",
"DUNE",
"ENS",
"NED",
"EDS",
"SUD",
"ENDS"
],
"ws": [
{
"w": "DEN",
"v": false,
"row": 8,
"col": 1,
"def": "The home of certain animals."
},
{
"w": "END",
"v": true,
"row": 6,
"col": 1,
"def": "The final point of something in space or time."
},
{
"w": "SUN",
"v": true,
"row": 6,
"col": 3,
"def": "To expose the eyes to the sun as part of the Bates method."
},
{
"w": "USE",
"v": false,
"row": 3,
"col": 0,
"def": "The act of using."
},
{
"w": "DENS",
"v": false,
"row": 6,
"col": 0,
"def": "Plural form of den."
},
{
"w": "SEND",
"v": true,
"row": 4,
"col": 6,
"def": "To make something (such as an object or message) go from one place to another."
},
{
"w": "USED",
"v": false,
"row": 7,
"col": 3,
"def": "Simple past tense and past participle of use."
},
{
"w": "UNUSED",
"v": true,
"row": 1,
"col": 0,
"def": "Not used."
},
{
"w": "DUNES",
"v": true,
"row": 0,
"col": 4,
"def": "Plural form of dune."
},
{
"w": "DUES",
"v": true,
"row": 1,
"col": 2,
"def": "Plural form of due."
},
{
"w": "UNDUE",
"v": true,
"row": 2,
"col": 9,
"def": "Excessive; going beyond that what is natural or sufficient."
},
{
"w": "SUED",
"v": false,
"row": 4,
"col": 6,
"def": "Simple past tense and past participle of sue."
}
]
}