{
"id": 1683,
"sub_category": "Mist Packx",
"category": "Timberland Group",
"type": 0,
"letters": "CCENOS",
"mov": 16,
"shovels": 1,
"coins": 5,
"rows": 15,
"cols": 15,
"c": 0,
"b": -1,
"w": 6,
"h": 6,
"dws": [
"SECCO",
"COS",
"COSEC",
"ONE",
"SON",
"EON",
"ONS",
"ECO",
"CON",
"SECO",
"OSE",
"COSE",
"SONE",
"SEN",
"ONCES",
"ONCE",
"OES",
"NOES",
"ECCO",
"CONE",
"CENS",
"NOS",
"ENS",
"SOC",
"SEC",
"CONES",
"ECOS"
],
"ws": [
{
"w": "CONS",
"v": true,
"row": 0,
"col": 4,
"def": "Plural form of con."
},
{
"w": "NOSE",
"v": false,
"row": 5,
"col": 2,
"def": "To confront; be closely face to face or opposite to."
},
{
"w": "ONES",
"v": true,
"row": 0,
"col": 2,
"def": "Plural form of one."
},
{
"w": "EONS",
"v": false,
"row": 2,
"col": 2,
"def": "Plural form of eon."
},
{
"w": "SCONE",
"v": true,
"row": 0,
"col": 0,
"def": "A small, rich, pastry or quick bread, sometimes baked on a griddle."
},
{
"w": "SCONCE",
"v": false,
"row": 0,
"col": 0,
"def": "A light fixture."
}
]
}