{
"id": 1685,
"sub_category": "Mist Packx",
"category": "Timberland Group",
"type": 0,
"letters": "BCEEHR",
"mov": 16,
"shovels": 1,
"coins": 5,
"rows": 15,
"cols": 15,
"c": 0,
"b": -1,
"w": 8,
"h": 7,
"dws": [
"REC",
"REBEC",
"HEBE",
"ECHE",
"CERE",
"ERE",
"CHE",
"BREE",
"CEE",
"BEE",
"CHER",
"CREE",
"REECH",
"EECH",
"BERE",
"REE",
"REB",
"REH",
"HER",
"ECH"
],
"ws": [
{
"w": "BEER",
"v": false,
"row": 5,
"col": 3,
"def": "An alcoholic drink fermented from starch material commonly barley malt, often with hops or some other substance to impart a bitter flavor."
},
{
"w": "HERB",
"v": true,
"row": 2,
"col": 3,
"def": "Any green, leafy plant, or parts thereof, used to flavor or season food."
},
{
"w": "HERE",
"v": true,
"row": 1,
"col": 1,
"def": "This place; this location."
},
{
"w": "CHEER",
"v": true,
"row": 2,
"col": 5,
"def": "A chant made in support of a team at a sports event."
},
{
"w": "BEECH",
"v": false,
"row": 0,
"col": 3,
"def": "A tree of the genus Fagus having a smooth, light grey trunk, oval, pointed leaves and many branches."
},
{
"w": "BREECH",
"v": false,
"row": 3,
"col": 0,
"def": "The external angle of knee timber, the inside of which is called the throat."
}
]
}