{
"id": 1687,
"sub_category": "Mist Packx",
"category": "Timberland Group",
"type": 0,
"letters": "ADEERR",
"mov": 22,
"shovels": 1,
"coins": 5,
"rows": 15,
"cols": 15,
"c": 0,
"b": -1,
"w": 9,
"h": 9,
"dws": [
"RADE",
"DREAR",
"READER",
"DEARER",
"DERE",
"ARD",
"ERE",
"EARD",
"DEARE",
"ARERE",
"DAE",
"EARED",
"REARED",
"ERED",
"REED",
"REDEAR",
"DEE",
"AREDE",
"ERR",
"DEER",
"DREE",
"DARER",
"REE",
"RARED",
"ARED",
"DRERE",
"REDE"
],
"ws": [
{
"w": "ARE",
"v": false,
"row": 7,
"col": 4,
"def": "Second-person singular simple present tense of be."
},
{
"w": "EAR",
"v": true,
"row": 6,
"col": 4,
"def": "The organ of hearing, consisting of the pinna, auditory canal, eardrum, malleus, incus, stapes and cochlea."
},
{
"w": "ERA",
"v": true,
"row": 4,
"col": 2,
"def": "A time period of indeterminate length, generally more than one year."
},
{
"w": "RED",
"v": false,
"row": 4,
"col": 1,
"def": "Having red as its colour."
},
{
"w": "RAD",
"v": false,
"row": 4,
"col": 6,
"def": "Excellent, short for radical."
},
{
"w": "DARE",
"v": false,
"row": 6,
"col": 1,
"def": "To have enough courage (to do something)."
},
{
"w": "DEAR",
"v": true,
"row": 1,
"col": 1,
"def": "Loved; lovable."
},
{
"w": "RARE",
"v": true,
"row": 4,
"col": 6,
"def": "Cooked very lightly, so the meat is still red (in the case of steak or beef in the general sense)."
},
{
"w": "READ",
"v": true,
"row": 1,
"col": 8,
"def": "A reading or an act of reading, especially an actor's part of a play."
},
{
"w": "REAR",
"v": false,
"row": 2,
"col": 0,
"def": "To raise physically; to lift up; to cause to rise, to elevate."
},
{
"w": "ERRED",
"v": true,
"row": 0,
"col": 3,
"def": "Simple past tense and past participle of err."
},
{
"w": "REREAD",
"v": false,
"row": 0,
"col": 2,
"def": "To read again."
}
]
}