{
"id": 1689,
"sub_category": "Mist Packx",
"category": "Timberland Group",
"type": 0,
"letters": "EKORRW",
"mov": 20,
"shovels": 1,
"coins": 5,
"rows": 15,
"cols": 15,
"c": 0,
"b": -1,
"w": 8,
"h": 7,
"dws": [
"KOW",
"WORKER",
"RORE",
"REO",
"ROW",
"OWRE",
"REW",
"KERO",
"KORE",
"OWER",
"ROK",
"OKE",
"ROE",
"EWK",
"ROKE",
"ERK",
"ROKER",
"KOR",
"WERO"
],
"ws": [
{
"w": "ORE",
"v": true,
"row": 4,
"col": 1,
"def": "Rock that contains utilitarian materials; primarily a rock containing metals or gems which (at the time of the rock's evaluation and proposal for extraction) are able to be separated from its neighboring minerals and processed at a cost that does not exceed those materials' present-day economic values."
},
{
"w": "OWE",
"v": true,
"row": 2,
"col": 3,
"def": "To be under an obligation to give something back to someone or to perform some action for someone."
},
{
"w": "ERR",
"v": true,
"row": 0,
"col": 4,
"def": "To make a mistake."
},
{
"w": "WOE",
"v": false,
"row": 4,
"col": 5,
"def": "Grief; sorrow; misery; heavy calamity."
},
{
"w": "WOK",
"v": true,
"row": 4,
"col": 5,
"def": "A large, oriental, round-bottomed cooking pan."
},
{
"w": "WOKE",
"v": true,
"row": 1,
"col": 7,
"def": "Simple past tense and past participle of wake."
},
{
"w": "WORE",
"v": false,
"row": 4,
"col": 0,
"def": "Simple past of wear."
},
{
"w": "WORK",
"v": false,
"row": 2,
"col": 2,
"def": "Labour, employment, occupation, job."
},
{
"w": "ROWER",
"v": false,
"row": 0,
"col": 1,
"def": "One who rows."
},
{
"w": "REWORK",
"v": false,
"row": 6,
"col": 0,
"def": "The act of redoing, correcting, or rebuilding."
}
]
}