{
"id": 169,
"sub_category": "Wind Pack",
"category": "Sky Group",
"type": 0,
"letters": "ACEEIP",
"mov": 20,
"shovels": 1,
"coins": 5,
"rows": 15,
"cols": 15,
"c": 0,
"b": -1,
"w": 9,
"h": 8,
"dws": [
"PIE",
"ICE",
"CAPI",
"PAC",
"CEPE",
"CEE",
"PICE",
"PIC",
"PIA",
"PEE",
"CEP",
"PICA",
"PEC"
],
"ws": [
{
"w": "ACE",
"v": true,
"row": 0,
"col": 1,
"def": "A single point or spot on a playing card or die."
},
{
"w": "APE",
"v": false,
"row": 4,
"col": 2,
"def": "A primate of the clade Hominoidea, generally larger than monkeys and distinguished from them by having no tail."
},
{
"w": "CAP",
"v": false,
"row": 1,
"col": 4,
"def": "A close-fitting head covering either without a brim or with a peak."
},
{
"w": "PEA",
"v": false,
"row": 2,
"col": 0,
"def": "A plant, member of the legume (Fabaceae) family."
},
{
"w": "CAPE",
"v": true,
"row": 1,
"col": 4,
"def": "A piece or point of land, extending beyond the adjacent coast into a sea or lake; a promontory; a headland."
},
{
"w": "EPIC",
"v": false,
"row": 6,
"col": 0,
"def": "An extended narrative poem in elevated or dignified language, celebrating the feats of a deity or demigod (heroic epic) or other legendary or traditional hero."
},
{
"w": "PACE",
"v": true,
"row": 4,
"col": 3,
"def": "Passage, route."
},
{
"w": "PEACE",
"v": true,
"row": 2,
"col": 0,
"def": "A state of tranquility, quiet, and harmony. For instance, a state free from civil disturbance."
},
{
"w": "PIECE",
"v": false,
"row": 3,
"col": 4,
"def": "A part of a larger whole, usually in such a form that it is able to be separated from other parts."
},
{
"w": "APIECE",
"v": true,
"row": 0,
"col": 6,
"def": "Each by itself; by the single one; to each; as the share of each."
}
]
}