{
"id": 1693,
"sub_category": "Mist Packx",
"category": "Timberland Group",
"type": 0,
"letters": "CDEEER",
"mov": 16,
"shovels": 1,
"coins": 5,
"rows": 15,
"cols": 15,
"c": 0,
"b": -1,
"w": 7,
"h": 6,
"dws": [
"REC",
"RED",
"CERED",
"DEE",
"DREE",
"ERED",
"CEE",
"REDE",
"DERE",
"CERE",
"CREE",
"CRED",
"ERE",
"REE",
"CEDER"
],
"ws": [
{
"w": "DEER",
"v": false,
"row": 4,
"col": 3,
"def": "A beast, usually a quadruped as opposed to birds, fish, etc."
},
{
"w": "REED",
"v": true,
"row": 0,
"col": 1,
"def": "Any of various types of tall stiff perennial grass-like plants growing together in groups near water."
},
{
"w": "CEDE",
"v": false,
"row": 2,
"col": 0,
"def": "To give up, give way, give away."
},
{
"w": "CREED",
"v": true,
"row": 0,
"col": 3,
"def": "That which is believed; accepted doctrine, especially religious; a particular set of beliefs; any summary of principles or opinions professed or adhered to."
},
{
"w": "DECREE",
"v": true,
"row": 0,
"col": 5,
"def": "An edict or law."
},
{
"w": "RECEDE",
"v": false,
"row": 0,
"col": 1,
"def": "To move back, to move away."
}
]
}