{
"id": 1695,
"sub_category": "Mist Packx",
"category": "Timberland Group",
"type": 0,
"letters": "CHITTW",
"mov": 18,
"shovels": 1,
"coins": 5,
"rows": 15,
"cols": 15,
"c": 0,
"b": -1,
"w": 7,
"h": 7,
"dws": [
"CIT",
"TWIT",
"CHIT",
"TITCH",
"TIT",
"ICH",
"WICH",
"TICH",
"ITCH",
"HIC"
],
"ws": [
{
"w": "HIT",
"v": true,
"row": 0,
"col": 3,
"def": "To administer a blow to."
},
{
"w": "WIT",
"v": true,
"row": 0,
"col": 0,
"def": "Sanity."
},
{
"w": "CHI",
"v": true,
"row": 2,
"col": 4,
"def": "The twenty-second letter of the Classical and Modern Greek alphabets, and the twenty-third letter of Old and Ancient alphabets."
},
{
"w": "TIC",
"v": true,
"row": 4,
"col": 5,
"def": "A local and habitual convulsive motion of certain muscles."
},
{
"w": "WITH",
"v": false,
"row": 0,
"col": 0,
"def": "Against."
},
{
"w": "WHIT",
"v": false,
"row": 4,
"col": 2,
"def": "The smallest part or particle imaginable; an iota."
},
{
"w": "WITCH",
"v": false,
"row": 6,
"col": 2,
"def": "A man who practises witchcraft."
},
{
"w": "TWITCH",
"v": false,
"row": 2,
"col": 0,
"def": "A brief, small (sometimes involuntary) movement out of place and then back again; a spasm."
}
]
}