{
"id": 170,
"sub_category": "Wind Pack",
"category": "Sky Group",
"type": 0,
"letters": "DDEFIL",
"mov": 24,
"shovels": 1,
"coins": 5,
"rows": 15,
"cols": 15,
"c": 0,
"b": -1,
"w": 11,
"h": 8,
"dws": [
"FID",
"DIE",
"LEI",
"LIED",
"DELF",
"DEIF",
"LIEF",
"DEIL",
"FILE",
"DEI",
"DEFI",
"ELD",
"IDE",
"DIEL",
"FLIED",
"EILD",
"IDLED",
"FIL",
"DEID",
"DEF",
"DIF",
"FIE",
"FELID",
"DEL"
],
"ws": [
{
"w": "DID",
"v": false,
"row": 4,
"col": 8,
"def": "A Roman numeral representing nine hundred and ninety-nine (999)."
},
{
"w": "ELF",
"v": true,
"row": 5,
"col": 6,
"def": "A mythical, supernatural being resembling but seen as distinct from humans."
},
{
"w": "FED",
"v": true,
"row": 3,
"col": 4,
"def": "A federal government officer or official, especially FBI and DEA agents."
},
{
"w": "LED",
"v": false,
"row": 0,
"col": 3,
"def": "Simple past tense and past participle of lead."
},
{
"w": "LID",
"v": true,
"row": 0,
"col": 3,
"def": "The top or cover of a container."
},
{
"w": "LIE",
"v": false,
"row": 6,
"col": 6,
"def": "To be in a horizontal position."
},
{
"w": "DIED",
"v": true,
"row": 1,
"col": 10,
"def": "Simple past tense and past participle of die."
},
{
"w": "FLED",
"v": false,
"row": 2,
"col": 0,
"def": "Simple past tense and past participle of flee."
},
{
"w": "FIELD",
"v": false,
"row": 3,
"col": 4,
"def": "A land area free of woodland, cities, and towns; open country."
},
{
"w": "FILED",
"v": true,
"row": 0,
"col": 1,
"def": "Simple past tense and past participle of file."
},
{
"w": "FIDDLE",
"v": true,
"row": 1,
"col": 8,
"def": "Any of various bowed string instruments, often used to refer to a violin when played in any of various traditional styles, as opposed to classical violin."
},
{
"w": "LIFE",
"v": false,
"row": 7,
"col": 1,
"def": "The state that follows birth, and precedes death; the state of being alive and living."
},
{
"w": "DELI",
"v": true,
"row": 0,
"col": 5,
"def": "A shop that sells cooked or prepared food ready for serving."
},
{
"w": "IDLE",
"v": false,
"row": 5,
"col": 3,
"def": "Empty, vacant."
}
]
}