{
"id": 1703,
"sub_category": "Bright Packx",
"category": "Timberland Group",
"type": 0,
"letters": "ELRTTU",
"mov": 16,
"shovels": 1,
"coins": 5,
"rows": 15,
"cols": 15,
"c": 0,
"b": -1,
"w": 7,
"h": 6,
"dws": [
"URE",
"RET",
"UTE",
"TET",
"TUT",
"ELT",
"LUR",
"TULE",
"TELT",
"TRET",
"LUTER",
"TEL",
"ULE",
"UTTER",
"RUE",
"LEU",
"RUT"
],
"ws": [
{
"w": "LET",
"v": true,
"row": 2,
"col": 0,
"def": "To allow to, not to prevent (+ infinitive, but usually without to)."
},
{
"w": "LURE",
"v": false,
"row": 2,
"col": 3,
"def": "Something that tempts or attracts, especially one with a promise of reward or pleasure."
},
{
"w": "RULE",
"v": false,
"row": 0,
"col": 0,
"def": "A regulation, law, guideline."
},
{
"w": "TRUE",
"v": true,
"row": 1,
"col": 5,
"def": "Conforming to the actual state of reality or fact; factually correct."
},
{
"w": "LUTE",
"v": true,
"row": 2,
"col": 3,
"def": "A fretted stringed instrument, similar to a guitar, having a bowl-shaped body or soundbox."
},
{
"w": "TURTLE",
"v": false,
"row": 4,
"col": 0,
"def": "Any land or marine reptile of the order Testudines, characterised by a protective shell enclosing its body."
}
]
}