{
"id": 1709,
"sub_category": "Bright Packx",
"category": "Timberland Group",
"type": 0,
"letters": "CLNOOU",
"mov": 16,
"shovels": 1,
"coins": 5,
"rows": 15,
"cols": 15,
"c": 0,
"b": -1,
"w": 7,
"h": 6,
"dws": [
"LOCO",
"NOUL",
"COON",
"UNCO",
"LOUN",
"ONO",
"CLON",
"OON",
"CLOU",
"NOLO",
"LOU",
"NOO",
"LUN",
"COL",
"LOO"
],
"ws": [
{
"w": "CON",
"v": true,
"row": 0,
"col": 5,
"def": "To study, especially in order to gain knowledge of."
},
{
"w": "COO",
"v": true,
"row": 1,
"col": 3,
"def": "The murmuring sound made by a dove or pigeon."
},
{
"w": "COOL",
"v": false,
"row": 1,
"col": 3,
"def": "Having a slightly low temperature; mildly or pleasantly cold."
},
{
"w": "LOON",
"v": false,
"row": 5,
"col": 3,
"def": "Any of various birds, of the order Gaviiformes, of North America and Europe that dive for fish and have a short tail, webbed feet and a yodeling cry."
},
{
"w": "COLON",
"v": false,
"row": 3,
"col": 0,
"def": "The punctuation mark \":\"."
},
{
"w": "UNCOOL",
"v": true,
"row": 0,
"col": 1,
"def": "Not in accord with the current fashion, standards or mores of a particular group; not cool."
}
]
}