{
"id": 1711,
"sub_category": "Bright Packx",
"category": "Timberland Group",
"type": 0,
"letters": "CEHRTW",
"mov": 16,
"shovels": 1,
"coins": 5,
"rows": 15,
"cols": 15,
"c": 0,
"b": -1,
"w": 6,
"h": 6,
"dws": [
"REC",
"RET",
"TEW",
"WHET",
"REWTH",
"CHERT",
"CHE",
"EWT",
"TEC",
"RETCH",
"CHER",
"CRWTH",
"HEW",
"REW",
"WET",
"HET",
"TEHR",
"WERT",
"WECHT",
"THE",
"TREW",
"THEW",
"ETH",
"ECHT",
"REH",
"CERT",
"HER",
"ECH"
],
"ws": [
{
"w": "CHEW",
"v": false,
"row": 2,
"col": 2,
"def": "A small sweet, such as a taffy, that is eaten by chewing."
},
{
"w": "CREW",
"v": true,
"row": 2,
"col": 2,
"def": "A group of people (often staff) manning and operating a large facility or piece of equipment such as a factory, ship, boat, or airplane."
},
{
"w": "TECH",
"v": false,
"row": 0,
"col": 0,
"def": "Technology."
},
{
"w": "ETCH",
"v": true,
"row": 2,
"col": 4,
"def": "To cut into a surface with an acid or other corrosive substance in order to make a pattern. Best known as a technique for creating printing plates, but also used for decoration on metal, and, in modern industry, to make circuit boards."
},
{
"w": "THREW",
"v": true,
"row": 0,
"col": 0,
"def": "Simple past of throw."
},
{
"w": "WRETCH",
"v": false,
"row": 4,
"col": 0,
"def": "An unhappy, unfortunate, or miserable person."
}
]
}