{
"id": 1713,
"sub_category": "Dawn Packx",
"category": "Timberland Group",
"type": 0,
"letters": "ACLLOW",
"mov": 24,
"shovels": 1,
"coins": 5,
"rows": 15,
"cols": 15,
"c": 0,
"b": -1,
"w": 10,
"h": 9,
"dws": [
"CLOW",
"LAC",
"AWOL",
"LOCA",
"AWL",
"ALCO",
"OLLA",
"CAW",
"LOL",
"OCA",
"COLL",
"CAL",
"ALOW",
"CALO",
"COL"
],
"ws": [
{
"w": "ALL",
"v": true,
"row": 6,
"col": 1,
"def": "Intensifier."
},
{
"w": "COW",
"v": false,
"row": 4,
"col": 5,
"def": "A female domesticated ox or other bovine, especially an adult after she has had a calf."
},
{
"w": "LAW",
"v": false,
"row": 8,
"col": 1,
"def": "The body of rules and standards issued by a government, or to be applied by courts and similar authorities."
},
{
"w": "LOW",
"v": true,
"row": 6,
"col": 3,
"def": "In a position comparatively close to the ground."
},
{
"w": "OWL",
"v": false,
"row": 7,
"col": 3,
"def": "Any of various birds of prey of the order Strigiformes that are primarily nocturnal and have forward-looking, binocular vision, limited eye movement, and good hearing."
},
{
"w": "CALL",
"v": false,
"row": 6,
"col": 0,
"def": "A telephone conversation."
},
{
"w": "CLAW",
"v": false,
"row": 2,
"col": 1,
"def": "A curved, pointed horny nail on each digit of the foot of a mammal, reptile, or bird."
},
{
"w": "COAL",
"v": true,
"row": 4,
"col": 5,
"def": "A black rock formed from prehistoric plant remains, composed largely of carbon and burned as a fuel."
},
{
"w": "COLA",
"v": false,
"row": 2,
"col": 6,
"def": "The kola plant, genus Cola, famous for its nut, or one of these nuts."
},
{
"w": "WALL",
"v": true,
"row": 4,
"col": 7,
"def": "To boil."
},
{
"w": "COWL",
"v": true,
"row": 0,
"col": 4,
"def": "A monk's hood or hooded robe."
},
{
"w": "ALLOW",
"v": false,
"row": 6,
"col": 5,
"def": "To grant, give, admit, accord, afford, or yield; to let one have."
},
{
"w": "LOCAL",
"v": true,
"row": 2,
"col": 2,
"def": "From or in a nearby location."
},
{
"w": "CALLOW",
"v": true,
"row": 1,
"col": 9,
"def": "Bald."
}
]
}