{
"id": 1715,
"sub_category": "Dawn Packx",
"category": "Timberland Group",
"type": 0,
"letters": "EILLTT",
"mov": 18,
"shovels": 1,
"coins": 5,
"rows": 15,
"cols": 15,
"c": 0,
"b": -1,
"w": 8,
"h": 7,
"dws": [
"TIL",
"TET",
"ELT",
"LET",
"TEIL",
"ILL",
"TELT",
"TIE",
"LEI",
"ELL",
"LIE",
"TEL",
"TITE",
"TIT",
"LIT"
],
"ws": [
{
"w": "TELL",
"v": false,
"row": 2,
"col": 4,
"def": "To count, reckon, or enumerate."
},
{
"w": "TILE",
"v": false,
"row": 0,
"col": 2,
"def": "A regularly-shaped slab of clay or other material, affixed to cover or decorate a surface, as in a roof-tile, glazed tile, stove tile, etc."
},
{
"w": "TILL",
"v": true,
"row": 3,
"col": 0,
"def": "To."
},
{
"w": "TILT",
"v": true,
"row": 0,
"col": 2,
"def": "To point or thrust a weapon at."
},
{
"w": "LILT",
"v": true,
"row": 0,
"col": 7,
"def": "To do something rhythmically, with animation and quickness, usually of music."
},
{
"w": "LITE",
"v": true,
"row": 0,
"col": 4,
"def": "Light in composition, notably low in fat, calories etc.:."
},
{
"w": "TITLE",
"v": false,
"row": 3,
"col": 0,
"def": "A prefix (honorific) or suffix (post-nominal) added to a person's name to signify either veneration, official position or a professional or academic qualification."
},
{
"w": "LITTLE",
"v": false,
"row": 5,
"col": 0,
"def": "Small in size."
}
]
}