{
"id": 1717,
"sub_category": "Dawn Packx",
"category": "Timberland Group",
"type": 0,
"letters": "EEGIRV",
"mov": 16,
"shovels": 1,
"coins": 5,
"rows": 15,
"cols": 15,
"c": 0,
"b": -1,
"w": 6,
"h": 6,
"dws": [
"GIE",
"REIVE",
"VIRGE",
"REG",
"GREVE",
"REGIVE",
"REI",
"RIVE",
"GEE",
"ERE",
"EREV",
"REGIE",
"VEE",
"VIER",
"ERG",
"VIRE",
"GREE",
"REVIE",
"REV",
"RIG",
"VEG",
"EVE",
"GERE",
"EGRE",
"REE",
"GER",
"VIG",
"EGER",
"VIE",
"IRE",
"VEGIE"
],
"ws": [
{
"w": "EVER",
"v": true,
"row": 0,
"col": 2,
"def": "Always."
},
{
"w": "GIVE",
"v": true,
"row": 1,
"col": 0,
"def": "To transfer one's possession or holding of (something) to (someone)."
},
{
"w": "VEER",
"v": false,
"row": 5,
"col": 2,
"def": "A turn or swerve; an instance of veering."
},
{
"w": "VERGE",
"v": false,
"row": 3,
"col": 0,
"def": "A rod or staff of office, e.g. of a verger."
},
{
"w": "GIVER",
"v": false,
"row": 1,
"col": 0,
"def": "One who gives; a donor or contributer."
},
{
"w": "GRIEVE",
"v": true,
"row": 0,
"col": 4,
"def": "A governor of a town or province."
}
]
}