{
"id": 1719,
"sub_category": "Dawn Packx",
"category": "Timberland Group",
"type": 0,
"letters": "ACCESU",
"mov": 16,
"shovels": 1,
"coins": 5,
"rows": 15,
"cols": 15,
"c": 0,
"b": -1,
"w": 8,
"h": 6,
"dws": [
"SUE",
"CECA",
"SEC",
"CUSEC",
"EAU",
"SAE",
"EAS",
"SEA",
"ECU",
"ACE",
"ECUS",
"SAU",
"CUE",
"USE",
"AUE",
"EAUS",
"AESC",
"SAC"
],
"ws": [
{
"w": "ACES",
"v": true,
"row": 0,
"col": 5,
"def": "Plural form of ace."
},
{
"w": "CASE",
"v": false,
"row": 0,
"col": 4,
"def": "An actual event, situation, or fact."
},
{
"w": "CUES",
"v": true,
"row": 1,
"col": 3,
"def": "Plural form of cue."
},
{
"w": "CAUSE",
"v": false,
"row": 4,
"col": 0,
"def": "The source or reason of an event or action."
},
{
"w": "SAUCE",
"v": true,
"row": 1,
"col": 0,
"def": "A liquid (often thickened) condiment or accompaniment to food."
},
{
"w": "ACCUSE",
"v": false,
"row": 2,
"col": 0,
"def": "To find fault with, to blame, to censure."
}
]
}