{
"id": 172,
"sub_category": "Wind Pack",
"category": "Sky Group",
"type": 0,
"letters": "AEINNS",
"mov": 18,
"shovels": 1,
"coins": 5,
"rows": 15,
"cols": 15,
"c": 0,
"b": -1,
"w": 8,
"h": 7,
"dws": [
"NANS",
"INNS",
"SEI",
"ANS",
"SIN",
"NAE",
"SAI",
"NAIN",
"INANES",
"SIEN",
"SENA",
"AIS",
"ANE",
"ANN",
"EINA",
"SEN",
"EANS",
"ANIS",
"EAN",
"NIS",
"SINE",
"SAIN",
"NAS",
"ANI",
"AINE",
"NIE",
"SAE",
"SEAN",
"ANISE",
"AIN",
"NANE",
"INANE",
"NAES",
"ENS",
"SAN",
"AINS",
"ANNS",
"EAS",
"SENNA",
"ANES",
"INS",
"NIES"
],
"ws": [
{
"w": "INN",
"v": true,
"row": 1,
"col": 0,
"def": "Any establishment where travellers can procure lodging, food, and drink."
},
{
"w": "SEA",
"v": true,
"row": 2,
"col": 7,
"def": "A large body of salty water. (Major seas are known as oceans.)."
},
{
"w": "NAN",
"v": false,
"row": 2,
"col": 0,
"def": "Affectionate name for a grandmother."
},
{
"w": "NINE",
"v": true,
"row": 2,
"col": 2,
"def": "A numerical value equal to 9; the number occurring after eight and before ten."
},
{
"w": "SANE",
"v": true,
"row": 3,
"col": 4,
"def": "Being in a healthy condition; not deranged; acting rationally; -- regarding the mind."
},
{
"w": "NINES",
"v": false,
"row": 0,
"col": 2,
"def": "Plural form of nine."
},
{
"w": "INSANE",
"v": false,
"row": 3,
"col": 2,
"def": "Exhibiting unsoundness or disorder of mind; not sane; mad; deranged in mind; delirious; distracted."
},
{
"w": "SIENNA",
"v": false,
"row": 5,
"col": 0,
"def": "A form of clay containing iron and manganese."
}
]
}