{
"id": 1721,
"sub_category": "Dawn Packx",
"category": "Timberland Group",
"type": 0,
"letters": "CEFORS",
"mov": 20,
"shovels": 1,
"coins": 5,
"rows": 15,
"cols": 15,
"c": 0,
"b": -1,
"w": 10,
"h": 8,
"dws": [
"REC",
"COS",
"CORES",
"REOS",
"ECO",
"ROES",
"FROES",
"SECO",
"SER",
"FRO",
"OSE",
"COSE",
"FES",
"ORF",
"FROE",
"REO",
"FOR",
"ORFS",
"FORCES",
"FER",
"ORE",
"ROCS",
"ERS",
"ORC",
"CORSE",
"CORF",
"OES",
"ORFE",
"FROS",
"FOE",
"CORS",
"EROS",
"REF",
"SOC",
"CEROS",
"ROE",
"RECS",
"COR",
"EFS",
"ORS",
"SEC",
"SERF",
"CERO",
"ORFES",
"FORES",
"ERF",
"RES",
"ROC",
"ECOS",
"ORCS"
],
"ws": [
{
"w": "CORE",
"v": true,
"row": 0,
"col": 3,
"def": "The central part of fruit, containing the kernels or seeds."
},
{
"w": "FOES",
"v": true,
"row": 3,
"col": 9,
"def": "Plural form of foe."
},
{
"w": "FORE",
"v": true,
"row": 2,
"col": 5,
"def": "An exclamation yelled to inform players a ball is moving in their direction."
},
{
"w": "ORES",
"v": false,
"row": 6,
"col": 6,
"def": "Plural form of ore."
},
{
"w": "ROSE",
"v": false,
"row": 3,
"col": 0,
"def": "A shrub of the genus Rosa, with red, pink, white or yellow flowers."
},
{
"w": "SORE",
"v": true,
"row": 4,
"col": 7,
"def": "Causing pain or discomfort; painfully sensitive."
},
{
"w": "REFS",
"v": false,
"row": 2,
"col": 3,
"def": "Plural form of ref."
},
{
"w": "FORCE",
"v": true,
"row": 2,
"col": 1,
"def": "Anything that is able to make a big change in a person or thing."
},
{
"w": "SCORE",
"v": false,
"row": 0,
"col": 5,
"def": "The total number of points earned by a participant in a game."
},
{
"w": "FRESCO",
"v": false,
"row": 4,
"col": 4,
"def": "In painting, the technique of applying water-based pigment to wet or fresh lime mortar or plaster."
}
]
}