{
"id": 1723,
"sub_category": "Dawn Packx",
"category": "Timberland Group",
"type": 0,
"letters": "LOPPSY",
"mov": 22,
"shovels": 1,
"coins": 5,
"rows": 15,
"cols": 15,
"c": 0,
"b": -1,
"w": 9,
"h": 8,
"dws": [
"SLOPY",
"OYS",
"SOPPY",
"POPSY",
"POLYPS",
"POLY",
"POS",
"LOPS",
"PLOYS",
"POPS",
"LOS",
"POLYS",
"LOPPY",
"LOY",
"POLS",
"POL",
"PLOPS",
"PSYOP",
"LOYS",
"POSY",
"LOP",
"SOL"
],
"ws": [
{
"w": "POP",
"v": true,
"row": 5,
"col": 2,
"def": "A loud, sharp sound as of a cork coming out of a bottle."
},
{
"w": "SLY",
"v": true,
"row": 5,
"col": 5,
"def": "Artfully cunning; secretly mischievous; wily."
},
{
"w": "SOY",
"v": false,
"row": 5,
"col": 5,
"def": "A Chinese and Japanese liquid sauce for fish, made by subjecting boiled beans to long fermentation and then long digestion in salt and water. US preference is the term soy sauce."
},
{
"w": "SPY",
"v": false,
"row": 5,
"col": 1,
"def": "A person who secretly watches and examines the actions of other individuals or organizations and gathers information on them (usually to gain an advantage)."
},
{
"w": "PLY",
"v": true,
"row": 1,
"col": 3,
"def": "A layer of material. (two-ply toilet paper)."
},
{
"w": "SOP",
"v": true,
"row": 1,
"col": 0,
"def": "Something entirely soaked."
},
{
"w": "OPS",
"v": true,
"row": 3,
"col": 1,
"def": "Plural form of op."
},
{
"w": "PLOY",
"v": false,
"row": 7,
"col": 2,
"def": "A tactic, strategy, or gimmick."
},
{
"w": "PLOP",
"v": false,
"row": 2,
"col": 5,
"def": "A sound or action like liquid hitting a hard surface."
},
{
"w": "SLOP",
"v": false,
"row": 1,
"col": 0,
"def": "A loose outer garment; a jacket or overall."
},
{
"w": "POLYP",
"v": false,
"row": 3,
"col": 0,
"def": "An abnormal growth protruding from a mucous membrane."
},
{
"w": "SLOPPY",
"v": true,
"row": 0,
"col": 7,
"def": "Very wet; covered in or composed of slop."
}
]
}