{
"id": 1725,
"sub_category": "Dawn Packx",
"category": "Timberland Group",
"type": 0,
"letters": "EHIRTT",
"mov": 18,
"shovels": 1,
"coins": 5,
"rows": 15,
"cols": 15,
"c": 0,
"b": -1,
"w": 9,
"h": 7,
"dws": [
"RET",
"RIT",
"ITHER",
"TETRI",
"TITE",
"RITT",
"REI",
"TET",
"TITHER",
"TIT",
"THIR",
"HIE",
"TEHR",
"HET",
"TETH",
"TIE",
"THE",
"TRET",
"TITRE",
"TRIE",
"ETH",
"TITHE",
"REH",
"HIT",
"HER",
"TITER",
"IRE"
],
"ws": [
{
"w": "HIRE",
"v": false,
"row": 5,
"col": 2,
"def": "Payment for the temporary use of something."
},
{
"w": "TIRE",
"v": false,
"row": 4,
"col": 5,
"def": "To become sleepy or weary."
},
{
"w": "HEIR",
"v": true,
"row": 0,
"col": 1,
"def": "Someone who inherits, or is designated to inherit, the property of another."
},
{
"w": "RITE",
"v": true,
"row": 2,
"col": 5,
"def": "A religious custom."
},
{
"w": "TIER",
"v": true,
"row": 2,
"col": 8,
"def": "One who ties (knots, etc)."
},
{
"w": "THEIR",
"v": true,
"row": 2,
"col": 3,
"def": "Belonging to, from, of, or relating to, them."
},
{
"w": "TRITE",
"v": false,
"row": 0,
"col": 3,
"def": "Worn out; hackneyed; used so many times that it is no longer interesting or effective (often in reference to a word or phrase)."
},
{
"w": "HITTER",
"v": false,
"row": 2,
"col": 0,
"def": "Agent noun of hit; one who hits."
}
]
}