{
"id": 173,
"sub_category": "Wind Pack",
"category": "Sky Group",
"type": 0,
"letters": "ADEEHV",
"mov": 16,
"shovels": 1,
"coins": 5,
"rows": 15,
"cols": 15,
"c": 0,
"b": -1,
"w": 7,
"h": 6,
"dws": [
"AHED",
"DEVA",
"EDH",
"EHED",
"DEV",
"DAE",
"VEE",
"AVE",
"HEVEA",
"EAVED",
"HAE",
"DAH",
"DEE",
"DEEV",
"VADE",
"HEAVE",
"EVE",
"EAVE",
"DEAVE",
"VAE",
"HADE",
"HAED"
],
"ws": [
{
"w": "HAD",
"v": true,
"row": 3,
"col": 2,
"def": "Simple past tense and past participle of have."
},
{
"w": "HAVE",
"v": false,
"row": 4,
"col": 1,
"def": "To possess, own, hold."
},
{
"w": "HEAD",
"v": true,
"row": 2,
"col": 6,
"def": "The part of the body of an animal or human which contains the brain, mouth, and main sense organs."
},
{
"w": "HEED",
"v": true,
"row": 0,
"col": 0,
"def": "Careful attention."
},
{
"w": "EVADE",
"v": true,
"row": 0,
"col": 4,
"def": "To get away from by artifice; to avoid by dexterity, subterfuge, address, or ingenuity; to elude; to escape from cleverly; as, to evade a blow, a pursuer, a punishment; to evade the force of an argument."
},
{
"w": "HEAVED",
"v": false,
"row": 0,
"col": 0,
"def": "Simple past tense and past participle of heave."
}
]
}