{
"id": 1730,
"sub_category": "Brood Packx",
"category": "Timberland Group",
"type": 0,
"letters": "CEENRS",
"mov": 16,
"shovels": 1,
"coins": 5,
"rows": 15,
"cols": 15,
"c": 0,
"b": -1,
"w": 7,
"h": 7,
"dws": [
"REC",
"CENSER",
"CREES",
"CERE",
"ERN",
"ERNES",
"ERE",
"REES",
"SER",
"CERES",
"ERES",
"CEE",
"SEN",
"SERE",
"ENE",
"CENSE",
"ERS",
"CEES",
"EEN",
"REENS",
"CREE",
"RENS",
"CERNE",
"ESE",
"REN",
"ENES",
"NEE",
"CENS",
"REE",
"SENE",
"REEN",
"ENS",
"ERNE",
"RECS",
"SEC",
"ERNS",
"SECERN",
"RES",
"SNEE",
"SEE",
"ESNE"
],
"ws": [
{
"w": "SEEN",
"v": false,
"row": 2,
"col": 3,
"def": "Past participle of see."
},
{
"w": "SEER",
"v": false,
"row": 4,
"col": 0,
"def": "Agent noun of see; one who sees something; an eyewitness."
},
{
"w": "SCENE",
"v": true,
"row": 0,
"col": 5,
"def": "The location of an event that attracts attention."
},
{
"w": "SNEER",
"v": false,
"row": 6,
"col": 0,
"def": "To raise a corner of the upper lip slightly, especially in scorn."
},
{
"w": "SCREE",
"v": true,
"row": 2,
"col": 3,
"def": "Loose stony debris on a slope."
},
{
"w": "SCREEN",
"v": true,
"row": 1,
"col": 1,
"def": "A physical divider intended to block an area from view."
}
]
}