{
"id": 1734,
"sub_category": "Brood Packx",
"category": "Timberland Group",
"type": 0,
"letters": "ABERRV",
"mov": 18,
"shovels": 1,
"coins": 5,
"rows": 15,
"cols": 15,
"c": 0,
"b": -1,
"w": 8,
"h": 7,
"dws": [
"ARE",
"REBAR",
"BAR",
"AVER",
"VERA",
"BRAE",
"BRER",
"ERA",
"RAV",
"AVE",
"BARER",
"BRR",
"REV",
"ERR",
"EAR",
"VARE",
"RAVER",
"ARB",
"REB",
"VAR",
"BARRE",
"VAE",
"BRA"
],
"ws": [
{
"w": "BARE",
"v": true,
"row": 2,
"col": 5,
"def": "Minimal; that is or are just sufficient."
},
{
"w": "BEAR",
"v": false,
"row": 6,
"col": 0,
"def": "A large omnivorous mammal, related to the dog and raccoon, having shaggy hair, a very small tail, and flat feet; a member of family Ursidae, particularly of subfamily Ursinae."
},
{
"w": "RARE",
"v": true,
"row": 0,
"col": 7,
"def": "Cooked very lightly, so the meat is still red (in the case of steak or beef in the general sense)."
},
{
"w": "REAR",
"v": false,
"row": 2,
"col": 0,
"def": "To raise physically; to lift up; to cause to rise, to elevate."
},
{
"w": "VERB",
"v": true,
"row": 0,
"col": 0,
"def": "A word that indicates an action, event, or state."
},
{
"w": "RAVE",
"v": false,
"row": 3,
"col": 4,
"def": "An enthusiastic review (such as of a play)."
},
{
"w": "BRAVE",
"v": true,
"row": 0,
"col": 2,
"def": "Strong in the face of fear; courageous."
},
{
"w": "BRAVER",
"v": false,
"row": 0,
"col": 2,
"def": "Comparative form of brave: more brave."
}
]
}