{
"id": 1739,
"sub_category": "Brood Packx",
"category": "Timberland Group",
"type": 0,
"letters": "HMMSUU",
"mov": 16,
"shovels": 1,
"coins": 5,
"rows": 15,
"cols": 15,
"c": 0,
"b": -1,
"w": 8,
"h": 6,
"dws": [
"MUMU",
"UMM",
"MUMS",
"HUMS",
"MUMUS",
"UMS",
"UMU",
"UMUS",
"MUS",
"HMM"
],
"ws": [
{
"w": "HUM",
"v": true,
"row": 2,
"col": 2,
"def": "A hummed tune, i.e. created orally with lips closed."
},
{
"w": "MUM",
"v": false,
"row": 0,
"col": 1,
"def": "Mother."
},
{
"w": "SUM",
"v": true,
"row": 0,
"col": 5,
"def": "A quantity obtained by addition or aggregation."
},
{
"w": "MUSH",
"v": true,
"row": 2,
"col": 4,
"def": "A mess, often of food; a soft or semisolid substance."
},
{
"w": "HUMUS",
"v": false,
"row": 4,
"col": 0,
"def": "A large group of natural organic compounds, found in the soil, formed from the chemical and biological decomposition of plant and animal residues and from the synthetic activity of microorganisms."
},
{
"w": "HUMMUS",
"v": false,
"row": 2,
"col": 2,
"def": "A Levantine Arab dip made of chickpea paste with various additions, such as olive oil, fresh garlic, lemon juice, and tahini, often eaten with pitta bread, or as a meze. It is mostly eaten in the Levant."
}
]
}