{
"id": 1745,
"sub_category": "View Packx",
"category": "Timberland Group",
"type": 0,
"letters": "AHKNRS",
"mov": 22,
"shovels": 1,
"coins": 5,
"rows": 15,
"cols": 15,
"c": 0,
"b": -1,
"w": 10,
"h": 8,
"dws": [
"HASK",
"KNARS",
"KSAR",
"KHAN",
"ANS",
"SHA",
"HARNS",
"KRANS",
"KANS",
"SNAR",
"NAH",
"SKA",
"KHANS",
"NARKS",
"HAN",
"KAS",
"SARK",
"ARKS",
"NAS",
"HARN",
"SKRAN",
"KNAR",
"RNA",
"HANKS",
"RANKS",
"SHARN",
"ARS",
"SAR",
"AHS",
"ANKHS",
"RAH",
"SHAN",
"KAN",
"SAN",
"SNARK",
"KARN",
"RAS",
"HARKS",
"KARNS",
"HANK",
"RAHS",
"NARK",
"ANKH"
],
"ws": [
{
"w": "ARK",
"v": true,
"row": 2,
"col": 3,
"def": "A large box with a flat lid."
},
{
"w": "ASH",
"v": false,
"row": 2,
"col": 3,
"def": "The solid remains of a fire."
},
{
"w": "ASK",
"v": false,
"row": 3,
"col": 5,
"def": "To look for an answer to a question by speaking."
},
{
"w": "HAS",
"v": true,
"row": 2,
"col": 5,
"def": "Third-person singular simple present indicative form of have."
},
{
"w": "RAN",
"v": true,
"row": 4,
"col": 2,
"def": "Simple past of run."
},
{
"w": "RANK",
"v": false,
"row": 6,
"col": 0,
"def": "Strong; powerful; capable of acting or being used with great effect; energetic; vigorous; headstrong."
},
{
"w": "RASH",
"v": false,
"row": 1,
"col": 6,
"def": "Hasty, not careful or considered."
},
{
"w": "SANK",
"v": true,
"row": 0,
"col": 7,
"def": "Simple past of sink."
},
{
"w": "HARK",
"v": false,
"row": 4,
"col": 0,
"def": "To listen attentively; often used in the imperative."
},
{
"w": "SHARK",
"v": true,
"row": 3,
"col": 0,
"def": "A scaleless, predatory fish of the superorder Selachimorpha, with a cartilaginous skeleton and 5 to 7 gill slits on each side of its head."
},
{
"w": "SHANK",
"v": false,
"row": 0,
"col": 0,
"def": "The lower part of the leg; shin."
},
{
"w": "SHRANK",
"v": true,
"row": 0,
"col": 9,
"def": "Simple past of shrink."
}
]
}