{
"id": 1746,
"sub_category": "View Packx",
"category": "Timberland Group",
"type": 0,
"letters": "ALRTTY",
"mov": 22,
"shovels": 1,
"coins": 5,
"rows": 15,
"cols": 15,
"c": 0,
"b": -1,
"w": 9,
"h": 8,
"dws": [
"YAR",
"ATT",
"TAY",
"LAR",
"ARTY",
"ARYL",
"RYAL",
"LYRA",
"LYART",
"TARTY",
"RATTLY",
"RYA",
"TRAT",
"ARY",
"TAT",
"LYTTA"
],
"ws": [
{
"w": "ART",
"v": true,
"row": 4,
"col": 4,
"def": "Human effort to imitate, supplement, alter, or counteract the work of nature."
},
{
"w": "LAY",
"v": true,
"row": 0,
"col": 2,
"def": "To place down in a position of rest, or in a horizontal position."
},
{
"w": "RAT",
"v": false,
"row": 2,
"col": 4,
"def": "A medium-sized rodent belonging to the genus Rattus."
},
{
"w": "RAY",
"v": false,
"row": 2,
"col": 0,
"def": "A beam of light or radiation."
},
{
"w": "TAR",
"v": true,
"row": 0,
"col": 4,
"def": "A black, oily, sticky, viscous substance, consisting mainly of hydrocarbons derived from organic materials such as wood, peat, or coal."
},
{
"w": "TRY",
"v": true,
"row": 3,
"col": 8,
"def": "To attempt. Followed by infinitive."
},
{
"w": "ALT",
"v": false,
"row": 3,
"col": 6,
"def": "A state of excitement, conveyed by a high pitched voice."
},
{
"w": "LAT",
"v": false,
"row": 0,
"col": 2,
"def": "A Latvian coin and national monetary unit."
},
{
"w": "TART",
"v": true,
"row": 2,
"col": 6,
"def": "Sharp to the taste; acid; sour."
},
{
"w": "TRAY",
"v": true,
"row": 4,
"col": 2,
"def": "Trouble; annoyance; anger."
},
{
"w": "RATTY",
"v": false,
"row": 5,
"col": 4,
"def": "Similar to a rat; ratlike."
},
{
"w": "TARTLY",
"v": true,
"row": 0,
"col": 0,
"def": "In a tart manner; sourly or bitterly."
}
]
}