{
"id": 1747,
"sub_category": "View Packx",
"category": "Timberland Group",
"type": 0,
"letters": "CEGINR",
"mov": 20,
"shovels": 1,
"coins": 5,
"rows": 15,
"cols": 15,
"c": 0,
"b": -1,
"w": 8,
"h": 8,
"dws": [
"REC",
"GIE",
"NICE",
"GRICE",
"REG",
"RENIG",
"ERN",
"REI",
"NEG",
"CERING",
"ERG",
"GIRN",
"RIN",
"NIGER",
"CIRE",
"GREN",
"CRINE",
"NIE",
"GEN",
"GIEN",
"REN",
"CINE",
"ERIC",
"ICER",
"CIG",
"GENIC",
"GER",
"ENG",
"ING",
"IRE",
"RINE"
],
"ws": [
{
"w": "GIN",
"v": false,
"row": 2,
"col": 2,
"def": "A colourless non-aged alcoholic liquor made by distilling fermented grains such as barley, corn, oats or rye with juniper berries; the base for many cocktails."
},
{
"w": "ICE",
"v": true,
"row": 2,
"col": 3,
"def": "Water in frozen (solid) form."
},
{
"w": "RIG",
"v": true,
"row": 0,
"col": 2,
"def": "The rigging of a sailing ship or other such craft."
},
{
"w": "GRIN",
"v": false,
"row": 7,
"col": 4,
"def": "A smile in which the lips are parted to reveal the teeth."
},
{
"w": "RICE",
"v": true,
"row": 3,
"col": 1,
"def": "Cereal plants (Oryza sativa) of the grass family whose seeds are used as food."
},
{
"w": "RING",
"v": true,
"row": 4,
"col": 4,
"def": "A circumscribing object, (roughly) circular and hollow, looking like an annual ring, earring, finger ring etc."
},
{
"w": "REIN",
"v": true,
"row": 4,
"col": 7,
"def": "A strap or rope attached to the bridle or bit, used to control a horse, animal or young child."
},
{
"w": "NICER",
"v": false,
"row": 4,
"col": 0,
"def": "Comparative form of nice: more nice."
},
{
"w": "REIGN",
"v": false,
"row": 6,
"col": 0,
"def": "The exercise of sovereign power."
},
{
"w": "CRINGE",
"v": false,
"row": 0,
"col": 1,
"def": "A posture or gesture of shrinking or recoiling."
}
]
}