{
"id": 1748,
"sub_category": "View Packx",
"category": "Timberland Group",
"type": 0,
"letters": "AGJNOR",
"mov": 16,
"shovels": 1,
"coins": 5,
"rows": 15,
"cols": 15,
"c": 0,
"b": -1,
"w": 8,
"h": 7,
"dws": [
"JAR",
"RAG",
"NOG",
"AGON",
"GAR",
"JONG",
"JAG",
"GOA",
"ORANG",
"GNAR",
"GOR",
"RAN",
"AGRO",
"JOR",
"ORA",
"RAJ",
"GORA",
"RONG",
"JOG",
"GON",
"RNA",
"NAG",
"NOR",
"GAN",
"ORG",
"AGO",
"NAGOR",
"GAJO",
"GRAN",
"OAR"
],
"ws": [
{
"w": "RANG",
"v": true,
"row": 0,
"col": 1,
"def": "Simple past of ring."
},
{
"w": "ROAN",
"v": false,
"row": 0,
"col": 1,
"def": "Especially of a horse, having a coat of a dark base color with individual white hairs mixed in."
},
{
"w": "GROAN",
"v": false,
"row": 2,
"col": 3,
"def": "A low, mournful sound uttered in pain or grief."
},
{
"w": "ORGAN",
"v": false,
"row": 6,
"col": 0,
"def": "A largest part of an organism, composed of tissues that perform similar functions."
},
{
"w": "ARGON",
"v": true,
"row": 0,
"col": 3,
"def": "A chemical element (symbol Ar) with an atomic number of 18."
},
{
"w": "JARGON",
"v": true,
"row": 1,
"col": 6,
"def": "A technical terminology unique to a particular subject."
}
]
}