{
"id": 1749,
"sub_category": "View Packx",
"category": "Timberland Group",
"type": 0,
"letters": "AEEGNV",
"mov": 22,
"shovels": 1,
"coins": 5,
"rows": 15,
"cols": 15,
"c": 0,
"b": -1,
"w": 9,
"h": 9,
"dws": [
"GANE",
"NEVE",
"GENA",
"NAE",
"GAEN",
"GANEV",
"NAV",
"VEENA",
"NEG",
"ANE",
"GEAN",
"VEE",
"AVE",
"VENGE",
"ENE",
"EEVN",
"EAN",
"GENEVA",
"AGEN",
"VENAE",
"VEG",
"NAEVE",
"GEN",
"EAVE",
"VAG",
"NEE",
"VANG",
"AGENE",
"GAN",
"VEGA",
"VAE",
"VENA",
"ENG",
"AGEE",
"GAE",
"EEN"
],
"ws": [
{
"w": "AGE",
"v": true,
"row": 2,
"col": 1,
"def": "The whole duration of a being, whether animal, vegetable, or other kind; lifetime."
},
{
"w": "EVE",
"v": true,
"row": 2,
"col": 3,
"def": "The day or night before, usually used for holidays, such as Christmas Eve."
},
{
"w": "GEE",
"v": true,
"row": 3,
"col": 5,
"def": "A general exclamation of surprise or frustration."
},
{
"w": "NAG",
"v": true,
"row": 6,
"col": 4,
"def": "A small horse; a pony."
},
{
"w": "VAN",
"v": false,
"row": 6,
"col": 2,
"def": "A (covered) vehicle used for carrying goods or people, usually roughly cuboid in shape, longer and higher than a car but smaller than a truck."
},
{
"w": "EVEN",
"v": false,
"row": 5,
"col": 5,
"def": "Flat and level."
},
{
"w": "GAVE",
"v": false,
"row": 0,
"col": 2,
"def": "Simple past of give."
},
{
"w": "GENE",
"v": false,
"row": 4,
"col": 0,
"def": "A unit of heredity; a segment of DNA or RNA that is transmitted from one generation to the next, and that carries genetic information such as the sequence of amino acids for a protein."
},
{
"w": "VANE",
"v": false,
"row": 2,
"col": 0,
"def": "A weather vane."
},
{
"w": "NAVE",
"v": true,
"row": 4,
"col": 2,
"def": "The middle or body of a church, extending from the transepts to the principal entrances."
},
{
"w": "VEGAN",
"v": false,
"row": 3,
"col": 3,
"def": "Relating to vegans or veganism."
},
{
"w": "AVENGE",
"v": true,
"row": 0,
"col": 7,
"def": "A vengeance; a revenge."
}
]
}