{
"id": 175,
"sub_category": "Wind Pack",
"category": "Sky Group",
"type": 0,
"letters": "DDEFOR",
"mov": 22,
"shovels": 1,
"coins": 5,
"rows": 15,
"cols": 15,
"c": 0,
"b": -1,
"w": 9,
"h": 9,
"dws": [
"REDD",
"DERO",
"FED",
"FEOD",
"FRO",
"DOD",
"ORF",
"FROE",
"DORE",
"REO",
"EDDO",
"DOE",
"FER",
"DOR",
"ORE",
"ORFE",
"DOER",
"DOF",
"REF",
"ORD",
"DEF",
"ROE",
"DEFO",
"ROED",
"ERF",
"FORD"
],
"ws": [
{
"w": "FOE",
"v": true,
"row": 0,
"col": 5,
"def": "Hostile."
},
{
"w": "FOR",
"v": false,
"row": 3,
"col": 6,
"def": "Because."
},
{
"w": "ODD",
"v": false,
"row": 6,
"col": 4,
"def": "Single; sole; singular; not having a mate."
},
{
"w": "RED",
"v": false,
"row": 5,
"col": 6,
"def": "Having red as its colour."
},
{
"w": "ROD",
"v": true,
"row": 3,
"col": 8,
"def": "A straight, round stick, shaft, bar, cane, or staff."
},
{
"w": "ODE",
"v": false,
"row": 1,
"col": 5,
"def": "A short poetical composition proper to be set to music or sung; a lyric poem; esp., now, a poem characterized by sustained noble sentiment and appropriate dignity of style."
},
{
"w": "FORE",
"v": false,
"row": 2,
"col": 2,
"def": "An exclamation yelled to inform players a ball is moving in their direction."
},
{
"w": "RODE",
"v": true,
"row": 5,
"col": 4,
"def": "The line from the vessel to its anchor. Also warp."
},
{
"w": "REDO",
"v": true,
"row": 0,
"col": 7,
"def": "To do again."
},
{
"w": "ODDER",
"v": false,
"row": 5,
"col": 0,
"def": "Comparative form of odd: more odd."
},
{
"w": "FODDER",
"v": true,
"row": 2,
"col": 2,
"def": "Food for animals."
},
{
"w": "FORDED",
"v": true,
"row": 3,
"col": 6,
"def": "Simple past tense and past participle of ford."
}
]
}