{
"id": 1757,
"sub_category": "View Packx",
"category": "Timberland Group",
"type": 0,
"letters": "EIPPRZ",
"mov": 24,
"shovels": 1,
"coins": 5,
"rows": 15,
"cols": 15,
"c": 0,
"b": -1,
"w": 11,
"h": 8,
"dws": [
"REPP",
"PIZE",
"PERI",
"RIPP",
"PIR",
"PREZ",
"PIP",
"RIZ",
"PERP",
"REI",
"PRE",
"ZEP",
"REZ"
],
"ws": [
{
"w": "PEP",
"v": false,
"row": 5,
"col": 0,
"def": "To inject with energy and enthusiasm."
},
{
"w": "PER",
"v": true,
"row": 5,
"col": 2,
"def": "For each."
},
{
"w": "PIE",
"v": true,
"row": 1,
"col": 2,
"def": "A type of pastry that consists of an outer crust and a filling."
},
{
"w": "RIP",
"v": true,
"row": 1,
"col": 0,
"def": "A tear (in paper, etc.)."
},
{
"w": "ZIP",
"v": true,
"row": 5,
"col": 4,
"def": "The high-pitched sound of a small object moving rapidly through air."
},
{
"w": "REP",
"v": false,
"row": 1,
"col": 0,
"def": "Short form of reputation."
},
{
"w": "IRE",
"v": true,
"row": 3,
"col": 1,
"def": "Iron."
},
{
"w": "PIER",
"v": false,
"row": 3,
"col": 0,
"def": "A raised platform built from the shore out over water, supported on piles; used to secure, or provide access to shipping; a jetty."
},
{
"w": "PIPE",
"v": true,
"row": 3,
"col": 6,
"def": "A rigid tube that transports water, steam, or other fluid, as used in plumbing and numerous other applications."
},
{
"w": "PREP",
"v": false,
"row": 7,
"col": 1,
"def": "Preparation."
},
{
"w": "RIPE",
"v": true,
"row": 2,
"col": 8,
"def": "Ready for reaping or gathering; having attained perfection; mature; -- said of fruits, seeds, etc.; as, ripe grain."
},
{
"w": "PRIZE",
"v": false,
"row": 3,
"col": 6,
"def": "That which is taken from another; something captured; a thing seized by force, stratagem, or superior power."
},
{
"w": "PIPER",
"v": false,
"row": 0,
"col": 4,
"def": "A musician who plays a pipe."
},
{
"w": "ZIPPER",
"v": false,
"row": 5,
"col": 4,
"def": "A zip fastener."
}
]
}