{
"id": 1765,
"sub_category": "Climb Packx",
"category": "Hills Group",
"type": 0,
"letters": "EELSSV",
"mov": 16,
"shovels": 1,
"coins": 5,
"rows": 15,
"cols": 15,
"c": 0,
"b": -1,
"w": 8,
"h": 6,
"dws": [
"SEES",
"LEVS",
"EEL",
"LES",
"VELES",
"ELVE",
"SLEE",
"EVES",
"VEE",
"SELE",
"SEL",
"LEV",
"LEVE",
"LESES",
"ESE",
"VELE",
"SELES",
"LEES",
"ESS",
"EVE",
"LEE",
"SELS",
"ELS",
"SESE",
"ESES",
"SEEL",
"SEELS",
"SEV",
"ESSE",
"SEVS",
"SEE",
"VEES"
],
"ws": [
{
"w": "ELSE",
"v": false,
"row": 1,
"col": 0,
"def": "Other; in addition to previously mentioned items."
},
{
"w": "LESS",
"v": false,
"row": 2,
"col": 3,
"def": "To smaller extent."
},
{
"w": "EELS",
"v": true,
"row": 0,
"col": 0,
"def": "Plural form of eel."
},
{
"w": "ELVES",
"v": true,
"row": 1,
"col": 3,
"def": "Plural form of elf."
},
{
"w": "VESSEL",
"v": true,
"row": 0,
"col": 6,
"def": "A general term for all kinds of craft designed for transportation on water, such as ships or boats."
},
{
"w": "SELVES",
"v": false,
"row": 4,
"col": 2,
"def": "Plural form of self."
}
]
}