{
"id": 1766,
"sub_category": "Climb Packx",
"category": "Hills Group",
"type": 0,
"letters": "ELPRUY",
"mov": 20,
"shovels": 1,
"coins": 5,
"rows": 15,
"cols": 15,
"c": 0,
"b": -1,
"w": 9,
"h": 9,
"dws": [
"PYE",
"PLYER",
"PUL",
"YER",
"PLU",
"YUP",
"PULY",
"LERP",
"RYPE",
"PEL",
"PULE",
"PRY",
"PURL",
"PUY",
"YULE",
"RYE",
"YEP",
"UEY",
"PER",
"URP",
"ULE",
"RUE",
"LEU",
"PULER",
"URE",
"LYE",
"LUR",
"PLUE",
"LEP",
"RULY",
"RYU",
"REP",
"PUR",
"PRE",
"PUER",
"PLY",
"LEY"
],
"ws": [
{
"w": "LURE",
"v": false,
"row": 5,
"col": 5,
"def": "Something that tempts or attracts, especially one with a promise of reward or pleasure."
},
{
"w": "PREY",
"v": false,
"row": 1,
"col": 4,
"def": "Anything, as goods, etc., taken or got by violence; anything taken by force from an enemy in war; spoil; booty; plunder."
},
{
"w": "PURE",
"v": true,
"row": 1,
"col": 4,
"def": "Free of flaws or imperfections; unsullied."
},
{
"w": "RELY",
"v": true,
"row": 5,
"col": 7,
"def": "To rest with confidence, as when fully satisfied of the veracity, integrity, or ability of persons, or of the certainty of facts or of evidence; to have confidence; to trust; to depend."
},
{
"w": "RULE",
"v": false,
"row": 7,
"col": 5,
"def": "A regulation, law, guideline."
},
{
"w": "YELP",
"v": true,
"row": 0,
"col": 6,
"def": "An abrupt, high-pitched noise or utterance."
},
{
"w": "LYRE",
"v": true,
"row": 5,
"col": 5,
"def": "A stringed musical instrument."
},
{
"w": "PYRE",
"v": true,
"row": 2,
"col": 8,
"def": "A funeral pile; a combustible heap on which corpses are burned."
},
{
"w": "REPLY",
"v": false,
"row": 3,
"col": 4,
"def": "To give a written or spoken response, especially to a question, request, accusation or criticism; to answer."
},
{
"w": "PURELY",
"v": false,
"row": 6,
"col": 0,
"def": "Without physical adulterants; refinedly, with no admixture."
}
]
}