{
"id": 1770,
"sub_category": "Climb Packx",
"category": "Hills Group",
"type": 0,
"letters": "ABEHLR",
"mov": 30,
"shovels": 1,
"coins": 5,
"rows": 15,
"cols": 15,
"c": 0,
"b": -1,
"w": 13,
"h": 11,
"dws": [
"HABLE",
"BAR",
"BLAE",
"HERL",
"BRAE",
"LARE",
"ABLER",
"BELAH",
"BEL",
"BEAL",
"LAB",
"HAE",
"RALE",
"BLEAR",
"BALER",
"LEA",
"LAER",
"BLAHER",
"BHEL",
"ARLE",
"ALB",
"LEAR",
"BAEL",
"RAH",
"LEHR",
"LAR",
"ALBE",
"ARB",
"REB",
"REH",
"HALE",
"BAL",
"BRA",
"HARL",
"RHEA",
"HALER",
"LAH"
],
"ws": [
{
"w": "ALE",
"v": true,
"row": 7,
"col": 5,
"def": "An intoxicating liquor made from an infusion of malt by fermentation and the addition of a bitter, usually hops."
},
{
"w": "ARE",
"v": false,
"row": 9,
"col": 3,
"def": "Second-person singular simple present tense of be."
},
{
"w": "EAR",
"v": true,
"row": 7,
"col": 8,
"def": "The organ of hearing, consisting of the pinna, auditory canal, eardrum, malleus, incus, stapes and cochlea."
},
{
"w": "ERA",
"v": true,
"row": 7,
"col": 3,
"def": "A time period of indeterminate length, generally more than one year."
},
{
"w": "HER",
"v": false,
"row": 3,
"col": 2,
"def": "Belonging to her."
},
{
"w": "BAH",
"v": false,
"row": 7,
"col": 10,
"def": "Expressing contempt, disgust, or bad temper."
},
{
"w": "ABLE",
"v": false,
"row": 7,
"col": 5,
"def": "A word that is used in place of the letter \"A\" during communication."
},
{
"w": "BARE",
"v": false,
"row": 7,
"col": 0,
"def": "Minimal; that is or are just sufficient."
},
{
"w": "BEAR",
"v": true,
"row": 7,
"col": 10,
"def": "A large omnivorous mammal, related to the dog and raccoon, having shaggy hair, a very small tail, and flat feet; a member of family Ursidae, particularly of subfamily Ursinae."
},
{
"w": "BLAH",
"v": true,
"row": 4,
"col": 12,
"def": "Nonsense; drivel; idle, meaningless talk."
},
{
"w": "EARL",
"v": false,
"row": 5,
"col": 9,
"def": "A British nobleman next in rank above a viscount and below a marquess; equivalent to a European count. A female using the style is termed a countess."
},
{
"w": "HARE",
"v": true,
"row": 6,
"col": 1,
"def": "Any of several plant-eating animals of the family Leporidae, especially of the genus Lepus, similar to a rabbit, but larger and with longer ears."
},
{
"w": "HEAL",
"v": false,
"row": 4,
"col": 6,
"def": "To hide; conceal; keep secret."
},
{
"w": "HEAR",
"v": true,
"row": 0,
"col": 4,
"def": "To sympathize with; to share the feeling or opinion of."
},
{
"w": "HERB",
"v": true,
"row": 4,
"col": 6,
"def": "Any green, leafy plant, or parts thereof, used to flavor or season food."
},
{
"w": "REAL",
"v": false,
"row": 9,
"col": 8,
"def": "A commodity; see reality."
},
{
"w": "BALE",
"v": true,
"row": 2,
"col": 9,
"def": "Evil, especially considered as an active force for destruction or death."
},
{
"w": "REHAB",
"v": true,
"row": 1,
"col": 2,
"def": "An act of rehabilitation, especially drug rehabilitation."
},
{
"w": "BLARE",
"v": false,
"row": 5,
"col": 2,
"def": "A loud sound."
},
{
"w": "HERBAL",
"v": false,
"row": 0,
"col": 4,
"def": "Made from or with herbs."
}
]
}