{
"id": 1774,
"sub_category": "Climb Packx",
"category": "Hills Group",
"type": 0,
"letters": "INOOPS",
"mov": 20,
"shovels": 1,
"coins": 5,
"rows": 15,
"cols": 15,
"c": 0,
"b": -1,
"w": 9,
"h": 9,
"dws": [
"PONS",
"ISO",
"PION",
"SON",
"SIN",
"ONS",
"OOP",
"PSI",
"PIONS",
"PIS",
"NOO",
"OOS",
"NIP",
"POIS",
"PIN",
"SOOP",
"ION",
"OIS",
"POS",
"ONOS",
"SIP",
"NIS",
"PSION",
"OPSIN",
"OPS",
"POON",
"POONS",
"POI",
"PISO",
"SOP",
"IOS",
"ONO",
"OON",
"POOS",
"OONS",
"NOS",
"NOOPS",
"NOOP",
"INS",
"POO"
],
"ws": [
{
"w": "IONS",
"v": true,
"row": 3,
"col": 3,
"def": "Plural form of ion."
},
{
"w": "OOPS",
"v": false,
"row": 4,
"col": 5,
"def": "Acknowledging a minor mistake."
},
{
"w": "PINS",
"v": false,
"row": 3,
"col": 2,
"def": "Plural form of pin."
},
{
"w": "SOON",
"v": true,
"row": 3,
"col": 5,
"def": "Occurring within a short time, or quickly."
},
{
"w": "SPIN",
"v": true,
"row": 0,
"col": 4,
"def": "To rotate, revolve, gyrate (usually quickly); to partially or completely rotate to face another direction."
},
{
"w": "NIPS",
"v": false,
"row": 1,
"col": 2,
"def": "Plural form of nip."
},
{
"w": "SNIP",
"v": true,
"row": 0,
"col": 2,
"def": "To cut with short sharp actions, as with scissors."
},
{
"w": "SPOON",
"v": true,
"row": 4,
"col": 8,
"def": "An implement for eating or serving; a scooped utensil whose long handle is straight, in contrast to a ladle."
},
{
"w": "SNOOP",
"v": true,
"row": 0,
"col": 0,
"def": "To be devious and cunning so as not to be seen."
},
{
"w": "POISON",
"v": false,
"row": 6,
"col": 0,
"def": "A substance that is harmful or lethal to a living organism."
}
]
}