{
"id": 1775,
"sub_category": "Climb Packx",
"category": "Hills Group",
"type": 0,
"letters": "CHISTW",
"mov": 20,
"shovels": 1,
"coins": 5,
"rows": 15,
"cols": 15,
"c": 0,
"b": -1,
"w": 9,
"h": 8,
"dws": [
"SICHT",
"CITS",
"SIC",
"SWITH",
"CHITS",
"CIST",
"TIC",
"ICH",
"HIC",
"HIS",
"TIS",
"SICH",
"CHIT",
"STICH",
"WICH",
"WHIST",
"CIT",
"WIST",
"CIS",
"SHIT",
"ISH",
"ICHS",
"CHI",
"WIS",
"SITH",
"CHIS",
"WIT",
"HIT",
"HIST",
"WHITS",
"ITS",
"SIT",
"TICH"
],
"ws": [
{
"w": "HITS",
"v": false,
"row": 4,
"col": 0,
"def": "Alternative form of its."
},
{
"w": "ITCH",
"v": false,
"row": 3,
"col": 3,
"def": "A sensation felt on an area of the skin that causes a person or animal to want to scratch."
},
{
"w": "THIS",
"v": true,
"row": 1,
"col": 3,
"def": "The (thing) here (used in indicating something or someone nearby)."
},
{
"w": "TICS",
"v": true,
"row": 4,
"col": 2,
"def": "Plural form of tic."
},
{
"w": "WISH",
"v": true,
"row": 0,
"col": 6,
"def": "A will for something to happen."
},
{
"w": "WITH",
"v": true,
"row": 1,
"col": 0,
"def": "Against."
},
{
"w": "WITS",
"v": false,
"row": 1,
"col": 5,
"def": "Plural form of wit."
},
{
"w": "WHIT",
"v": false,
"row": 1,
"col": 0,
"def": "The smallest part or particle imaginable; an iota."
},
{
"w": "WITCH",
"v": false,
"row": 6,
"col": 4,
"def": "A man who practises witchcraft."
},
{
"w": "SWITCH",
"v": true,
"row": 1,
"col": 8,
"def": "A device to turn electric current on and off or direct its flow."
}
]
}