{
"id": 1777,
"sub_category": "Above Packx",
"category": "Hills Group",
"type": 0,
"letters": "EEGNRT",
"mov": 22,
"shovels": 1,
"coins": 5,
"rows": 15,
"cols": 15,
"c": 0,
"b": -1,
"w": 10,
"h": 10,
"dws": [
"RET",
"TENGE",
"REG",
"ERN",
"NEG",
"ERE",
"GEE",
"ETEN",
"RENTE",
"TEE",
"RETE",
"ERG",
"ENE",
"TENE",
"GERT",
"GREE",
"GET",
"TEG",
"GREN",
"GERENT",
"GEN",
"REN",
"TREEN",
"NEE",
"GERE",
"REE",
"EGRE",
"REEN",
"ERNE",
"GER",
"ENG",
"GERNE",
"TERNE",
"GENET",
"TEER",
"NET",
"EGER",
"TEN",
"NETE",
"EEN"
],
"ws": [
{
"w": "GENE",
"v": true,
"row": 6,
"col": 5,
"def": "A unit of heredity; a segment of DNA or RNA that is transmitted from one generation to the next, and that carries genetic information such as the sequence of amino acids for a protein."
},
{
"w": "RENT",
"v": false,
"row": 8,
"col": 3,
"def": "A payment made by a tenant at intervals in order to occupy a property."
},
{
"w": "TEEN",
"v": false,
"row": 3,
"col": 6,
"def": "A teenager, a person between 13 and 19 years old."
},
{
"w": "TREE",
"v": true,
"row": 3,
"col": 6,
"def": "A large plant, not exactly defined, but typically over four meters in height, a single trunk which grows in girth with age and branches (which also grow in circumference with age)."
},
{
"w": "GENT",
"v": false,
"row": 6,
"col": 0,
"def": "A gentleman."
},
{
"w": "TERN",
"v": true,
"row": 6,
"col": 3,
"def": "Any of various sea birds of the family Sternidae that are similar to gulls but are smaller, more elegant and have a forked tail."
},
{
"w": "ENTER",
"v": true,
"row": 0,
"col": 8,
"def": "To go into (a room, etc.)."
},
{
"w": "GENRE",
"v": false,
"row": 6,
"col": 5,
"def": "A kind; a stylistic category or sort, especially of literature or other artworks."
},
{
"w": "GREEN",
"v": true,
"row": 4,
"col": 1,
"def": "Having green as its color."
},
{
"w": "GREET",
"v": true,
"row": 0,
"col": 4,
"def": "To address with salutations or expressions of kind wishes; to salute; to hail; to welcome; to accost with friendship; to pay respects or compliments to, either personally or through the intervention of another, or by writing or token."
},
{
"w": "EGRET",
"v": false,
"row": 4,
"col": 0,
"def": "Any of various wading birds of the genera Egretta or Ardea that includes herons, many of which are white or buff, and several of which develop fine plumes during the breeding season."
},
{
"w": "REGENT",
"v": false,
"row": 1,
"col": 4,
"def": "One who rules in place of the monarch because the monarch is too young, absent, or disabled."
}
]
}