{
"id": 178,
"sub_category": "Rays Pack",
"category": "Sky Group",
"type": 0,
"letters": "ACCEHN",
"mov": 18,
"shovels": 1,
"coins": 5,
"rows": 15,
"cols": 15,
"c": 0,
"b": -1,
"w": 8,
"h": 6,
"dws": [
"NAE",
"HANCE",
"HAEN",
"ANE",
"CHA",
"CHE",
"NAH",
"HAE",
"NACH",
"EAN",
"HAN",
"CHACE",
"ANCE",
"ACE",
"CANEH",
"CECA",
"NACHE",
"ACH",
"ECH"
],
"ws": [
{
"w": "CAN",
"v": true,
"row": 1,
"col": 0,
"def": "To know how to; to be able to."
},
{
"w": "HEN",
"v": true,
"row": 0,
"col": 2,
"def": "Hence."
},
{
"w": "ACNE",
"v": false,
"row": 2,
"col": 0,
"def": "A skin condition, usually of the face, that is common in adolescents. It is characterised by red pimples, and is caused by the inflammation of sebaceous glands through bacterial infection."
},
{
"w": "CANE",
"v": true,
"row": 2,
"col": 7,
"def": "The slender, flexible main stem of a plant such as bamboo, including many species in the Grass family Gramineae."
},
{
"w": "EACH",
"v": true,
"row": 2,
"col": 3,
"def": "All; every; qualifying a singular noun, indicating all examples of the thing so named seen as individual or separate items (compare every)."
},
{
"w": "ACHE",
"v": false,
"row": 4,
"col": 2,
"def": "To suffer pain; to be the source of, or be in, pain, especially continued dull pain; to be distressed."
},
{
"w": "CACHE",
"v": true,
"row": 0,
"col": 5,
"def": "A store of things that may be required in the future, which can be retrieved rapidly, protected or hidden in some way."
},
{
"w": "CHANCE",
"v": false,
"row": 0,
"col": 1,
"def": "An opportunity or possibility."
}
]
}