{
"id": 1791,
"sub_category": "Above Packx",
"category": "Hills Group",
"type": 0,
"letters": "AELMRV",
"mov": 30,
"shovels": 1,
"coins": 5,
"rows": 15,
"cols": 15,
"c": 0,
"b": -1,
"w": 14,
"h": 12,
"dws": [
"REM",
"AVER",
"VERA",
"LARE",
"MAE",
"REAM",
"ALME",
"LEAM",
"LAV",
"AVEL",
"RAV",
"AVE",
"VELAR",
"MELA",
"LEV",
"RALE",
"LEA",
"VELA",
"REV",
"LAER",
"AME",
"MEL",
"LAMER",
"LEAR",
"ARLE",
"LEVA",
"VARE",
"MERL",
"LAR",
"MARL",
"VAR",
"VAE",
"LAVE",
"MAL",
"ELM",
"MARLE",
"MAERL",
"LAVER",
"ERM"
],
"ws": [
{
"w": "ALE",
"v": true,
"row": 4,
"col": 4,
"def": "An intoxicating liquor made from an infusion of malt by fermentation and the addition of a bitter, usually hops."
},
{
"w": "ARE",
"v": false,
"row": 6,
"col": 2,
"def": "Second-person singular simple present tense of be."
},
{
"w": "ARM",
"v": false,
"row": 4,
"col": 4,
"def": "The portion of the upper human appendage, from the shoulder to the wrist and sometimes including the hand."
},
{
"w": "EAR",
"v": false,
"row": 4,
"col": 0,
"def": "The organ of hearing, consisting of the pinna, auditory canal, eardrum, malleus, incus, stapes and cochlea."
},
{
"w": "ERA",
"v": true,
"row": 0,
"col": 4,
"def": "A time period of indeterminate length, generally more than one year."
},
{
"w": "MAR",
"v": true,
"row": 2,
"col": 5,
"def": "To spoil, to damage."
},
{
"w": "RAM",
"v": false,
"row": 2,
"col": 3,
"def": "A male sheep."
},
{
"w": "LAM",
"v": true,
"row": 0,
"col": 7,
"def": "Used in the expression on the lam to mean that a person is fleeing law enforcement, possibly in hiding."
},
{
"w": "EARL",
"v": false,
"row": 0,
"col": 4,
"def": "A British nobleman next in rank above a viscount and below a marquess; equivalent to a European count. A female using the style is termed a countess."
},
{
"w": "LAME",
"v": true,
"row": 2,
"col": 9,
"def": "Unable to walk properly because of a problem with one's feet or legs."
},
{
"w": "MALE",
"v": false,
"row": 2,
"col": 7,
"def": "Someone of male (masculine) gender:."
},
{
"w": "MARE",
"v": false,
"row": 4,
"col": 9,
"def": "An adult female horse."
},
{
"w": "MEAL",
"v": true,
"row": 3,
"col": 12,
"def": "Food that is prepared and eaten, usually at a specific time (e.g. breakfast = morning meal, lunch = noon meal, etc)."
},
{
"w": "REAL",
"v": true,
"row": 4,
"col": 2,
"def": "A commodity; see reality."
},
{
"w": "VEAL",
"v": true,
"row": 6,
"col": 10,
"def": "The flesh of a calf used for food."
},
{
"w": "RAVE",
"v": false,
"row": 7,
"col": 7,
"def": "An enthusiastic review (such as of a play)."
},
{
"w": "VALE",
"v": false,
"row": 6,
"col": 10,
"def": "Valley."
},
{
"w": "REALM",
"v": true,
"row": 7,
"col": 7,
"def": "An abstract sphere of influence, real or imagined."
},
{
"w": "RAVEL",
"v": false,
"row": 9,
"col": 6,
"def": "A snarl, complication."
},
{
"w": "MARVEL",
"v": true,
"row": 0,
"col": 0,
"def": "That which causes wonder; a prodigy; a miracle."
}
]
}