{
"id": 1795,
"sub_category": "Fall Packx",
"category": "Hills Group",
"type": 0,
"letters": "AEMSSU",
"mov": 22,
"shovels": 1,
"coins": 5,
"rows": 15,
"cols": 15,
"c": 0,
"b": -1,
"w": 10,
"h": 8,
"dws": [
"MUSS",
"ASS",
"SEAMS",
"MASES",
"MAE",
"MEU",
"MUS",
"SEAS",
"MUSES",
"MAS",
"SUMS",
"EAU",
"MASU",
"UMS",
"EAUS",
"MASS",
"SMA",
"AMUS",
"MASSE",
"EMS",
"EMUS",
"AME",
"MEUS",
"AMUSES",
"SAE",
"ESS",
"SAMES",
"SAU",
"SAM",
"MASUS",
"MAES",
"MESAS",
"USES",
"AMU",
"MES",
"EAS",
"AUE",
"SUS",
"SAMS",
"MASE",
"SUES"
],
"ws": [
{
"w": "SEA",
"v": true,
"row": 4,
"col": 5,
"def": "A large body of salty water. (Major seas are known as oceans.)."
},
{
"w": "SUE",
"v": false,
"row": 1,
"col": 7,
"def": "To follow."
},
{
"w": "SUM",
"v": false,
"row": 4,
"col": 5,
"def": "A quantity obtained by addition or aggregation."
},
{
"w": "USE",
"v": false,
"row": 5,
"col": 3,
"def": "The act of using."
},
{
"w": "EMU",
"v": true,
"row": 1,
"col": 9,
"def": "A large flightless bird native to Australia, Dromaius novaehollandiae."
},
{
"w": "MESS",
"v": false,
"row": 6,
"col": 0,
"def": "Mass; church service."
},
{
"w": "SAME",
"v": true,
"row": 4,
"col": 0,
"def": "Not different or other; not another or others; not different as regards self; selfsame; numerically identical."
},
{
"w": "SEAM",
"v": false,
"row": 4,
"col": 0,
"def": "A folded back and stitched piece of fabric; especially, the stitching that joins two or more pieces of fabric."
},
{
"w": "MUSE",
"v": true,
"row": 4,
"col": 3,
"def": "A source of inspiration."
},
{
"w": "MESA",
"v": true,
"row": 1,
"col": 2,
"def": "Flat area of land or plateau higher than other land, with one or more clifflike edges."
},
{
"w": "AMUSE",
"v": false,
"row": 1,
"col": 1,
"def": "To entertain or occupy in a pleasant manner; to stir with pleasing emotions."
},
{
"w": "ASSUME",
"v": true,
"row": 0,
"col": 7,
"def": "To authenticate by means of belief; to surmise; to suppose to be true, especially without proof."
}
]
}