{
"id": 1796,
"sub_category": "Fall Packx",
"category": "Hills Group",
"type": 0,
"letters": "CEFIKL",
"mov": 18,
"shovels": 1,
"coins": 5,
"rows": 15,
"cols": 15,
"c": 0,
"b": -1,
"w": 8,
"h": 8,
"dws": [
"FLIC",
"CIEL",
"KIF",
"ELK",
"LEI",
"LIE",
"CEIL",
"KIEF",
"LIEF",
"CLEF",
"CEL",
"FILK",
"FIKE",
"ELF",
"CLEIK",
"FIL",
"ICE",
"FECK",
"EIK",
"FICE",
"ICK",
"KEF",
"FIE",
"ICKLE",
"LEK",
"ILK"
],
"ws": [
{
"w": "FILE",
"v": true,
"row": 4,
"col": 4,
"def": "A collection of papers collated and archived together."
},
{
"w": "LICK",
"v": false,
"row": 2,
"col": 4,
"def": "To stroke with the tongue."
},
{
"w": "LIFE",
"v": false,
"row": 4,
"col": 2,
"def": "The state that follows birth, and precedes death; the state of being alive and living."
},
{
"w": "LIKE",
"v": true,
"row": 0,
"col": 7,
"def": "To please."
},
{
"w": "LICE",
"v": true,
"row": 1,
"col": 5,
"def": "Plural form of louse."
},
{
"w": "FLICK",
"v": true,
"row": 3,
"col": 2,
"def": "A short, quick movement, especially a brush, sweep, or flip."
},
{
"w": "FLECK",
"v": true,
"row": 0,
"col": 0,
"def": "A flake."
},
{
"w": "FICKLE",
"v": false,
"row": 6,
"col": 0,
"def": "Quick to change one's opinion or allegiance; insincere; not loyal or reliable."
}
]
}