{
"id": 1798,
"sub_category": "Fall Packx",
"category": "Hills Group",
"type": 0,
"letters": "BEELRT",
"mov": 18,
"shovels": 1,
"coins": 5,
"rows": 15,
"cols": 15,
"c": 0,
"b": -1,
"w": 8,
"h": 8,
"dws": [
"RET",
"EEL",
"ERE",
"BEL",
"BELTER",
"TEE",
"ELT",
"BREE",
"RETE",
"BLET",
"BEE",
"BETE",
"TEL",
"TELE",
"TEEL",
"RELET",
"BETEL",
"LEE",
"TREE",
"BERE",
"REE",
"REB",
"LEET",
"BET",
"LET",
"TEER",
"LERE",
"BLEE"
],
"ws": [
{
"w": "BEER",
"v": false,
"row": 2,
"col": 4,
"def": "An alcoholic drink fermented from starch material commonly barley malt, often with hops or some other substance to impart a bitter flavor."
},
{
"w": "BELT",
"v": false,
"row": 4,
"col": 2,
"def": "A band worn around the waist to hold clothing to one's body (usually pants), hold weapons (such as a gun or sword), or serve as a decorative piece of clothing."
},
{
"w": "REEL",
"v": true,
"row": 2,
"col": 7,
"def": "A lively dance of the Highlanders of Scotland; also, the music to the dance; -- often called Scotch reel."
},
{
"w": "LEER",
"v": true,
"row": 4,
"col": 4,
"def": "A significant side glance; a glance expressive of some passion, as malignity, amorousness, etc.; a sly or lecherous look."
},
{
"w": "BEET",
"v": true,
"row": 1,
"col": 5,
"def": "Beta vulgaris, a plant with a swollen root which is eaten or used to make sugar."
},
{
"w": "REBEL",
"v": false,
"row": 6,
"col": 1,
"def": "A person who resists an established authority, often violently."
},
{
"w": "BERET",
"v": true,
"row": 0,
"col": 0,
"def": "A type of round, brimless cap with a soft top and a headband to secure it to the head; usually culturally associated with France."
},
{
"w": "TREBLE",
"v": true,
"row": 1,
"col": 2,
"def": "Threefold, triple."
}
]
}