{
"id": 18,
"sub_category": "Pine Pack",
"category": "Forest Group",
"type": 0,
"letters": "ABDLN",
"mov": 18,
"shovels": 1,
"coins": 5,
"rows": 15,
"cols": 15,
"c": 0,
"b": -1,
"w": 7,
"h": 6,
"dws": [
"BLAD",
"LAD",
"DAB",
"BAL",
"DNA",
"DAN",
"DAL",
"AND",
"ALB"
],
"ws": [
{
"w": "BAD",
"v": false,
"row": 5,
"col": 4,
"def": "Not good; unfavorable; negative."
},
{
"w": "BAN",
"v": false,
"row": 3,
"col": 0,
"def": "To summon; call out."
},
{
"w": "LAB",
"v": true,
"row": 1,
"col": 0,
"def": "A laboratory."
},
{
"w": "NAB",
"v": false,
"row": 2,
"col": 4,
"def": "To seize, arrest or take into custody a criminal or fugitive."
},
{
"w": "BALD",
"v": false,
"row": 0,
"col": 2,
"def": "Having no hair, fur or feathers."
},
{
"w": "BAND",
"v": true,
"row": 2,
"col": 6,
"def": "A strip of material wrapped around things to hold them together."
},
{
"w": "LAND",
"v": true,
"row": 0,
"col": 4,
"def": "The part of Earth which is not covered by oceans or other bodies of water."
},
{
"w": "BLAND",
"v": true,
"row": 0,
"col": 2,
"def": "To mix; blend; mingle."
}
]
}