{
"id": 180,
"sub_category": "Rays Pack",
"category": "Sky Group",
"type": 0,
"letters": "DHORSU",
"mov": 22,
"shovels": 1,
"coins": 5,
"rows": 15,
"cols": 15,
"c": 0,
"b": -1,
"w": 9,
"h": 9,
"dws": [
"SURD",
"URD",
"HORS",
"RHOS",
"URDS",
"DURO",
"DOHS",
"HURDS",
"DOS",
"SOH",
"HOUR",
"RHUS",
"ODS",
"OUS",
"UDS",
"DUOS",
"DOR",
"OUDS",
"HOD",
"SORD",
"RHO",
"DORS",
"OUD",
"OHS",
"DOSH",
"SUDOR",
"HOS",
"DOH",
"HUSO",
"SHOD",
"UDO",
"ORD",
"SOU",
"HODS",
"SHO",
"ORS",
"RUD",
"UDOS",
"DUSH",
"DUROS",
"SUD",
"RUDS",
"DSO",
"ORDS"
],
"ws": [
{
"w": "DUH",
"v": false,
"row": 3,
"col": 2,
"def": "Disdainful indication that something is obvious."
},
{
"w": "DUO",
"v": true,
"row": 3,
"col": 2,
"def": "A twosome, especially musicians."
},
{
"w": "OUR",
"v": true,
"row": 4,
"col": 7,
"def": "Belonging to us."
},
{
"w": "ROD",
"v": false,
"row": 0,
"col": 4,
"def": "A straight, round stick, shaft, bar, cane, or staff."
},
{
"w": "SOD",
"v": true,
"row": 6,
"col": 8,
"def": "That stratum of the surface of the soil which is filled with the roots of grass, or any portion of that surface; turf; sward."
},
{
"w": "OURS",
"v": false,
"row": 6,
"col": 5,
"def": "That which belongs to us; the possessive case of we, used without a following noun."
},
{
"w": "RODS",
"v": true,
"row": 0,
"col": 0,
"def": "Plural form of rod."
},
{
"w": "SOUR",
"v": true,
"row": 5,
"col": 5,
"def": "Having an acidic, sharp or tangy taste."
},
{
"w": "DOUR",
"v": true,
"row": 0,
"col": 6,
"def": "Stern, harsh and forbidding."
},
{
"w": "HOURS",
"v": false,
"row": 5,
"col": 1,
"def": "Plural form of hour."
},
{
"w": "SHROUD",
"v": false,
"row": 8,
"col": 3,
"def": "That which clothes, covers, conceals, or protects; a garment."
},
{
"w": "RUSH",
"v": true,
"row": 0,
"col": 4,
"def": "Any of several stiff aquatic or marsh plants of the genus Juncus, having hollow or pithy stems and small flowers."
}
]
}