{
"id": 1800,
"sub_category": "Fall Packx",
"category": "Hills Group",
"type": 0,
"letters": "ABELSU",
"mov": 24,
"shovels": 1,
"coins": 5,
"rows": 15,
"cols": 15,
"c": 0,
"b": -1,
"w": 11,
"h": 10,
"dws": [
"SUBA",
"SAL",
"BLAE",
"ALUS",
"LES",
"LUES",
"SLUB",
"SLEB",
"BALUS",
"BALES",
"SLAE",
"SUB",
"SLUE",
"BEL",
"BEAL",
"LAB",
"ULES",
"EAU",
"SUABLE",
"BEALS",
"SEL",
"EAUS",
"ALE",
"BES",
"BEAUS",
"BALS",
"ABLES",
"LEA",
"BLAES",
"BALU",
"SUE",
"LASE",
"SAUL",
"LUBES",
"LAS",
"SAE",
"BLUES",
"SAU",
"BUS",
"ELS",
"ALB",
"LEAS",
"ULE",
"ALS",
"BAEL",
"LEU",
"SABE",
"BAELS",
"ALU",
"BULSE",
"ALBE",
"SALUE",
"BAL",
"ABUSE",
"ALBS",
"EAS",
"SEA",
"AUE",
"USE",
"SAB",
"ABS",
"BELS",
"BAS"
],
"ws": [
{
"w": "ABLE",
"v": true,
"row": 6,
"col": 3,
"def": "A word that is used in place of the letter \"A\" during communication."
},
{
"w": "ALES",
"v": false,
"row": 5,
"col": 5,
"def": "Plural form of ale."
},
{
"w": "BASE",
"v": true,
"row": 3,
"col": 2,
"def": "Something from which other things extend; a foundation."
},
{
"w": "BLUE",
"v": false,
"row": 3,
"col": 2,
"def": "Having a bluish colour shade."
},
{
"w": "LABS",
"v": false,
"row": 1,
"col": 4,
"def": "Plural form of lab."
},
{
"w": "SALE",
"v": true,
"row": 5,
"col": 8,
"def": "An exchange of goods or services for currency or credit."
},
{
"w": "SEAL",
"v": false,
"row": 6,
"col": 1,
"def": "A pinniped, particularly an earless seal (true seal) or eared seal."
},
{
"w": "SLAB",
"v": true,
"row": 1,
"col": 9,
"def": "Mud, sludge."
},
{
"w": "LUBE",
"v": true,
"row": 5,
"col": 6,
"def": "Lubricant."
},
{
"w": "BALE",
"v": true,
"row": 0,
"col": 5,
"def": "Evil, especially considered as an active force for destruction or death."
},
{
"w": "BEAU",
"v": false,
"row": 3,
"col": 7,
"def": "A man with a reputation for fine dress and etiquette; a dandy or fop."
},
{
"w": "BLASE",
"v": false,
"row": 8,
"col": 2,
"def": "Unimpressed with something because of over-familiarity."
},
{
"w": "SABLE",
"v": true,
"row": 0,
"col": 0,
"def": "A small carnivorous mammal of the Old World that resembles a weasel, Mustela zibellina, from cold regions in Eurasia and the North Pacific islands, valued for its dark brown fur."
},
{
"w": "USABLE",
"v": true,
"row": 0,
"col": 7,
"def": "Capable of being used."
}
]
}