{
"id": 1805,
"sub_category": "Fall Packx",
"category": "Hills Group",
"type": 0,
"letters": "CEIMNO",
"mov": 24,
"shovels": 1,
"coins": 5,
"rows": 15,
"cols": 15,
"c": 0,
"b": -1,
"w": 10,
"h": 9,
"dws": [
"EMO",
"CION",
"NOME",
"NICE",
"EON",
"ECO",
"EONIC",
"ION",
"CONI",
"COM",
"MOE",
"MIEN",
"MEIN",
"NIM",
"MOI",
"MIC",
"ONIE",
"MOC",
"EMIC",
"NIE",
"MON",
"NOMIC",
"CINE",
"MICO",
"MONIE",
"MONIC",
"NOM",
"MENO",
"MINO"
],
"ws": [
{
"w": "CON",
"v": true,
"row": 2,
"col": 2,
"def": "To study, especially in order to gain knowledge of."
},
{
"w": "ICE",
"v": true,
"row": 0,
"col": 7,
"def": "Water in frozen (solid) form."
},
{
"w": "MEN",
"v": false,
"row": 4,
"col": 0,
"def": "Plural form of man."
},
{
"w": "ONE",
"v": false,
"row": 2,
"col": 5,
"def": "A numerical value equal to 1; the first number in the set of natural numbers (especially in number theory); the cardinality of the smallest nonempty set. Ordinal: first."
},
{
"w": "COIN",
"v": false,
"row": 6,
"col": 0,
"def": "A piece of currency, usually metallic and in the shape of a disc, but sometimes polygonal, or with a hole in the middle."
},
{
"w": "COME",
"v": false,
"row": 0,
"col": 0,
"def": "To move from further away to nearer to."
},
{
"w": "CONE",
"v": false,
"row": 7,
"col": 3,
"def": "A surface of revolution formed by rotating a segment of a line around another line that intersects the first line."
},
{
"w": "ICON",
"v": true,
"row": 0,
"col": 5,
"def": "An image, symbol, picture, or other representation usually as an object of religious devotion."
},
{
"w": "MICE",
"v": true,
"row": 4,
"col": 0,
"def": "Plural form of mouse."
},
{
"w": "MINE",
"v": true,
"row": 5,
"col": 5,
"def": "Non-premodifying possessive case of I. My; belonging to me; that which belongs to me."
},
{
"w": "ONCE",
"v": true,
"row": 5,
"col": 3,
"def": "One and only one time."
},
{
"w": "OMEN",
"v": false,
"row": 3,
"col": 2,
"def": "Something which portends or is perceived to portend a good or evil event or circumstance in the future; an augury or foreboding."
},
{
"w": "MINCE",
"v": false,
"row": 5,
"col": 5,
"def": "Finely chopped meat."
},
{
"w": "INCOME",
"v": true,
"row": 0,
"col": 9,
"def": "A coming in; arrival; entrance; introduction."
}
]
}