{
"id": 181,
"sub_category": "Rays Pack",
"category": "Sky Group",
"type": 0,
"letters": "NOOPRT",
"mov": 22,
"shovels": 1,
"coins": 5,
"rows": 15,
"cols": 15,
"c": 0,
"b": -1,
"w": 11,
"h": 8,
"dws": [
"PROO",
"ROT",
"OOP",
"PONT",
"TORO",
"OOR",
"NOO",
"TRON",
"POOT",
"TOR",
"POON",
"PORNO",
"ONO",
"OOT",
"OON",
"TOON",
"PROTO",
"TROP",
"PORN",
"PRONTO",
"ROTO",
"TOPO",
"NOR",
"NOOP",
"ROTON",
"ROO",
"TON",
"OONT",
"OPT",
"ROON",
"ORT",
"POO",
"ROOP",
"RONT"
],
"ws": [
{
"w": "NOT",
"v": true,
"row": 0,
"col": 9,
"def": "Negates the meaning of the modified verb."
},
{
"w": "POT",
"v": true,
"row": 0,
"col": 4,
"def": "A vessel used for cooking or storing food."
},
{
"w": "PRO",
"v": false,
"row": 1,
"col": 2,
"def": "An advantage of something, especially when contrasted with its disadvantages (cons)."
},
{
"w": "TOO",
"v": true,
"row": 4,
"col": 5,
"def": "Likewise."
},
{
"w": "TOP",
"v": false,
"row": 4,
"col": 5,
"def": "That part of an object furthest away in the opposite direction from that in which an unsupported object would fall."
},
{
"w": "ONTO",
"v": false,
"row": 2,
"col": 7,
"def": "Upon; on top of."
},
{
"w": "POOR",
"v": true,
"row": 1,
"col": 2,
"def": "With little or no possessions or money."
},
{
"w": "PORT",
"v": false,
"row": 4,
"col": 0,
"def": "A place on the coast at which ships can shelter, or dock to load and unload cargo or passengers."
},
{
"w": "ROOT",
"v": false,
"row": 6,
"col": 3,
"def": "The part of a plant, generally underground, that absorbs water and nutrients."
},
{
"w": "TORN",
"v": true,
"row": 4,
"col": 3,
"def": "Past participle of tear (rip, rend, speed)."
},
{
"w": "TROOP",
"v": true,
"row": 0,
"col": 7,
"def": "A collection of people; a company; a number; a multitude."
},
{
"w": "PROTON",
"v": false,
"row": 0,
"col": 4,
"def": "Positively charged subatomic particle forming part of the nucleus of an atom and determining the atomic number of an element; the nucleus of the most common isotope of hydrogen; composed of two up quarks and a down quark."
}
]
}