{
"id": 1813,
"sub_category": "Below Packx",
"category": "Hills Group",
"type": 0,
"letters": "CIPRST",
"mov": 20,
"shovels": 1,
"coins": 5,
"rows": 15,
"cols": 15,
"c": 0,
"b": -1,
"w": 9,
"h": 9,
"dws": [
"CITS",
"RIT",
"SIC",
"RISP",
"RIP",
"PIT",
"SCRIP",
"CIST",
"PSI",
"TIC",
"CRIT",
"PIS",
"PIRS",
"TIS",
"SPRIT",
"CRIPS",
"TRIPS",
"SIP",
"CIT",
"CRIP",
"SPIRT",
"SIR",
"STIR",
"CIS",
"SPIC",
"PST",
"STIRP",
"CRIS",
"SRI",
"TIP",
"PIR",
"CRITS",
"RIPT",
"ITS",
"SIT",
"PIC",
"RITS"
],
"ws": [
{
"w": "PITS",
"v": false,
"row": 5,
"col": 0,
"def": "Plural form of pit."
},
{
"w": "RIPS",
"v": false,
"row": 6,
"col": 5,
"def": "Plural form of rip."
},
{
"w": "SPIT",
"v": true,
"row": 5,
"col": 3,
"def": "A rod on which meat is grilled (UK English) or broiled (US English)."
},
{
"w": "TICS",
"v": true,
"row": 3,
"col": 8,
"def": "Plural form of tic."
},
{
"w": "TIPS",
"v": true,
"row": 3,
"col": 0,
"def": "Plural form of tip."
},
{
"w": "TRIP",
"v": false,
"row": 3,
"col": 0,
"def": "A journey."
},
{
"w": "PICS",
"v": false,
"row": 1,
"col": 0,
"def": "Plural form of pic."
},
{
"w": "CRISP",
"v": true,
"row": 4,
"col": 6,
"def": "Sharp, clearly defined."
},
{
"w": "STRIP",
"v": false,
"row": 8,
"col": 2,
"def": "Material in long, thin pieces."
},
{
"w": "SCRIPT",
"v": true,
"row": 0,
"col": 2,
"def": "(obsolete) A writing; a written document."
}
]
}