{
"id": 1819,
"sub_category": "Below Packx",
"category": "Hills Group",
"type": 0,
"letters": "DEELST",
"mov": 20,
"shovels": 1,
"coins": 5,
"rows": 15,
"cols": 15,
"c": 0,
"b": -1,
"w": 9,
"h": 9,
"dws": [
"LEED",
"EEL",
"LES",
"SED",
"DEES",
"STEED",
"TEE",
"SLEE",
"ELT",
"DELTS",
"SELE",
"TEED",
"TEELS",
"SEL",
"DELS",
"TEL",
"TELE",
"STED",
"DEE",
"TEDS",
"TEEL",
"EST",
"ESE",
"ELD",
"ELTS",
"LSD",
"LEES",
"TES",
"LEE",
"LEETS",
"TELS",
"ELS",
"STEE",
"DELES",
"LED",
"TED",
"DELT",
"DEET",
"SET",
"LEDES",
"SELD",
"LET",
"LEET",
"SEEL",
"TELES",
"LEDE",
"DEETS",
"EDS",
"ELDS",
"STELE",
"DELE",
"TELD",
"SEE",
"DEL"
],
"ws": [
{
"w": "ELSE",
"v": false,
"row": 1,
"col": 0,
"def": "Other; in addition to previously mentioned items."
},
{
"w": "LETS",
"v": true,
"row": 1,
"col": 1,
"def": "Plural form of let."
},
{
"w": "SEED",
"v": true,
"row": 2,
"col": 7,
"def": "A fertilized grain, initially encased in a fruit, which may grow into a mature plant."
},
{
"w": "SLED",
"v": false,
"row": 4,
"col": 5,
"def": "A small, light vehicle with runners, used, mostly by young persons, for sliding on snow or ice. (A \"sled\" in this sense is not pulled by an animal as a \"sleigh\" is.)."
},
{
"w": "TEES",
"v": true,
"row": 0,
"col": 3,
"def": "Plural form of tee."
},
{
"w": "LEST",
"v": false,
"row": 5,
"col": 2,
"def": "For fear that; that . . . not; in order that . . . not; in case."
},
{
"w": "EELS",
"v": true,
"row": 5,
"col": 3,
"def": "Plural form of eel."
},
{
"w": "STEEL",
"v": true,
"row": 4,
"col": 5,
"def": "A metal alloy of mostly iron plus carbon, harder than pure elemental iron but malleable when hot."
},
{
"w": "SLEET",
"v": false,
"row": 7,
"col": 2,
"def": "A mixture of rain and snow."
},
{
"w": "ELDEST",
"v": false,
"row": 2,
"col": 3,
"def": "Superlative form of old: most old.; greatest in age or seniority."
}
]
}