{
"id": 183,
"sub_category": "Rays Pack",
"category": "Sky Group",
"type": 0,
"letters": "BBEGLO",
"mov": 16,
"shovels": 1,
"coins": 5,
"rows": 15,
"cols": 15,
"c": 0,
"b": -1,
"w": 6,
"h": 6,
"dws": [
"BEL",
"EBB",
"OLE",
"EGO",
"GOEL",
"LOB",
"BEG",
"BOG",
"OGLE",
"LOGE",
"LOG",
"GOE",
"OBE",
"BOLE",
"BEGO",
"GEL",
"GOB",
"GEO",
"LEG",
"BLEB",
"GOLE",
"BOB",
"BOGLE"
],
"ws": [
{
"w": "BLOG",
"v": true,
"row": 2,
"col": 3,
"def": "A website that allows users to reflect, share opinions, and discuss various topics in the form of an online journal while readers may comment on posts. Most blogs are written in a slightly informal tone (personal journals, news, businesses, etc.) Entries typically appear in reverse chronological order."
},
{
"w": "LOBE",
"v": false,
"row": 4,
"col": 2,
"def": "Any projection or division, especially one of a somewhat rounded form."
},
{
"w": "GLOB",
"v": false,
"row": 0,
"col": 0,
"def": "A round, shapeless or amorphous lump, as of a semisolid substance."
},
{
"w": "BLOB",
"v": false,
"row": 2,
"col": 0,
"def": "A shapeless or amorphous mass; a vague shape or amount, especially of a liquid or semisolid substance; a clump, group or collection that lacks definite shape."
},
{
"w": "GLOBE",
"v": true,
"row": 0,
"col": 5,
"def": "Any spherical object."
},
{
"w": "GOBBLE",
"v": true,
"row": 0,
"col": 0,
"def": "To make the sound of a turkey."
}
]
}