{
"id": 1834,
"sub_category": "Arrive Packx",
"category": "Hills Group",
"type": 0,
"letters": "BDEGIR",
"mov": 22,
"shovels": 1,
"coins": 5,
"rows": 15,
"cols": 15,
"c": 0,
"b": -1,
"w": 11,
"h": 10,
"dws": [
"RED",
"GIE",
"DIE",
"BIDER",
"GIB",
"BED",
"REG",
"BREI",
"REI",
"RID",
"GIBER",
"DIG",
"ERG",
"GIED",
"DREG",
"BEG",
"GED",
"REBID",
"GRIDE",
"DEI",
"RIB",
"RIG",
"DRIB",
"IDE",
"BERG",
"GIBE",
"BIER",
"BIG",
"DIB",
"GIRD",
"DIEB",
"GID",
"BEGIRD",
"GIBED",
"BID",
"IRED",
"REB",
"DEB",
"GER",
"DEG",
"IRE"
],
"ws": [
{
"w": "BIRD",
"v": true,
"row": 4,
"col": 1,
"def": "A member of the class of animals Aves in the phylum Chordata, characterized by being warm-blooded, having feathers and wings usually capable of flight, and laying eggs."
},
{
"w": "BRED",
"v": false,
"row": 2,
"col": 3,
"def": "Simple past tense and past participle of breed."
},
{
"w": "BRIG",
"v": false,
"row": 6,
"col": 0,
"def": "A two-masted vessel, square-rigged on both foremast and mainmast."
},
{
"w": "DIRE",
"v": false,
"row": 9,
"col": 3,
"def": "Ill-boding; portentous."
},
{
"w": "GRID",
"v": true,
"row": 6,
"col": 3,
"def": "A rectangular array of squares or rectangles of equal size, such as in a crossword puzzle."
},
{
"w": "RIDE",
"v": true,
"row": 6,
"col": 6,
"def": "To play defense on the defensemen or midfielders, as an attackman."
},
{
"w": "BIDE",
"v": false,
"row": 7,
"col": 5,
"def": "(chiefly dialectal) To bear; to endure; to tolerate."
},
{
"w": "BRIE",
"v": false,
"row": 5,
"col": 7,
"def": "A variety of soft, mild French cheese made from cow's milk."
},
{
"w": "BRIDE",
"v": true,
"row": 1,
"col": 4,
"def": "A woman who is going to marry or who has just been married."
},
{
"w": "RIDGE",
"v": true,
"row": 0,
"col": 6,
"def": "The back of any animal; especially the upper or projecting part of the back of a quadruped."
},
{
"w": "DIRGE",
"v": true,
"row": 3,
"col": 8,
"def": "A mournful poem or piece of music composed or performed as a memorial to a dead person."
},
{
"w": "BRIDGE",
"v": false,
"row": 4,
"col": 1,
"def": "A construction or natural feature that spans a divide."
}
]
}