{
"id": 1835,
"sub_category": "Arrive Packx",
"category": "Hills Group",
"type": 0,
"letters": "AFILRY",
"mov": 28,
"shovels": 1,
"coins": 5,
"rows": 15,
"cols": 15,
"c": 0,
"b": -1,
"w": 13,
"h": 12,
"dws": [
"RAI",
"YAR",
"LAIRY",
"FILAR",
"ALF",
"RYA",
"FIAR",
"ARY",
"RIA",
"RIF",
"ARIL",
"FLIR",
"ARYL",
"ARF",
"LIRA",
"ALIF",
"FILA",
"RIAL",
"RIYAL",
"FIL",
"FAY",
"LAR",
"LYRA",
"RYAL",
"LARI",
"FARL",
"FAIRY",
"AIRY",
"FRA"
],
"ws": [
{
"w": "AIR",
"v": true,
"row": 2,
"col": 11,
"def": "The atmospheric substance above the surface of the earth which animals breathe, formerly considered to be a single substance, one of the four basic elements of ancient philosophy and one of the five basic elements of Eastern traditions."
},
{
"w": "FAR",
"v": false,
"row": 4,
"col": 9,
"def": "Remote in space."
},
{
"w": "FIR",
"v": true,
"row": 4,
"col": 9,
"def": "A conifer of the genus Abies."
},
{
"w": "FLY",
"v": true,
"row": 0,
"col": 8,
"def": "Any insect of the order Diptera; characterized by having two wings, also called true flies."
},
{
"w": "FRY",
"v": false,
"row": 6,
"col": 8,
"def": "To cook (something) in hot fat."
},
{
"w": "LAY",
"v": false,
"row": 2,
"col": 10,
"def": "To place down in a position of rest, or in a horizontal position."
},
{
"w": "RAY",
"v": false,
"row": 11,
"col": 4,
"def": "A beam of light or radiation."
},
{
"w": "AIL",
"v": true,
"row": 0,
"col": 10,
"def": "Painful; troublesome."
},
{
"w": "FAIL",
"v": true,
"row": 6,
"col": 8,
"def": "To be unsuccessful."
},
{
"w": "FAIR",
"v": false,
"row": 8,
"col": 6,
"def": "Beautiful, of a pleasing appearance, with a pure and fresh quality."
},
{
"w": "FRAY",
"v": true,
"row": 8,
"col": 6,
"def": "Affray; broil; contest; combat; brawl; melee."
},
{
"w": "LIAR",
"v": true,
"row": 8,
"col": 4,
"def": "One who tells lies."
},
{
"w": "RAIL",
"v": false,
"row": 8,
"col": 1,
"def": "A horizontal bar extending between supports and used for support or as a barrier; a railing."
},
{
"w": "LAIR",
"v": true,
"row": 5,
"col": 1,
"def": "A place inhabited by a wild animal, often a cave or a hole in the ground."
},
{
"w": "FLAY",
"v": false,
"row": 0,
"col": 8,
"def": "To cause to fly; put to flight; drive off (by frightening)."
},
{
"w": "FLAIR",
"v": false,
"row": 5,
"col": 0,
"def": "A natural or innate talent or aptitude; a knack."
},
{
"w": "FRAIL",
"v": true,
"row": 2,
"col": 3,
"def": "Easily broken; mentally or physically fragile; not firm or durable; liable to fail and perish; easily destroyed; not tenacious of life; weak; infirm."
},
{
"w": "FAIRLY",
"v": false,
"row": 2,
"col": 3,
"def": "In a fair manner; clearly; openly; plainly; fully; distinctly; frankly."
}
]
}