{
"id": 1837,
"sub_category": "Arrive Packx",
"category": "Hills Group",
"type": 0,
"letters": "ACISTT",
"mov": 18,
"shovels": 1,
"coins": 5,
"rows": 15,
"cols": 15,
"c": 0,
"b": -1,
"w": 8,
"h": 7,
"dws": [
"AITS",
"CITS",
"SIC",
"AIT",
"TATS",
"CIST",
"TIC",
"SAI",
"TAT",
"ACT",
"TIS",
"ASCI",
"AIS",
"TAI",
"ATTICS",
"ITA",
"TIT",
"TICS",
"SCAT",
"CAT",
"ATT",
"CIT",
"TAIT",
"SAT",
"CIS",
"TAIS",
"SATI",
"TAS",
"TAITS",
"SAC",
"ATS",
"SAIC",
"TITS",
"ITS",
"SIT",
"SCATT",
"ITAS",
"TACTS"
],
"ws": [
{
"w": "ACTS",
"v": false,
"row": 3,
"col": 0,
"def": "Plural form of act."
},
{
"w": "CAST",
"v": true,
"row": 1,
"col": 7,
"def": "To perform, bring forth (a magical spell or enchantment)."
},
{
"w": "CATS",
"v": true,
"row": 0,
"col": 3,
"def": "Plural form of cat."
},
{
"w": "STAT",
"v": false,
"row": 4,
"col": 4,
"def": "Immediately, now (usually used in medical situations, to connote extreme urgency)."
},
{
"w": "TACT",
"v": true,
"row": 1,
"col": 5,
"def": "The sense of touch; feeling."
},
{
"w": "ATTIC",
"v": false,
"row": 1,
"col": 3,
"def": "The space, often unfinished and with sloped walls, directly below the roof in the uppermost part of a house or other building, generally used for storage or habitation."
},
{
"w": "TACIT",
"v": false,
"row": 6,
"col": 2,
"def": "Done or made in silence; implied, but not expressed; silent; as, tacit consent is consent by silence, or by not interposing an objection."
},
{
"w": "STATIC",
"v": true,
"row": 1,
"col": 0,
"def": "Unable to change."
}
]
}