{
"id": 1843,
"sub_category": "Ray Packx",
"category": "Mist Group",
"type": 0,
"letters": "BEILMO",
"mov": 18,
"shovels": 1,
"coins": 5,
"rows": 15,
"cols": 15,
"c": 0,
"b": -1,
"w": 9,
"h": 7,
"dws": [
"EMBOLI",
"EMO",
"BEMOIL",
"BILE",
"BIOME",
"BIO",
"MOLE",
"OBELI",
"MIB",
"LEI",
"LIE",
"LOBI",
"BEL",
"MILO",
"MOBE",
"MOB",
"OLE",
"MOE",
"OLM",
"BOI",
"LOB",
"MOIL",
"MOI",
"MEL",
"OBE",
"BOLE",
"MOL",
"MIL",
"OBI",
"LIB",
"MOBLE",
"LOME",
"EMBOIL",
"OIL",
"ELM"
],
"ws": [
{
"w": "BOIL",
"v": false,
"row": 3,
"col": 0,
"def": "A localized accumulation of pus in the skin, resulting from infection."
},
{
"w": "LIMB",
"v": true,
"row": 0,
"col": 0,
"def": "A major appendage of human or animal, used for locomotion (such as an arm, leg or wing)."
},
{
"w": "LIME",
"v": true,
"row": 2,
"col": 5,
"def": "A general term for inorganic materials containing calcium, usually calcium oxide or calcium hydroxide; quicklime."
},
{
"w": "LOBE",
"v": true,
"row": 1,
"col": 8,
"def": "Any projection or division, especially one of a somewhat rounded form."
},
{
"w": "MILE",
"v": false,
"row": 4,
"col": 5,
"def": "A Roman unit of measure equal to 1000 (double) steps (mille passus or mille passuum) or 5000 Roman feet (approx. 1480m)."
},
{
"w": "LIMO",
"v": false,
"row": 2,
"col": 5,
"def": "A limousine."
},
{
"w": "LIMBO",
"v": true,
"row": 2,
"col": 2,
"def": "The place where innocent souls exist temporarily until they can enter heaven, notably those of the saints who died before the advent of Christ (limbus patruum) and those of unbaptized but innocent children (limbus infantum)."
},
{
"w": "MOBILE",
"v": false,
"row": 5,
"col": 0,
"def": "Capable of being moved."
}
]
}