{
"id": 1863,
"sub_category": "Azure Packx",
"category": "Mist Group",
"type": 0,
"letters": "ABCHOR",
"mov": 20,
"shovels": 1,
"coins": 5,
"rows": 15,
"cols": 15,
"c": 0,
"b": -1,
"w": 10,
"h": 9,
"dws": [
"BACH",
"ROB",
"BAR",
"CAR",
"HORA",
"ARCO",
"OCA",
"OBA",
"CARBO",
"COARB",
"CHA",
"ARC",
"BROCH",
"HOC",
"CAB",
"ORB",
"CAROB",
"BAH",
"ORC",
"ORACH",
"CHAO",
"ORA",
"RHO",
"BOR",
"COB",
"BOA",
"BRO",
"RACH",
"BORA",
"ABO",
"HOAR",
"BOH",
"ACRO",
"BRACH",
"RAH",
"ARB",
"HOB",
"COR",
"ROCH",
"BRA",
"HARO",
"BAC",
"ACH",
"HOA",
"OCH",
"OAR",
"ROC",
"HAO"
],
"ws": [
{
"w": "ARCH",
"v": false,
"row": 4,
"col": 5,
"def": "An inverted U shape."
},
{
"w": "BOAR",
"v": true,
"row": 0,
"col": 4,
"def": "A wild boar (Sus scrofa), the wild ancestor of the domesticated pig."
},
{
"w": "CRAB",
"v": true,
"row": 0,
"col": 1,
"def": "A crustacean of the infraorder Brachyura, having five pairs of legs, the foremost of which are in the form of claws, and a carapace."
},
{
"w": "CARB",
"v": false,
"row": 0,
"col": 1,
"def": "Short for carbohydrate."
},
{
"w": "CHAR",
"v": true,
"row": 1,
"col": 6,
"def": "A time; a turn or occasion."
},
{
"w": "ORCA",
"v": false,
"row": 1,
"col": 4,
"def": "A sea mammal (scientific name: Orcinus orca) related to dolphins and porpoises, commonly called the killer whale."
},
{
"w": "COBRA",
"v": true,
"row": 4,
"col": 7,
"def": "Any of various venomous snakes of the family Elapidae."
},
{
"w": "ROACH",
"v": false,
"row": 8,
"col": 5,
"def": "A small freshwater fish in the carp family (Cyprinidae), Rutilus rutilus."
},
{
"w": "ABHOR",
"v": true,
"row": 4,
"col": 5,
"def": "To turn aside or avoid; to keep away from; to reject."
},
{
"w": "BROACH",
"v": false,
"row": 6,
"col": 0,
"def": "A series of chisel points mounted on one piece of steel."
}
]
}