{
"id": 1865,
"sub_category": "Azure Packx",
"category": "Mist Group",
"type": 0,
"letters": "DELMOY",
"mov": 20,
"shovels": 1,
"coins": 5,
"rows": 15,
"cols": 15,
"c": 0,
"b": -1,
"w": 9,
"h": 8,
"dws": [
"OLDE",
"EMO",
"YOM",
"LEY",
"YOD",
"YLEM",
"YOLD",
"MOY",
"DEY",
"EMYD",
"MOLDY",
"ODYLE",
"MOYLE",
"LYME",
"LYM",
"ODYL",
"MOE",
"OLE",
"OLM",
"OYE",
"MOYL",
"DOE",
"MOD",
"MED",
"OLDY",
"DOL",
"DEMY",
"YODEL",
"DYE",
"YODLE",
"ELD",
"YELM",
"ELMY",
"LOD",
"MEL",
"MOL",
"OLD",
"DELO",
"LOY",
"YODE",
"YELD",
"LED",
"MOLY",
"DOMY",
"DOY",
"ODE",
"LYE",
"DOM",
"LOME",
"ELM",
"DEL"
],
"ws": [
{
"w": "DEMO",
"v": false,
"row": 3,
"col": 5,
"def": "A brief demonstration or visual explanation."
},
{
"w": "DOME",
"v": false,
"row": 6,
"col": 0,
"def": "A common structural element of architecture that resembles the hollow upper half of a sphere, a cupola."
},
{
"w": "MODE",
"v": true,
"row": 0,
"col": 6,
"def": "One of several ancient scales, one of which corresponds to the modern major scale and one to the natural minor scale."
},
{
"w": "MOLD",
"v": true,
"row": 1,
"col": 1,
"def": "A hollow form or matrix for shaping a fluid or plastic substance."
},
{
"w": "MOLE",
"v": false,
"row": 2,
"col": 0,
"def": "A pigmented spot on the skin, a naevus, slightly raised, and sometimes hairy."
},
{
"w": "LODE",
"v": false,
"row": 5,
"col": 5,
"def": "A way or path; a road."
},
{
"w": "MELD",
"v": true,
"row": 1,
"col": 3,
"def": "To combine two similar objects into one."
},
{
"w": "DOLE",
"v": true,
"row": 3,
"col": 5,
"def": "To distribute in small amounts; to share out small portions of a meager resource."
},
{
"w": "MODEL",
"v": true,
"row": 3,
"col": 7,
"def": "A person who serves as a subject for artwork or fashion, usually in the medium of photography but also for painting or drawing."
},
{
"w": "MELODY",
"v": false,
"row": 1,
"col": 3,
"def": "Tune; sequence of notes that makes up a musical phrase."
}
]
}