{
"id": 187,
"sub_category": "Rays Pack",
"category": "Sky Group",
"type": 0,
"letters": "AILSUV",
"mov": 16,
"shovels": 1,
"coins": 5,
"rows": 15,
"cols": 15,
"c": 0,
"b": -1,
"w": 7,
"h": 6,
"dws": [
"ULVAS",
"SAL",
"UVA",
"LUVS",
"ALUS",
"SAV",
"SILVA",
"UVAS",
"SAI",
"VIAS",
"VIAL",
"VALIS",
"LIS",
"LUV",
"AIS",
"LAV",
"VAS",
"VALI",
"LIAS",
"ULVA",
"SAUL",
"LAS",
"VAUS",
"LAVS",
"SAU",
"ALS",
"ALU",
"VIS",
"AIL",
"SUI",
"VAIL",
"VAILS",
"VAU",
"SIAL"
],
"ws": [
{
"w": "VIA",
"v": false,
"row": 2,
"col": 4,
"def": "A main road or highway, especially in ancient Rome. (Mainly used in set phrases, below.)."
},
{
"w": "SAIL",
"v": false,
"row": 1,
"col": 0,
"def": "A piece of fabric attached to a boat and arranged such that it causes the wind to drive the boat along. The sail may be attached to the boat via a combination of mast, spars and ropes."
},
{
"w": "VISA",
"v": true,
"row": 2,
"col": 4,
"def": "A permit to enter and leave a country, normally issued by the authorities of the country to be visited."
},
{
"w": "AILS",
"v": true,
"row": 2,
"col": 6,
"def": "Plural form of ail."
},
{
"w": "VIALS",
"v": false,
"row": 4,
"col": 0,
"def": "Plural form of vial."
},
{
"w": "VISUAL",
"v": true,
"row": 0,
"col": 2,
"def": "Related to or affecting the vision."
}
]
}