{
"id": 1870,
"sub_category": "Azure Packx",
"category": "Mist Group",
"type": 0,
"letters": "CEHMOR",
"mov": 22,
"shovels": 1,
"coins": 5,
"rows": 15,
"cols": 15,
"c": 0,
"b": -1,
"w": 12,
"h": 9,
"dws": [
"REC",
"COMER",
"MHO",
"EMO",
"HOM",
"HEM",
"REM",
"CHEM",
"OHM",
"ECO",
"CHE",
"MECH",
"OMER",
"COM",
"MOE",
"REO",
"HOC",
"ORE",
"CORM",
"ORC",
"OCHE",
"CHER",
"RHO",
"MOC",
"CROME",
"MOCH",
"MERC",
"CREM",
"MOR",
"MEH",
"MOHR",
"HORE",
"HERM",
"ROE",
"ROM",
"COR",
"REH",
"ROCH",
"HOER",
"HER",
"CERO",
"ECH",
"OCH",
"ROC",
"MERCH",
"HOE",
"ERM"
],
"ws": [
{
"w": "COME",
"v": false,
"row": 5,
"col": 0,
"def": "To move from further away to nearer to."
},
{
"w": "CORE",
"v": false,
"row": 3,
"col": 1,
"def": "The central part of fruit, containing the kernels or seeds."
},
{
"w": "ECHO",
"v": true,
"row": 5,
"col": 3,
"def": "A reflected sound that is heard again by its initial observer."
},
{
"w": "HERO",
"v": true,
"row": 0,
"col": 2,
"def": "A real or mythical person of great bravery who carries out extraordinary deeds."
},
{
"w": "HOME",
"v": false,
"row": 0,
"col": 2,
"def": "One's own dwelling place; the house or structure in which one lives; especially the house in which one lives with his family; the habitual abode of one's family; also, one's birthplace."
},
{
"w": "MORE",
"v": true,
"row": 0,
"col": 4,
"def": "Comparative form of many: in greater number. (Used for a discrete quantity.)."
},
{
"w": "CHORE",
"v": true,
"row": 3,
"col": 1,
"def": "A task, especially a difficult, unpleasant, or routine one."
},
{
"w": "HOMER",
"v": false,
"row": 7,
"col": 3,
"def": "An ancient Hebrew measure of capacity, equal to ten ephahs or ten baths, and approximately equal to ten or eleven bushels."
},
{
"w": "CHEMO",
"v": true,
"row": 4,
"col": 5,
"def": "Short for chemotherapy."
},
{
"w": "OCHRE",
"v": true,
"row": 1,
"col": 7,
"def": "An earth pigment containing silica, aluminum and ferric oxide."
},
{
"w": "OCHER",
"v": false,
"row": 1,
"col": 7,
"def": "Alternative spelling of ochre."
},
{
"w": "CHROME",
"v": false,
"row": 4,
"col": 5,
"def": "Another name for chromium when used to plate other metals."
}
]
}