{
"id": 1871,
"sub_category": "Azure Packx",
"category": "Mist Group",
"type": 0,
"letters": "EENPRT",
"mov": 20,
"shovels": 1,
"coins": 5,
"rows": 15,
"cols": 15,
"c": 0,
"b": -1,
"w": 9,
"h": 9,
"dws": [
"RET",
"PETER",
"ERN",
"ETEN",
"ERE",
"RENTE",
"TEE",
"RETE",
"ENE",
"TENE",
"PEE",
"PRE",
"NEP",
"PET",
"PERE",
"NEPER",
"PEEN",
"PENE",
"REN",
"PEN",
"TREEN",
"PER",
"NEE",
"REE",
"REEN",
"PERN",
"ERNE",
"NEEP",
"TERNE",
"REP",
"TEER",
"PREE",
"NET",
"PETRE",
"TEN",
"NETE",
"EEN"
],
"ws": [
{
"w": "PEER",
"v": false,
"row": 4,
"col": 5,
"def": "To look with difficulty, or as if searching for something."
},
{
"w": "RENT",
"v": true,
"row": 3,
"col": 7,
"def": "A payment made by a tenant at intervals in order to occupy a property."
},
{
"w": "TEEN",
"v": true,
"row": 2,
"col": 1,
"def": "A teenager, a person between 13 and 19 years old."
},
{
"w": "TREE",
"v": true,
"row": 4,
"col": 3,
"def": "A large plant, not exactly defined, but typically over four meters in height, a single trunk which grows in girth with age and branches (which also grow in circumference with age)."
},
{
"w": "PERT",
"v": false,
"row": 4,
"col": 0,
"def": "To behave with pertness."
},
{
"w": "TERN",
"v": false,
"row": 2,
"col": 1,
"def": "Any of various sea birds of the family Sternidae that are similar to gulls but are smaller, more elegant and have a forked tail."
},
{
"w": "PENT",
"v": true,
"row": 0,
"col": 4,
"def": "Confined in a pen, imprisoned."
},
{
"w": "ENTER",
"v": false,
"row": 1,
"col": 4,
"def": "To go into (a room, etc.)."
},
{
"w": "PREEN",
"v": true,
"row": 4,
"col": 5,
"def": "A pin."
},
{
"w": "REPENT",
"v": false,
"row": 6,
"col": 2,
"def": "To feel pain, sorrow, or regret for what one has done or omitted to do; the cause for repenting may be indicated with \"of\"."
}
]
}