{
"id": 1875,
"sub_category": "Toad Packx",
"category": "Mist Group",
"type": 0,
"letters": "EMOSSU",
"mov": 20,
"shovels": 1,
"coins": 5,
"rows": 15,
"cols": 15,
"c": 0,
"b": -1,
"w": 10,
"h": 8,
"dws": [
"MUSS",
"EMO",
"MOUE",
"OSES",
"MOSES",
"MUS",
"MEU",
"MUSES",
"MOUS",
"OSE",
"OMS",
"MOS",
"MOE",
"MOU",
"OUS",
"SOUSE",
"UMS",
"MUSOS",
"MOES",
"SUMOS",
"EMS",
"MOUSES",
"SUE",
"EMUS",
"MOUES",
"EMOS",
"SOS",
"MEUS",
"SOMS",
"OES",
"ESS",
"SOUM",
"MOSE",
"MUSO",
"EMU",
"SOU",
"MEOU",
"MEOUS",
"MES",
"SUS",
"SUM",
"USE",
"SOUMS",
"SOUS",
"SOM"
],
"ws": [
{
"w": "MESS",
"v": true,
"row": 4,
"col": 0,
"def": "Mass; church service."
},
{
"w": "SOME",
"v": false,
"row": 6,
"col": 0,
"def": "A certain number, at least one."
},
{
"w": "SUES",
"v": false,
"row": 2,
"col": 2,
"def": "Third-person singular simple present indicative form of sue."
},
{
"w": "SUMS",
"v": true,
"row": 4,
"col": 2,
"def": "Plural form of sum."
},
{
"w": "USES",
"v": true,
"row": 1,
"col": 5,
"def": "Plural form of use."
},
{
"w": "MOSS",
"v": true,
"row": 4,
"col": 7,
"def": "A bog; a swamp."
},
{
"w": "MUSE",
"v": false,
"row": 4,
"col": 0,
"def": "A source of inspiration."
},
{
"w": "SUMO",
"v": false,
"row": 4,
"col": 5,
"def": "A stylised Japanese form of wrestling in which a wrestler loses if he is forced from the ring, or if any part of his body except the soles of his feet touch the ground."
},
{
"w": "MOUSE",
"v": true,
"row": 0,
"col": 3,
"def": "Any small rodent of the genus Mus."
},
{
"w": "MOUSSE",
"v": false,
"row": 7,
"col": 4,
"def": "An airy pudding served chilled, particularly chocolate mousse."
}
]
}