{
"id": 1888,
"sub_category": "Toad Packx",
"category": "Mist Group",
"type": 0,
"letters": "ABELRZ",
"mov": 22,
"shovels": 1,
"coins": 5,
"rows": 15,
"cols": 15,
"c": 0,
"b": -1,
"w": 10,
"h": 10,
"dws": [
"ARE",
"BAR",
"BLAE",
"BRAE",
"ERA",
"LARE",
"ABLER",
"BEL",
"BEAL",
"LAB",
"ALE",
"RALE",
"LEZ",
"BLEAR",
"BALER",
"LEA",
"LAER",
"EAR",
"BRAZE",
"ARLE",
"ALB",
"LEAR",
"BAEL",
"ZEA",
"LAR",
"ALBE",
"ARB",
"REB",
"BAL",
"LAZE",
"BRA",
"BEZ",
"ZEL",
"REZ"
],
"ws": [
{
"w": "ABLE",
"v": true,
"row": 3,
"col": 1,
"def": "A word that is used in place of the letter \"A\" during communication."
},
{
"w": "BARE",
"v": false,
"row": 3,
"col": 0,
"def": "Minimal; that is or are just sufficient."
},
{
"w": "BEAR",
"v": true,
"row": 2,
"col": 3,
"def": "A large omnivorous mammal, related to the dog and raccoon, having shaggy hair, a very small tail, and flat feet; a member of family Ursidae, particularly of subfamily Ursinae."
},
{
"w": "EARL",
"v": true,
"row": 5,
"col": 4,
"def": "A British nobleman next in rank above a viscount and below a marquess; equivalent to a European count. A female using the style is termed a countess."
},
{
"w": "REAL",
"v": false,
"row": 7,
"col": 4,
"def": "A commodity; see reality."
},
{
"w": "RAZE",
"v": true,
"row": 6,
"col": 6,
"def": "To demolish; to level to the ground."
},
{
"w": "ZEAL",
"v": true,
"row": 1,
"col": 6,
"def": "The fervor or tireless devotion for a person, cause, or ideal and determination in its furtherance; diligent enthusiasm; powerful interest."
},
{
"w": "BALE",
"v": false,
"row": 2,
"col": 3,
"def": "Evil, especially considered as an active force for destruction or death."
},
{
"w": "BLAZE",
"v": false,
"row": 4,
"col": 5,
"def": "A fire, especially a fast-burning fire producing a lot of flames and light."
},
{
"w": "ZEBRA",
"v": false,
"row": 0,
"col": 0,
"def": "An African animal, closely related to a horse, with black and white stripes."
},
{
"w": "BLARE",
"v": false,
"row": 5,
"col": 0,
"def": "A loud sound."
},
{
"w": "BLAZER",
"v": true,
"row": 1,
"col": 8,
"def": "A semi-formal, casual jacket."
}
]
}