{
"id": 1889,
"sub_category": "Brook Packx",
"category": "Mist Group",
"type": 0,
"letters": "BDELNU",
"mov": 20,
"shovels": 1,
"coins": 5,
"rows": 15,
"cols": 15,
"c": 0,
"b": -1,
"w": 9,
"h": 9,
"dws": [
"LUNE",
"UNBED",
"UNBE",
"DUN",
"BED",
"END",
"LUN",
"BEL",
"LEUD",
"BUND",
"DEN",
"DUE",
"ELD",
"NEB",
"NUB",
"DULE",
"BUN",
"ULE",
"LED",
"LEU",
"UNDE",
"NED",
"DUB",
"BEN",
"DEB",
"LUBED",
"UNLED",
"LUDE",
"LUD",
"BLUED",
"BUD",
"BEDU",
"DEL"
],
"ws": [
{
"w": "BEND",
"v": false,
"row": 4,
"col": 5,
"def": "To cause (something) to change its shape into a curve, by physical force, chemical action, or any other means."
},
{
"w": "BLUE",
"v": true,
"row": 1,
"col": 6,
"def": "Having a bluish colour shade."
},
{
"w": "DUEL",
"v": true,
"row": 0,
"col": 1,
"def": "Arranged, regular combat between two private persons, often over a matter of honor."
},
{
"w": "DUNE",
"v": true,
"row": 4,
"col": 8,
"def": "A ridge or hill of sand piled up by the wind."
},
{
"w": "LEND",
"v": false,
"row": 3,
"col": 1,
"def": "The lumbar region; loin."
},
{
"w": "LUBE",
"v": false,
"row": 1,
"col": 4,
"def": "Lubricant."
},
{
"w": "BLED",
"v": true,
"row": 0,
"col": 4,
"def": "Simple past tense and past participle of bleed."
},
{
"w": "NUDE",
"v": false,
"row": 7,
"col": 5,
"def": "Without clothing or other covering of the skin."
},
{
"w": "BLEND",
"v": true,
"row": 4,
"col": 5,
"def": "A mixture of two or more things."
},
{
"w": "BUNDLE",
"v": false,
"row": 6,
"col": 0,
"def": "A group of objects held together by wrapping or tying."
}
]
}