{
"id": 189,
"sub_category": "Rays Pack",
"category": "Sky Group",
"type": 0,
"letters": "CEKOST",
"mov": 18,
"shovels": 1,
"coins": 5,
"rows": 15,
"cols": 15,
"c": 0,
"b": -1,
"w": 8,
"h": 6,
"dws": [
"SEKT",
"COS",
"OKES",
"STOKE",
"KETS",
"SOT",
"SCOT",
"TOKE",
"ECO",
"ESTOC",
"SECO",
"SKET",
"OSE",
"TOC",
"TOCS",
"COSE",
"ESCOT",
"COSET",
"KOSE",
"KOS",
"TOES",
"TOCK",
"TEC",
"SOKE",
"TOSE",
"TECS",
"EST",
"TOCKS",
"SKEO",
"COKES",
"OES",
"TES",
"KETO",
"OKE",
"KET",
"SOC",
"COT",
"SEC",
"COTE",
"COTES",
"COST",
"KEST",
"ECOS",
"TSK",
"TOKES"
],
"ws": [
{
"w": "SET",
"v": true,
"row": 2,
"col": 0,
"def": "To put (something) down, to rest."
},
{
"w": "TOE",
"v": false,
"row": 4,
"col": 0,
"def": "Each of the five digits on the end of the foot."
},
{
"w": "COKE",
"v": true,
"row": 0,
"col": 5,
"def": "Solid residue from roasting coal in a coke oven; used principally as a fuel and in the production of steel and formerly as a domestic fuel."
},
{
"w": "SOCK",
"v": false,
"row": 2,
"col": 0,
"def": "A knitted or woven covering for the foot."
},
{
"w": "COTS",
"v": true,
"row": 1,
"col": 7,
"def": "Plural form of cot."
},
{
"w": "SECT",
"v": false,
"row": 3,
"col": 4,
"def": "An offshoot of a larger religion; a group sharing particular (often unorthodox) political and/or religious beliefs."
},
{
"w": "STOCK",
"v": false,
"row": 0,
"col": 2,
"def": "A store or supply."
},
{
"w": "SOCKET",
"v": true,
"row": 0,
"col": 2,
"def": "An opening into which a plug or other connecting part is designed to fit (e.g. a light bulb socket)."
}
]
}