{
"id": 1900,
"sub_category": "Brook Packx",
"category": "Mist Group",
"type": 0,
"letters": "AIRSTT",
"mov": 22,
"shovels": 1,
"coins": 5,
"rows": 15,
"cols": 15,
"c": 0,
"b": -1,
"w": 11,
"h": 10,
"dws": [
"RAI",
"AITS",
"RIT",
"TRAITS",
"RAITS",
"AIT",
"TAR",
"TATS",
"TIAR",
"RAIT",
"SAI",
"RAIS",
"TARTS",
"RITT",
"TARS",
"TSAR",
"TAT",
"TIS",
"ASTIR",
"RIA",
"AIS",
"TIARS",
"STRATI",
"TAI",
"STRIA",
"ITA",
"AIRT",
"TRIST",
"ARTIS",
"SAIR",
"TIT",
"ATT",
"RIAS",
"RITTS",
"AIR",
"SIR",
"TAIT",
"SAT",
"ARS",
"SAR",
"ARIS",
"SARI",
"TAIS",
"SATI",
"TRATS",
"TAS",
"ART",
"TARSI",
"TAITS",
"ATS",
"ARTI",
"SITAR",
"SRI",
"AIRTS",
"RAT",
"RAS",
"TITS",
"TRAT",
"ITS",
"SIT",
"RITS",
"ITAS"
],
"ws": [
{
"w": "AIRS",
"v": false,
"row": 0,
"col": 5,
"def": "Plural form of air."
},
{
"w": "ARTS",
"v": true,
"row": 0,
"col": 5,
"def": "Plural form of art."
},
{
"w": "RATS",
"v": false,
"row": 4,
"col": 1,
"def": "Plural form of rat."
},
{
"w": "STAR",
"v": true,
"row": 1,
"col": 1,
"def": "Any small luminous dot appearing in the cloudless portion of the night sky, especially with a fixed location relative to other such dots."
},
{
"w": "STIR",
"v": true,
"row": 0,
"col": 8,
"def": "To change the place of in any manner; to move."
},
{
"w": "TART",
"v": true,
"row": 1,
"col": 3,
"def": "Sharp to the taste; acid; sour."
},
{
"w": "STAT",
"v": false,
"row": 7,
"col": 7,
"def": "Immediately, now (usually used in medical situations, to connote extreme urgency)."
},
{
"w": "STAIR",
"v": true,
"row": 5,
"col": 9,
"def": "A single step in a staircase."
},
{
"w": "START",
"v": false,
"row": 3,
"col": 5,
"def": "The beginning of an activity."
},
{
"w": "TRAIT",
"v": false,
"row": 2,
"col": 1,
"def": "An identifying characteristic, habit or trend."
},
{
"w": "ARTIST",
"v": true,
"row": 3,
"col": 7,
"def": "A person who creates art."
},
{
"w": "STRAIT",
"v": false,
"row": 6,
"col": 0,
"def": "Narrow; restricted as to space or room; close."
}
]
}