{
"id": 1907,
"sub_category": "Leaf Packx",
"category": "Mist Group",
"type": 0,
"letters": "ACEOTV",
"mov": 18,
"shovels": 1,
"coins": 5,
"rows": 15,
"cols": 15,
"c": 0,
"b": -1,
"w": 8,
"h": 8,
"dws": [
"TOE",
"EVO",
"ATE",
"ECO",
"OCA",
"TEA",
"TOEA",
"ACT",
"OVATE",
"VAT",
"TOC",
"OCTA",
"TAE",
"AVE",
"VOE",
"EAT",
"TEC",
"TAO",
"TAV",
"CATE",
"VET",
"TACE",
"CAT",
"OAT",
"ACE",
"ATOC",
"ETA",
"COT",
"OVA",
"VAE",
"VAC",
"COTE",
"AVOCET",
"AVO"
],
"ws": [
{
"w": "CAVE",
"v": true,
"row": 3,
"col": 0,
"def": "A large, naturally-occurring cavity formed underground, or in the face of a cliff or a hillside."
},
{
"w": "COAT",
"v": true,
"row": 4,
"col": 5,
"def": "An outer garment covering the upper torso and arms."
},
{
"w": "COVE",
"v": false,
"row": 3,
"col": 0,
"def": "A fellow; a man."
},
{
"w": "VETO",
"v": true,
"row": 1,
"col": 6,
"def": "A political right to disapprove of (and thereby stop) the process of a decision, a law etc."
},
{
"w": "VOTE",
"v": false,
"row": 2,
"col": 3,
"def": "A formalized choice on matters of administration or other democratic activities."
},
{
"w": "TACO",
"v": false,
"row": 4,
"col": 3,
"def": "A Mexican snack food; a small tortilla with some rice, beans, cheese, diced vegetables (usually tomatoes and lettuce, as served in the United States) and salsa."
},
{
"w": "COVET",
"v": true,
"row": 0,
"col": 3,
"def": "To wish for with eagerness; to desire possession of, often enviously."
},
{
"w": "OCTAVE",
"v": false,
"row": 6,
"col": 2,
"def": "An interval of twelve semitones spanning eight degrees of the diatonic scale, representing a doubling or halving in pitch."
}
]
}