{
"id": 191,
"sub_category": "Rays Pack",
"category": "Sky Group",
"type": 0,
"letters": "GLMOOY",
"mov": 18,
"shovels": 1,
"coins": 5,
"rows": 15,
"cols": 15,
"c": 0,
"b": -1,
"w": 7,
"h": 7,
"dws": [
"YOM",
"MOY",
"LYM",
"OLM",
"MOYL",
"OLOGY",
"LOO",
"MOG",
"MOL",
"LOGY",
"MOOLY",
"GOOLY",
"GOY",
"LOY",
"MOLY",
"YGO",
"GLOM",
"MOOL",
"GOOL",
"OOM"
],
"ws": [
{
"w": "GYM",
"v": true,
"row": 4,
"col": 1,
"def": "Short form of gymnasium."
},
{
"w": "LOG",
"v": false,
"row": 0,
"col": 0,
"def": "Logarithm."
},
{
"w": "MOO",
"v": true,
"row": 2,
"col": 4,
"def": "The characteristic sound made by a cow or bull."
},
{
"w": "GOO",
"v": true,
"row": 0,
"col": 2,
"def": "Any semi-solid or liquid substance; especially one that is sticky, gummy or slippery; frequently of vague or unknown composition, or a bodily fluid."
},
{
"w": "LOGO",
"v": true,
"row": 0,
"col": 0,
"def": "A symbol or emblem that acts as a trademark or a means of identification of an institution or other entity."
},
{
"w": "LOOM",
"v": false,
"row": 6,
"col": 3,
"def": "A utensil; tool; a weapon; (usually in compound) an article in general."
},
{
"w": "GLOOM",
"v": false,
"row": 4,
"col": 1,
"def": "Darkness, dimness or obscurity."
},
{
"w": "GLOOMY",
"v": false,
"row": 2,
"col": 0,
"def": "Imperfectly illuminated; dismal through obscurity or darkness; dusky; dim; clouded."
}
]
}