{
"id": 1917,
"sub_category": "Leaf Packx",
"category": "Mist Group",
"type": 0,
"letters": "EIMOTV",
"mov": 20,
"shovels": 1,
"coins": 5,
"rows": 15,
"cols": 15,
"c": 0,
"b": -1,
"w": 10,
"h": 8,
"dws": [
"VITE",
"MET",
"EMO",
"TOE",
"EVO",
"VOMIT",
"MOTI",
"VIM",
"MOT",
"MOE",
"VOE",
"TOM",
"MOI",
"VET",
"MOIT",
"VETO",
"VOTE",
"TIE",
"VIE"
],
"ws": [
{
"w": "ITEM",
"v": false,
"row": 3,
"col": 6,
"def": "A distinct physical object."
},
{
"w": "MOVE",
"v": false,
"row": 5,
"col": 3,
"def": "To change place or posture; to stir; to go, in any manner, from one place or position to another."
},
{
"w": "OMIT",
"v": false,
"row": 1,
"col": 6,
"def": "To leave out or exclude."
},
{
"w": "TIME",
"v": true,
"row": 0,
"col": 8,
"def": "Reminder by the umpire for the players to continue playing after their pause."
},
{
"w": "EMIT",
"v": true,
"row": 4,
"col": 3,
"def": "To send out or give off."
},
{
"w": "MITE",
"v": true,
"row": 3,
"col": 9,
"def": "A minute arachnid, of the order Acarina, of which there are many species; as, the cheese mite, sugar mite, harvest mite, etc."
},
{
"w": "TOME",
"v": false,
"row": 4,
"col": 0,
"def": "One in a series of volumes."
},
{
"w": "MOTE",
"v": true,
"row": 2,
"col": 0,
"def": "A small particle; a speck."
},
{
"w": "MOVIE",
"v": false,
"row": 2,
"col": 0,
"def": "A motion picture."
},
{
"w": "MOTIVE",
"v": true,
"row": 0,
"col": 6,
"def": "An incentive to act; a reason for doing something; anything that prompted a choice of action."
}
]
}