{
"id": 1921,
"sub_category": "Calm Packx",
"category": "Formation Group",
"type": 0,
"letters": "DGNORU",
"mov": 18,
"shovels": 1,
"coins": 5,
"rows": 15,
"cols": 15,
"c": 0,
"b": -1,
"w": 8,
"h": 8,
"dws": [
"GNU",
"DUN",
"URD",
"NUR",
"NOG",
"DURO",
"DON",
"OUR",
"DONG",
"NUG",
"GOD",
"DOR",
"GOR",
"ROD",
"UNGOD",
"RUN",
"RUND",
"DOG",
"DUG",
"RUG",
"OUD",
"RONG",
"GUR",
"DOUN",
"GON",
"NOD",
"GUN",
"UDO",
"NOR",
"DUO",
"ORD",
"NURD",
"GURN",
"ORG",
"RUD",
"UDON",
"URN",
"OURN",
"DURN"
],
"ws": [
{
"w": "DRUG",
"v": false,
"row": 4,
"col": 4,
"def": "A substance used to treat an illness, relieve a symptom, or modify a chemical process in the body for a specific purpose."
},
{
"w": "DUNG",
"v": false,
"row": 3,
"col": 0,
"def": "Manure; animal excrement."
},
{
"w": "RUNG",
"v": true,
"row": 0,
"col": 3,
"def": "A crosspiece forming a step of a ladder; a round."
},
{
"w": "UNDO",
"v": true,
"row": 4,
"col": 6,
"def": "To reverse the effects of an action."
},
{
"w": "DOUR",
"v": true,
"row": 1,
"col": 5,
"def": "Stern, harsh and forbidding."
},
{
"w": "ROUND",
"v": false,
"row": 1,
"col": 1,
"def": "Circular or cylindrical; having a circular cross-section in one direction."
},
{
"w": "GOURD",
"v": false,
"row": 6,
"col": 2,
"def": "Any of the climbing or trailing plants from the family Cucurbitaceae, which includes watermelon, pumpkins and cucumbers."
},
{
"w": "GROUND",
"v": true,
"row": 0,
"col": 1,
"def": "The surface of the Earth, as opposed to the sky or water or underground."
}
]
}