{
"id": 1927,
"sub_category": "Calm Packx",
"category": "Formation Group",
"type": 0,
"letters": "AHLPSS",
"mov": 20,
"shovels": 1,
"coins": 5,
"rows": 15,
"cols": 15,
"c": 0,
"b": -1,
"w": 9,
"h": 7,
"dws": [
"ASS",
"SLAPS",
"HAPS",
"SAL",
"ALP",
"SHA",
"ALPS",
"ASPS",
"SHAPS",
"SALPS",
"PAS",
"ASP",
"HASS",
"HASP",
"PAH",
"SPA",
"HAS",
"HAP",
"SAP",
"HASPS",
"LAS",
"LAP",
"ASH",
"PLASH",
"AHS",
"SALS",
"PASH",
"SAPS",
"LAHS",
"ALS",
"PAHS",
"PAL",
"LAH",
"SALP"
],
"ws": [
{
"w": "LAPS",
"v": false,
"row": 3,
"col": 0,
"def": "Plural form of lap."
},
{
"w": "PALS",
"v": false,
"row": 6,
"col": 5,
"def": "Plural form of pal."
},
{
"w": "PASS",
"v": true,
"row": 3,
"col": 2,
"def": "An opening, road, or track, available for passing; especially, one through or over some dangerous or otherwise impracticable barrier such as a mountain range; a passageway; a defile; a ford."
},
{
"w": "SLAP",
"v": false,
"row": 2,
"col": 5,
"def": "A blow, especially one given with the open hand, or with something broad and flat."
},
{
"w": "SPAS",
"v": true,
"row": 0,
"col": 3,
"def": "Plural form of spa."
},
{
"w": "LASH",
"v": true,
"row": 3,
"col": 0,
"def": "The thong or braided cord of a whip, with which the blow is given."
},
{
"w": "LASS",
"v": true,
"row": 0,
"col": 5,
"def": "A young woman or girl."
},
{
"w": "SASH",
"v": false,
"row": 5,
"col": 0,
"def": "A decorative length of cloth worn as a broad belt or over the shoulder, often for ceremonial or other formal occasions."
},
{
"w": "SLASH",
"v": true,
"row": 0,
"col": 7,
"def": "A swift cut with a blade, particularly with fighting weapons as a sword, saber, knife etc."
},
{
"w": "SPLASH",
"v": false,
"row": 0,
"col": 3,
"def": "The sound made by an object hitting a liquid."
}
]
}