{
"id": 1929,
"sub_category": "Calm Packx",
"category": "Formation Group",
"type": 0,
"letters": "ACNNRY",
"mov": 16,
"shovels": 1,
"coins": 5,
"rows": 15,
"cols": 15,
"c": 0,
"b": -1,
"w": 7,
"h": 7,
"dws": [
"YAR",
"CAR",
"RYA",
"CARNY",
"NAN",
"ARY",
"RAY",
"ARC",
"CANN",
"ANN",
"NARC",
"CRAY",
"RAN",
"CRAN",
"CARN",
"CAN",
"RNA",
"CAY",
"NAY",
"CANY",
"NANCY",
"ANY",
"CRY"
],
"ws": [
{
"w": "YARN",
"v": false,
"row": 3,
"col": 3,
"def": "A twisted strand of fiber used for knitting or weaving."
},
{
"w": "RACY",
"v": true,
"row": 3,
"col": 5,
"def": "Having a strong flavor indicating origin; of distinct characteristic taste; tasting of the soil; hence, fresh; rich."
},
{
"w": "NARY",
"v": true,
"row": 0,
"col": 3,
"def": "Not one."
},
{
"w": "CYAN",
"v": true,
"row": 0,
"col": 6,
"def": "A colour between blue and green in the visible spectrum; the complementary colour of red; the colour obtained by subtracting red from white light."
},
{
"w": "CANNY",
"v": false,
"row": 1,
"col": 2,
"def": "Careful, prudent, cautious."
},
{
"w": "CRANNY",
"v": false,
"row": 6,
"col": 0,
"def": "A small, narrow opening, fissure, crevice, or chink, as in a wall, or other substance."
}
]
}