{
"id": 1933,
"sub_category": "Calm Packx",
"category": "Formation Group",
"type": 0,
"letters": "AELPQU",
"mov": 16,
"shovels": 1,
"coins": 5,
"rows": 15,
"cols": 15,
"c": 0,
"b": -1,
"w": 7,
"h": 6,
"dws": [
"PUL",
"PELAU",
"PLU",
"ALP",
"PEA",
"PAUL",
"PEL",
"PULE",
"EAU",
"ALE",
"PULA",
"LEA",
"PELA",
"QUA",
"LAP",
"QUALE",
"ULE",
"LEU",
"ALU",
"PLUE",
"LEP",
"PAL",
"AUE",
"APE"
],
"ws": [
{
"w": "LEAP",
"v": false,
"row": 5,
"col": 0,
"def": "To jump from one location to another."
},
{
"w": "PALE",
"v": true,
"row": 2,
"col": 1,
"def": "Light in color."
},
{
"w": "PLEA",
"v": false,
"row": 0,
"col": 3,
"def": "An appeal, petition, urgent prayer or entreaty."
},
{
"w": "PEAL",
"v": true,
"row": 0,
"col": 3,
"def": "A loud sound, or a succession of loud sounds, as of bells, thunder, cannon, shouts, laughter, of a multitude, etc."
},
{
"w": "EQUAL",
"v": true,
"row": 0,
"col": 5,
"def": "The same in all respects."
},
{
"w": "PLAQUE",
"v": false,
"row": 2,
"col": 1,
"def": "Any flat, thin piece of metal, clay, ivory, or the like, used for ornament, or for painting pictures upon, as a slab, plate, dish, or the like, hung upon a wall; also, a smaller decoration worn on the person, as a brooch."
}
]
}