{
"id": 1937,
"sub_category": "Set Packx",
"category": "Formation Group",
"type": 0,
"letters": "AEHMNU",
"mov": 18,
"shovels": 1,
"coins": 5,
"rows": 15,
"cols": 15,
"c": 0,
"b": -1,
"w": 9,
"h": 7,
"dws": [
"NEMA",
"HAEM",
"HEM",
"NAE",
"MAE",
"MEN",
"MAUN",
"MEU",
"HAEN",
"HUN",
"ANE",
"NAH",
"EAU",
"HAE",
"EAN",
"HAN",
"HEN",
"NAMU",
"AME",
"NAM",
"HAM",
"MEH",
"NEUM",
"HAME",
"EMU",
"HUE",
"AUNE",
"MNA",
"HUM",
"AMU",
"MAN",
"MUN",
"AUE",
"MANEH",
"HUMA"
],
"ws": [
{
"w": "AMEN",
"v": true,
"row": 1,
"col": 5,
"def": "At the end of Judeo-Christian prayers: so be it."
},
{
"w": "MANE",
"v": false,
"row": 0,
"col": 0,
"def": "Longer hair growth on back of neck of an animal, especially a horse or lion."
},
{
"w": "MEAN",
"v": false,
"row": 2,
"col": 5,
"def": "To intend."
},
{
"w": "MENU",
"v": false,
"row": 6,
"col": 1,
"def": "The details of the food to be served at a banquet; a bill of fare."
},
{
"w": "NAME",
"v": true,
"row": 2,
"col": 8,
"def": "Any nounal word or phrase which indicates a particular person, place, class, or thing."
},
{
"w": "AHEM",
"v": true,
"row": 3,
"col": 1,
"def": "The sound of a quiet cough or of clearing one's throat."
},
{
"w": "HUMAN",
"v": true,
"row": 2,
"col": 3,
"def": "Of or belonging to the species Homo sapiens or its closest relatives."
},
{
"w": "HUMANE",
"v": false,
"row": 4,
"col": 1,
"def": "Having or showing concern for the pain or suffering of another; compassionate."
}
]
}