{
"id": 1943,
"sub_category": "Set Packx",
"category": "Formation Group",
"type": 0,
"letters": "DEEFSU",
"mov": 16,
"shovels": 1,
"coins": 5,
"rows": 15,
"cols": 15,
"c": 0,
"b": -1,
"w": 6,
"h": 5,
"dws": [
"FEEDS",
"DUES",
"FUSE",
"FEES",
"SED",
"FEU",
"SEED",
"USED",
"DEES",
"FEUS",
"FES",
"FUSEE",
"UDS",
"DEUS",
"FEUD",
"DEE",
"SUE",
"ESE",
"FEUDS",
"FEUED",
"FEDS",
"DEF",
"FUSED",
"EFS",
"FEED",
"EDS",
"SUED",
"FUDS",
"FUD",
"SUD",
"USE"
],
"ws": [
{
"w": "DUE",
"v": true,
"row": 0,
"col": 5,
"def": "Owed or owing."
},
{
"w": "FED",
"v": false,
"row": 0,
"col": 3,
"def": "A federal government officer or official, especially FBI and DEA agents."
},
{
"w": "FEE",
"v": true,
"row": 0,
"col": 3,
"def": "Cattle; livestock, especially considered as the basis of wealth."
},
{
"w": "SEE",
"v": true,
"row": 2,
"col": 1,
"def": "To perceive or detect with the eyes, or as if by sight."
},
{
"w": "SUEDE",
"v": false,
"row": 2,
"col": 1,
"def": "A type of soft leather, made from calfskin, with a brushed texture to resemble fabric, often used to make boots, clothing and fashion accessories."
},
{
"w": "DEFUSE",
"v": false,
"row": 4,
"col": 0,
"def": "To remove the fuse from (a bomb, etc.)."
}
]
}