{
"id": 1945,
"sub_category": "Set Packx",
"category": "Formation Group",
"type": 0,
"letters": "AELLRY",
"mov": 30,
"shovels": 1,
"coins": 5,
"rows": 15,
"cols": 15,
"c": 0,
"b": -1,
"w": 13,
"h": 11,
"dws": [
"YAR",
"EYRA",
"RAYLE",
"YER",
"YALE",
"RYA",
"LARE",
"ARY",
"YARE",
"AYRE",
"ELL",
"RALE",
"EARLY",
"LEA",
"AERY",
"LAER",
"ARYL",
"RYE",
"LEAR",
"ARLE",
"RALLYE",
"LEAL",
"ALLY",
"AYE",
"YAE",
"LAR",
"LYRA",
"RYAL",
"LEARY",
"LEY"
],
"ws": [
{
"w": "ALE",
"v": true,
"row": 2,
"col": 9,
"def": "An intoxicating liquor made from an infusion of malt by fermentation and the addition of a bitter, usually hops."
},
{
"w": "ALL",
"v": true,
"row": 5,
"col": 12,
"def": "Intensifier."
},
{
"w": "ARE",
"v": true,
"row": 4,
"col": 10,
"def": "Second-person singular simple present tense of be."
},
{
"w": "EAR",
"v": false,
"row": 4,
"col": 9,
"def": "The organ of hearing, consisting of the pinna, auditory canal, eardrum, malleus, incus, stapes and cochlea."
},
{
"w": "ERA",
"v": false,
"row": 2,
"col": 7,
"def": "A time period of indeterminate length, generally more than one year."
},
{
"w": "LAY",
"v": false,
"row": 1,
"col": 5,
"def": "To place down in a position of rest, or in a horizontal position."
},
{
"w": "RAY",
"v": false,
"row": 2,
"col": 3,
"def": "A beam of light or radiation."
},
{
"w": "YEA",
"v": true,
"row": 1,
"col": 7,
"def": "Yes."
},
{
"w": "LYE",
"v": true,
"row": 1,
"col": 5,
"def": "A strong caustic alkaline solution of potassium or sodium salts, obtained by leaching wood ashes. It is much used in making soap as well as its use in biodiesel."
},
{
"w": "EARL",
"v": true,
"row": 0,
"col": 3,
"def": "A British nobleman next in rank above a viscount and below a marquess; equivalent to a European count. A female using the style is termed a countess."
},
{
"w": "REAL",
"v": false,
"row": 6,
"col": 9,
"def": "A commodity; see reality."
},
{
"w": "RELY",
"v": true,
"row": 2,
"col": 1,
"def": "To rest with confidence, as when fully satisfied of the veracity, integrity, or ability of persons, or of the certainty of facts or of evidence; to have confidence; to trust; to depend."
},
{
"w": "YEAR",
"v": false,
"row": 5,
"col": 1,
"def": "The time it takes the Earth to complete one revolution of the Sun (between 365.24 and 365.26 days depending on the point of reference)."
},
{
"w": "YELL",
"v": false,
"row": 3,
"col": 0,
"def": "Shout; holler; make a loud sound with the voice."
},
{
"w": "LYRE",
"v": false,
"row": 7,
"col": 3,
"def": "A stringed musical instrument."
},
{
"w": "ALLEY",
"v": true,
"row": 5,
"col": 3,
"def": "A narrow street or passageway, especially one through the middle of a block giving access to the rear of lots or buildings."
},
{
"w": "LAYER",
"v": true,
"row": 4,
"col": 6,
"def": "A single thickness of some material covering a surface."
},
{
"w": "RALLY",
"v": false,
"row": 8,
"col": 6,
"def": "A demonstration; an event where people gather together to protest for or against a given cause."
},
{
"w": "RELAY",
"v": true,
"row": 6,
"col": 9,
"def": "To lay (for example, flooring or railroad track) again."
},
{
"w": "REALLY",
"v": false,
"row": 10,
"col": 4,
"def": "Actually; in fact; in reality."
}
]
}