{
"id": 1946,
"sub_category": "Set Packx",
"category": "Formation Group",
"type": 0,
"letters": "EKORST",
"mov": 24,
"shovels": 1,
"coins": 5,
"rows": 15,
"cols": 15,
"c": 0,
"b": -1,
"w": 12,
"h": 10,
"dws": [
"RET",
"RESTO",
"SEKT",
"OKES",
"KORES",
"ROST",
"TOE",
"SOT",
"REOS",
"KETS",
"ROT",
"ESTRO",
"KEROS",
"TOKERS",
"ROSET",
"TOKE",
"ROES",
"ERST",
"TRES",
"SER",
"TROKE",
"SKET",
"OSE",
"ROTES",
"REO",
"ORTS",
"TORSE",
"KOSE",
"ORE",
"KOS",
"SKER",
"ERS",
"ROKS",
"RETS",
"SOKE",
"TOSE",
"TROKES",
"TORSK",
"TOR",
"ROKES",
"SERK",
"EST",
"STOKER",
"KERO",
"SKEO",
"KORE",
"OES",
"TES",
"ROK",
"KETO",
"TORES",
"TREKS",
"OKE",
"ERKS",
"KORS",
"EROS",
"KET",
"ROE",
"SKORT",
"SET",
"TOKER",
"ORS",
"ROKE",
"RES",
"TORS",
"ERK",
"KEST",
"ORT",
"TSK",
"KOR",
"TOKES"
],
"ws": [
{
"w": "ORES",
"v": true,
"row": 5,
"col": 0,
"def": "Plural form of ore."
},
{
"w": "REST",
"v": false,
"row": 6,
"col": 0,
"def": "Relief from work or activity by sleeping; sleep."
},
{
"w": "ROSE",
"v": false,
"row": 4,
"col": 1,
"def": "A shrub of the genus Rosa, with red, pink, white or yellow flowers."
},
{
"w": "ROTS",
"v": true,
"row": 3,
"col": 2,
"def": "Third person singular of rot."
},
{
"w": "SORE",
"v": false,
"row": 8,
"col": 0,
"def": "Causing pain or discomfort; painfully sensitive."
},
{
"w": "SORT",
"v": false,
"row": 1,
"col": 8,
"def": "A general type."
},
{
"w": "TOES",
"v": true,
"row": 2,
"col": 4,
"def": "Plural form of toe."
},
{
"w": "TORE",
"v": true,
"row": 4,
"col": 6,
"def": "Hard, difficult; wearisome, tedious."
},
{
"w": "TREK",
"v": true,
"row": 6,
"col": 3,
"def": "A slow or difficult journey."
},
{
"w": "ROTE",
"v": false,
"row": 7,
"col": 3,
"def": "The process of learning or committing something to memory through mechanical repetition, usually by hearing and repeating aloud, often without full attention to comprehension or thought for the meaning."
},
{
"w": "STORE",
"v": false,
"row": 5,
"col": 4,
"def": "A place where items may be accumulated or routinely kept."
},
{
"w": "STORK",
"v": false,
"row": 0,
"col": 2,
"def": "A large wading bird with long legs and a long beak of the family Ciconiidae."
},
{
"w": "STOKE",
"v": true,
"row": 1,
"col": 8,
"def": "To pierce; poke; thrust."
},
{
"w": "STROKE",
"v": true,
"row": 0,
"col": 11,
"def": "An act of stroking (moving one's hand over a surface)."
}
]
}