{
"id": 1951,
"sub_category": "Set Packx",
"category": "Formation Group",
"type": 0,
"letters": "ABCHNR",
"mov": 18,
"shovels": 1,
"coins": 5,
"rows": 15,
"cols": 15,
"c": 0,
"b": -1,
"w": 8,
"h": 8,
"dws": [
"BACH",
"BAR",
"CAR",
"BAN",
"NAH",
"CHA",
"ARC",
"NAB",
"CAB",
"NACH",
"NARC",
"BANC",
"HAN",
"RAN",
"CARN",
"CRAN",
"HARN",
"BAH",
"CAN",
"RNA",
"RACH",
"BRACH",
"RAH",
"ARB",
"BRA",
"BAC",
"ACH"
],
"ws": [
{
"w": "ARCH",
"v": false,
"row": 4,
"col": 3,
"def": "An inverted U shape."
},
{
"w": "BARN",
"v": false,
"row": 5,
"col": 0,
"def": "A building, often found on a farm, used for storage or keeping animals such as cattle."
},
{
"w": "BRAN",
"v": false,
"row": 1,
"col": 4,
"def": "The broken coat of the seed of wheat, rye, or other cereal grain, separated from the flour or meal by sifting or bolting; the coarse, chaffy part of ground grain."
},
{
"w": "CRAB",
"v": true,
"row": 4,
"col": 5,
"def": "A crustacean of the infraorder Brachyura, having five pairs of legs, the foremost of which are in the form of claws, and a carapace."
},
{
"w": "CARB",
"v": true,
"row": 4,
"col": 1,
"def": "Short for carbohydrate."
},
{
"w": "CHAR",
"v": false,
"row": 6,
"col": 3,
"def": "A time; a turn or occasion."
},
{
"w": "RANCH",
"v": true,
"row": 0,
"col": 6,
"def": "A large plot of land used for raising cattle, sheep or other livestock."
},
{
"w": "BRANCH",
"v": true,
"row": 2,
"col": 3,
"def": "The woody part of a tree arising from the trunk and usually dividing."
}
]
}