{
"id": 1954,
"sub_category": "Serene Packx",
"category": "Formation Group",
"type": 0,
"letters": "ANPPSY",
"mov": 20,
"shovels": 1,
"coins": 5,
"rows": 15,
"cols": 15,
"c": 0,
"b": -1,
"w": 9,
"h": 9,
"dws": [
"ANS",
"YAPP",
"AYS",
"PYA",
"YAP",
"PAS",
"ASP",
"NYAS",
"PYAS",
"NYS",
"NAP",
"SPA",
"SPY",
"NAS",
"PAPS",
"SAP",
"PASPY",
"PANSY",
"SPAY",
"PAN",
"NAY",
"SYN",
"YAS",
"PAP",
"SAN",
"ANY",
"PAY",
"APP",
"SNY",
"YAPPS",
"SAY",
"YAPS"
],
"ws": [
{
"w": "APPS",
"v": false,
"row": 3,
"col": 0,
"def": "Plural form of app."
},
{
"w": "NAPS",
"v": true,
"row": 2,
"col": 0,
"def": "Plural form of nap."
},
{
"w": "PANS",
"v": false,
"row": 0,
"col": 3,
"def": "Plural form of pan."
},
{
"w": "PAYS",
"v": true,
"row": 0,
"col": 3,
"def": "Third-person singular simple present indicative form of pay."
},
{
"w": "SNAP",
"v": true,
"row": 0,
"col": 6,
"def": "A quick breaking or cracking sound or the action of producing such a sound."
},
{
"w": "SPAN",
"v": false,
"row": 3,
"col": 5,
"def": "The space from the thumb to the end of the little finger when extended; nine inches; eighth of a fathom."
},
{
"w": "NAYS",
"v": true,
"row": 3,
"col": 8,
"def": "Plural form of nay."
},
{
"w": "SAPPY",
"v": false,
"row": 5,
"col": 4,
"def": "Excessively sweet, emotional, nostalgic; cheesy; mushy. (British equivalent: soppy)."
},
{
"w": "NAPPY",
"v": false,
"row": 8,
"col": 1,
"def": "An absorbent garment worn by a baby who does not yet have voluntary control of his or her bladder and bowels or by someone who is incontinent."
},
{
"w": "SNAPPY",
"v": true,
"row": 3,
"col": 5,
"def": "Rapid and without delay."
}
]
}