{
"id": 1963,
"sub_category": "Serene Packx",
"category": "Formation Group",
"type": 0,
"letters": "AESTTT",
"mov": 22,
"shovels": 1,
"coins": 5,
"rows": 15,
"cols": 15,
"c": 0,
"b": -1,
"w": 10,
"h": 8,
"dws": [
"TATS",
"SETA",
"EATS",
"SETT",
"ETATS",
"TAT",
"TET",
"TATT",
"TAE",
"STET",
"TATTS",
"EST",
"ATT",
"TATE",
"ETAS",
"SAE",
"TES",
"TEAS",
"TETS",
"TESTA",
"TAS",
"ATES",
"ATS",
"ETA",
"SET",
"TASE",
"TEAT",
"TATES",
"TAES",
"TEATS",
"EAS",
"SATE",
"ETAT"
],
"ws": [
{
"w": "ATE",
"v": true,
"row": 5,
"col": 1,
"def": "Simple past of eat."
},
{
"w": "EAT",
"v": false,
"row": 5,
"col": 0,
"def": "To consume (something solid or semi-solid, usually food) by putting it into the mouth and swallowing it."
},
{
"w": "SAT",
"v": true,
"row": 3,
"col": 2,
"def": "Simple past tense and past participle of sit."
},
{
"w": "SEA",
"v": true,
"row": 4,
"col": 6,
"def": "A large body of salty water. (Major seas are known as oceans.)."
},
{
"w": "TEA",
"v": false,
"row": 2,
"col": 7,
"def": "The dried leaves or buds of the tea plant, Camellia sinensis."
},
{
"w": "EAST",
"v": false,
"row": 7,
"col": 1,
"def": "One of the four principal compass points, specifically 90\u00b0, conventionally directed to the right on maps; the direction of the rising sun at an equinox."
},
{
"w": "SEAT",
"v": false,
"row": 6,
"col": 4,
"def": "A place in which to sit."
},
{
"w": "TEST",
"v": true,
"row": 4,
"col": 4,
"def": "A challenge."
},
{
"w": "STAT",
"v": true,
"row": 1,
"col": 7,
"def": "Immediately, now (usually used in medical situations, to connote extreme urgency)."
},
{
"w": "STATE",
"v": true,
"row": 0,
"col": 9,
"def": "Any sovereign polity. A government."
},
{
"w": "TASTE",
"v": false,
"row": 1,
"col": 1,
"def": "One of the sensations produced by the tongue in response to certain chemicals."
},
{
"w": "ATTEST",
"v": false,
"row": 4,
"col": 2,
"def": "To affirm to be correct, true, or genuine."
}
]
}