{
"id": 1969,
"sub_category": "Air Packx",
"category": "Formation Group",
"type": 0,
"letters": "AMNOOR",
"mov": 28,
"shovels": 1,
"coins": 5,
"rows": 15,
"cols": 15,
"c": 0,
"b": -1,
"w": 13,
"h": 11,
"dws": [
"NOMA",
"OOR",
"NOO",
"ROMA",
"ROAM",
"MOA",
"MONA",
"OOM",
"ORA",
"MORN",
"RNA",
"MORON",
"NORMA",
"NAM",
"ONO",
"MOR",
"OON",
"MORA",
"MON",
"MANO",
"ROO",
"ROM",
"MNA",
"ROON",
"ROMANO",
"NOM",
"OMA"
],
"ws": [
{
"w": "ARM",
"v": true,
"row": 3,
"col": 7,
"def": "The portion of the upper human appendage, from the shoulder to the wrist and sometimes including the hand."
},
{
"w": "MAN",
"v": false,
"row": 5,
"col": 7,
"def": "An adult male human."
},
{
"w": "MAR",
"v": false,
"row": 7,
"col": 7,
"def": "To spoil, to damage."
},
{
"w": "MOO",
"v": true,
"row": 1,
"col": 9,
"def": "The characteristic sound made by a cow or bull."
},
{
"w": "NOR",
"v": true,
"row": 5,
"col": 9,
"def": "Used to introduce a further negative statement."
},
{
"w": "OAR",
"v": true,
"row": 8,
"col": 5,
"def": "An implement used to propel a boat or a ship in the water, having a flat blade at one end, being rowed from the other end and being normally fastened to the vessel."
},
{
"w": "RAM",
"v": true,
"row": 6,
"col": 4,
"def": "A male sheep."
},
{
"w": "RAN",
"v": false,
"row": 10,
"col": 5,
"def": "Simple past of run."
},
{
"w": "MOON",
"v": false,
"row": 1,
"col": 9,
"def": "The largest satellite of Earth."
},
{
"w": "ROOM",
"v": false,
"row": 3,
"col": 0,
"def": "Wide; spacious; roomy."
},
{
"w": "NORM",
"v": false,
"row": 6,
"col": 2,
"def": "That which is regarded as normal or typical."
},
{
"w": "MOAN",
"v": true,
"row": 7,
"col": 7,
"def": "A low, mournful cry of pain, sorrow or pleasure."
},
{
"w": "MONO",
"v": false,
"row": 8,
"col": 4,
"def": "Short name for the disease mononucleosis."
},
{
"w": "MOOR",
"v": true,
"row": 0,
"col": 0,
"def": "An extensive waste covered with patches of heath, and having a poor, light soil, but sometimes marshy, and abounding in peat; a heath."
},
{
"w": "ROAN",
"v": true,
"row": 0,
"col": 11,
"def": "Especially of a horse, having a coat of a dark base color with individual white hairs mixed in."
},
{
"w": "ROMAN",
"v": true,
"row": 2,
"col": 2,
"def": "Upright, as opposed to italic."
},
{
"w": "MANOR",
"v": false,
"row": 0,
"col": 3,
"def": "A landed estate."
},
{
"w": "MAROON",
"v": false,
"row": 3,
"col": 6,
"def": "A castaway; a person who has been marooned."
}
]
}