{
"id": 1975,
"sub_category": "Air Packx",
"category": "Formation Group",
"type": 0,
"letters": "CIRSTU",
"mov": 20,
"shovels": 1,
"coins": 5,
"rows": 15,
"cols": 15,
"c": 0,
"b": -1,
"w": 10,
"h": 8,
"dws": [
"CITS",
"CRU",
"RIT",
"CUR",
"SIC",
"RICTUS",
"RUC",
"ICTUS",
"CIST",
"TIC",
"CRIT",
"TIS",
"TUI",
"TUIS",
"URIC",
"SCUT",
"CRUS",
"RUT",
"CIT",
"RUCS",
"SIR",
"UTS",
"SCUR",
"SITU",
"CIS",
"CURST",
"CUIT",
"UTIS",
"CUITS",
"SUI",
"CRIS",
"SRI",
"CUT",
"CRITS",
"ITS",
"SIT",
"RITS",
"CURS",
"CUTIS"
],
"ws": [
{
"w": "CUTS",
"v": false,
"row": 7,
"col": 6,
"def": "Plural form of cut."
},
{
"w": "RUST",
"v": true,
"row": 0,
"col": 9,
"def": "The deteriorated state of iron or steel as a result of moisture and oxidation."
},
{
"w": "RUTS",
"v": false,
"row": 2,
"col": 6,
"def": "Plural form of rut."
},
{
"w": "STIR",
"v": true,
"row": 0,
"col": 3,
"def": "To change the place of in any manner; to move."
},
{
"w": "SUIT",
"v": true,
"row": 4,
"col": 8,
"def": "A set of clothes to be worn together, now especially a man's matching jacket and trousers (also business suit or lounge suit), or a similar outfit for a woman."
},
{
"w": "TICS",
"v": true,
"row": 3,
"col": 4,
"def": "Plural form of tic."
},
{
"w": "CURT",
"v": false,
"row": 3,
"col": 1,
"def": "Brief or terse, especially to the point of being rude."
},
{
"w": "CRUST",
"v": false,
"row": 0,
"col": 0,
"def": "A more solid, dense or hard layer on a surface or boundary."
},
{
"w": "CITRUS",
"v": false,
"row": 5,
"col": 4,
"def": "Any of several shrubs or trees of the family Rutaceae."
},
{
"w": "RUSTIC",
"v": true,
"row": 2,
"col": 6,
"def": "Country-styled or pastoral; rural."
}
]
}