{
"id": 198,
"sub_category": "Dusk Pack",
"category": "Sky Group",
"type": 0,
"letters": "MOSTTU",
"mov": 20,
"shovels": 1,
"coins": 5,
"rows": 15,
"cols": 15,
"c": 0,
"b": -1,
"w": 9,
"h": 7,
"dws": [
"SOT",
"TOST",
"TUTS",
"OUTS",
"SMUT",
"MUS",
"MOUS",
"OMS",
"MOS",
"TUT",
"MOT",
"TUM",
"TOMS",
"MUT",
"STUM",
"OUS",
"MOU",
"TOM",
"UMS",
"STOT",
"MOTUS",
"TOUT",
"MOTS",
"UTS",
"SUMO",
"SOUT",
"MOTT",
"TUMS",
"SOUM",
"MUSO",
"SOU",
"MOTTS",
"MOTU",
"TOTS",
"MUTS",
"SMOUT",
"MUTTS",
"SOM"
],
"ws": [
{
"w": "OUT",
"v": true,
"row": 0,
"col": 1,
"def": "Away from home or one's usual place, or not indoors."
},
{
"w": "SUM",
"v": true,
"row": 4,
"col": 3,
"def": "A quantity obtained by addition or aggregation."
},
{
"w": "MOST",
"v": false,
"row": 4,
"col": 1,
"def": "Superlative form of much."
},
{
"w": "MUST",
"v": false,
"row": 1,
"col": 5,
"def": "To do with certainty; indicates that the speaker is certain that the subject will have executed the predicate."
},
{
"w": "MUTT",
"v": false,
"row": 6,
"col": 3,
"def": "A mongrel dog; a dog of mixed breed or uncertain origin."
},
{
"w": "OUST",
"v": false,
"row": 0,
"col": 1,
"def": "To expel; to remove."
},
{
"w": "STOUT",
"v": false,
"row": 2,
"col": 0,
"def": "Bold, strong-minded; lusty; vigorous; robust; sinewy; muscular."
},
{
"w": "UTMOST",
"v": true,
"row": 1,
"col": 6,
"def": "Situated at the most distant limit; farthest."
},
{
"w": "TOUTS",
"v": true,
"row": 1,
"col": 8,
"def": "Plural form of tout."
},
{
"w": "TOT",
"v": true,
"row": 2,
"col": 4,
"def": "A small child."
}
]
}