{
"id": 1981,
"sub_category": "Air Packx",
"category": "Formation Group",
"type": 0,
"letters": "ADMORR",
"mov": 18,
"shovels": 1,
"coins": 5,
"rows": 15,
"cols": 15,
"c": 0,
"b": -1,
"w": 9,
"h": 7,
"dws": [
"MAR",
"DORR",
"ODA",
"ARM",
"MAROR",
"ROMA",
"ARD",
"MOA",
"MORRA",
"DAM",
"MOD",
"ORAD",
"DOR",
"RAM",
"ROD",
"ORRA",
"ORA",
"RAD",
"MOR",
"ADO",
"MORA",
"MAD",
"ORD",
"ROM",
"DOM",
"OAR",
"OMA",
"MARD"
],
"ws": [
{
"w": "DORM",
"v": false,
"row": 4,
"col": 0,
"def": "Dormitory."
},
{
"w": "ROAD",
"v": false,
"row": 1,
"col": 5,
"def": "At the venue of the opposing team or competitor."
},
{
"w": "ROAM",
"v": true,
"row": 1,
"col": 3,
"def": "To wander or travel freely and with no specific destination."
},
{
"w": "ROAR",
"v": true,
"row": 3,
"col": 1,
"def": "To make a loud, deep cry, especially from pain, anger, or other strong emotion."
},
{
"w": "DRAM",
"v": true,
"row": 0,
"col": 5,
"def": "A unit of weight avoirdupois,."
},
{
"w": "ARMOR",
"v": false,
"row": 3,
"col": 3,
"def": "A protective layer over a body, vehicle, or other object intended to deflect or diffuse damaging forces."
},
{
"w": "ARDOR",
"v": false,
"row": 6,
"col": 0,
"def": "Great warmth of feeling; fervor; passion."
},
{
"w": "RAMROD",
"v": true,
"row": 0,
"col": 7,
"def": "Device used with early firearms to push the projectile up against the propellant."
}
]
}