{
"id": 1982,
"sub_category": "Air Packx",
"category": "Formation Group",
"type": 0,
"letters": "AEESTT",
"mov": 22,
"shovels": 1,
"coins": 5,
"rows": 15,
"cols": 15,
"c": 0,
"b": -1,
"w": 10,
"h": 9,
"dws": [
"TATS",
"SETA",
"ATE",
"TEA",
"SETT",
"ETATS",
"TAT",
"TET",
"TETES",
"TEE",
"TAE",
"EAT",
"STET",
"TETE",
"EST",
"ESE",
"ATT",
"TATE",
"ETAS",
"SAE",
"TES",
"SAT",
"TETS",
"TESTA",
"TESTE",
"STEE",
"TAS",
"ATES",
"ATS",
"ETA",
"SET",
"TESTAE",
"TASE",
"TEAT",
"TATES",
"TAES",
"TEATS",
"EAS",
"SEA",
"SATE",
"ETAT",
"SETAE",
"SEE"
],
"ws": [
{
"w": "EASE",
"v": false,
"row": 3,
"col": 1,
"def": "The state of being comfortable or free from stress."
},
{
"w": "EAST",
"v": true,
"row": 3,
"col": 1,
"def": "One of the four principal compass points, specifically 90\u00b0, conventionally directed to the right on maps; the direction of the rising sun at an equinox."
},
{
"w": "EATS",
"v": true,
"row": 3,
"col": 4,
"def": "Third-person singular simple present indicative form of eat."
},
{
"w": "SEAT",
"v": false,
"row": 5,
"col": 1,
"def": "A place in which to sit."
},
{
"w": "TEAS",
"v": true,
"row": 4,
"col": 6,
"def": "Plural form of tea."
},
{
"w": "TEES",
"v": true,
"row": 0,
"col": 3,
"def": "Plural form of tee."
},
{
"w": "TEST",
"v": false,
"row": 4,
"col": 6,
"def": "A challenge."
},
{
"w": "STAT",
"v": false,
"row": 6,
"col": 4,
"def": "Immediately, now (usually used in medical situations, to connote extreme urgency)."
},
{
"w": "STATE",
"v": true,
"row": 0,
"col": 7,
"def": "Any sovereign polity. A government."
},
{
"w": "TASTE",
"v": false,
"row": 8,
"col": 0,
"def": "One of the sensations produced by the tongue in response to certain chemicals."
},
{
"w": "TEASE",
"v": false,
"row": 2,
"col": 5,
"def": "To separate the fibres of a fibrous material."
},
{
"w": "ESTATE",
"v": true,
"row": 2,
"col": 9,
"def": "The state; the general body politic; the common-wealth; the general interest; state affairs."
}
]
}