{
"id": 1983,
"sub_category": "Air Packx",
"category": "Formation Group",
"type": 0,
"letters": "ABLLOT",
"mov": 30,
"shovels": 1,
"coins": 5,
"rows": 15,
"cols": 15,
"c": 0,
"b": -1,
"w": 14,
"h": 10,
"dws": [
"OLLA",
"BOA",
"BAL",
"BLAT",
"ALLOT",
"ABO",
"LOB",
"LOL",
"TOLA",
"LAT",
"TAO",
"OBA",
"ALB",
"LOTA",
"BOTA"
],
"ws": [
{
"w": "ALL",
"v": true,
"row": 7,
"col": 10,
"def": "Intensifier."
},
{
"w": "BAT",
"v": true,
"row": 5,
"col": 12,
"def": "Any of the small, nocturnal, flying mammals of the order Chiroptera, which navigate by means of echolocation. They look like a mouse with membranous wings extending from the forelimbs to the hind limbs or tail. Altogether, there are about 1,000 bat species in the world."
},
{
"w": "LAB",
"v": false,
"row": 5,
"col": 10,
"def": "A laboratory."
},
{
"w": "LOT",
"v": true,
"row": 0,
"col": 8,
"def": "A large quantity or number; a great deal."
},
{
"w": "TAB",
"v": false,
"row": 2,
"col": 8,
"def": "A small flap or strip of material attached to something, for holding, manipulation, identification, etc."
},
{
"w": "BOT",
"v": true,
"row": 0,
"col": 6,
"def": "The larva of a bot fly, which infests the skin of various mammals, producing warbles, or the nasal passage of sheep, or the stomach of horses."
},
{
"w": "OAT",
"v": false,
"row": 2,
"col": 4,
"def": "Widely cultivated cereal grass, typically Avena sativa."
},
{
"w": "ALT",
"v": true,
"row": 7,
"col": 8,
"def": "A state of excitement, conveyed by a high pitched voice."
},
{
"w": "BALL",
"v": true,
"row": 2,
"col": 10,
"def": "A solid or hollow sphere."
},
{
"w": "BOAT",
"v": true,
"row": 5,
"col": 5,
"def": "A craft used for transportation of goods, fishing, racing, recreational cruising, or military use on or in the water, propelled by oars or outboard motor or inboard motor or by wind."
},
{
"w": "BOLT",
"v": false,
"row": 0,
"col": 6,
"def": "A (usually) metal fastener consisting of a cylindrical body that is threaded, with a larger head on one end. It can be inserted into an unthreaded hole up to the head, with a nut then threaded on the other end; a heavy machine screw."
},
{
"w": "TALL",
"v": false,
"row": 9,
"col": 8,
"def": "Obsequious; obedient."
},
{
"w": "TOLL",
"v": false,
"row": 8,
"col": 5,
"def": "Loss or damage incurred through a disaster."
},
{
"w": "ALTO",
"v": false,
"row": 7,
"col": 10,
"def": "A musical part or section higher than tenor and lower than soprano, formerly the part that performed a countermelody above the tenor or main melody."
},
{
"w": "BLOT",
"v": true,
"row": 0,
"col": 4,
"def": "A blemish, spot or stain made by a coloured substance."
},
{
"w": "BOLA",
"v": true,
"row": 1,
"col": 1,
"def": "A name in Bengal of the mahoe or majagua, Pariti tiliaceum."
},
{
"w": "BOLL",
"v": false,
"row": 1,
"col": 1,
"def": "The rounded seed-bearing capsule of a cotton or flax plant."
},
{
"w": "BLOAT",
"v": false,
"row": 3,
"col": 0,
"def": "To cause to become distended."
},
{
"w": "ATOLL",
"v": true,
"row": 3,
"col": 3,
"def": "A type of island consisting of a ribbon reef that nearly or entirely surrounds a lagoon and supports, in most cases, one to many islets on the reef platform. Atolls have a unique geology, so not all islands with a reef and a lagoon are atolls."
},
{
"w": "BALLOT",
"v": false,
"row": 6,
"col": 1,
"def": "A paper or card used to cast a vote."
}
]
}