{
"id": 1995,
"sub_category": "Grace Packx",
"category": "Formation Group",
"type": 0,
"letters": "EILRTT",
"mov": 20,
"shovels": 1,
"coins": 5,
"rows": 15,
"cols": 15,
"c": 0,
"b": -1,
"w": 11,
"h": 9,
"dws": [
"RET",
"TILT",
"RIT",
"RELIT",
"LEI",
"TETRI",
"TITE",
"LIE",
"RITT",
"REI",
"LIT",
"TET",
"RIEL",
"ELT",
"LIRE",
"TIRL",
"TELT",
"LEIR",
"TEL",
"TIT",
"TIL",
"TILTER",
"TILER",
"TIE",
"TRET",
"TEIL",
"TITRE",
"TRIE",
"LITRE",
"TITLER",
"LET",
"LIER",
"TITER",
"IRE"
],
"ws": [
{
"w": "TILE",
"v": false,
"row": 4,
"col": 3,
"def": "A regularly-shaped slab of clay or other material, affixed to cover or decorate a surface, as in a roof-tile, glazed tile, stove tile, etc."
},
{
"w": "TIRE",
"v": true,
"row": 5,
"col": 2,
"def": "To become sleepy or weary."
},
{
"w": "RILE",
"v": false,
"row": 7,
"col": 2,
"def": "To make angry."
},
{
"w": "RITE",
"v": true,
"row": 2,
"col": 3,
"def": "A religious custom."
},
{
"w": "TIER",
"v": false,
"row": 6,
"col": 5,
"def": "One who ties (knots, etc)."
},
{
"w": "LITE",
"v": false,
"row": 5,
"col": 0,
"def": "Light in composition, notably low in fat, calories etc.:."
},
{
"w": "LITER",
"v": true,
"row": 4,
"col": 5,
"def": "US spelling of litre: One cubic decimeter."
},
{
"w": "TITLE",
"v": true,
"row": 0,
"col": 6,
"def": "A prefix (honorific) or suffix (post-nominal) added to a person's name to signify either veneration, official position or a professional or academic qualification."
},
{
"w": "TRITE",
"v": false,
"row": 2,
"col": 6,
"def": "Worn out; hackneyed; used so many times that it is no longer interesting or effective (often in reference to a word or phrase)."
},
{
"w": "LITTER",
"v": true,
"row": 1,
"col": 8,
"def": "A platform mounted on two shafts, or a more elaborate construction, designed to be carried by two (or more) people to transport one (in luxury models sometimes more) third person(s) or (occasionally in the elaborate version) a cargo, such as a religious idol."
}
]
}