{
"id": 2000,
"sub_category": "Grace Packx",
"category": "Formation Group",
"type": 0,
"letters": "BEGLNO",
"mov": 24,
"shovels": 1,
"coins": 5,
"rows": 15,
"cols": 15,
"c": 0,
"b": -1,
"w": 12,
"h": 9,
"dws": [
"ONE",
"EON",
"NOG",
"NEG",
"BEL",
"OLE",
"EGO",
"LENO",
"NOB",
"GOEL",
"LOB",
"NOLE",
"BEG",
"BOG",
"EBON",
"LOGE",
"LOG",
"GON",
"OBE",
"NEB",
"GOE",
"GEN",
"BOLE",
"LENG",
"BEGO",
"BON",
"GEL",
"GOB",
"GEO",
"BELON",
"ENOL",
"LEG",
"BEN",
"ENG",
"GOLE",
"LONGE",
"BOGLE"
],
"ws": [
{
"w": "BLOG",
"v": false,
"row": 1,
"col": 3,
"def": "A website that allows users to reflect, share opinions, and discuss various topics in the form of an online journal while readers may comment on posts. Most blogs are written in a slightly informal tone (personal journals, news, businesses, etc.) Entries typically appear in reverse chronological order."
},
{
"w": "BONE",
"v": true,
"row": 1,
"col": 3,
"def": "A composite material consisting largely of calcium phosphate and collagen and making up the skeleton of most vertebrates."
},
{
"w": "GONE",
"v": false,
"row": 6,
"col": 0,
"def": "Past participle of go."
},
{
"w": "LOBE",
"v": true,
"row": 3,
"col": 6,
"def": "Any projection or division, especially one of a somewhat rounded form."
},
{
"w": "LONE",
"v": true,
"row": 0,
"col": 5,
"def": "Solitary; having no companion."
},
{
"w": "LONG",
"v": true,
"row": 4,
"col": 2,
"def": "Having much distance from one terminating point on an object or an area to another terminating point (usually applies to horizontal dimensions; see Usage Notes below)."
},
{
"w": "BONG",
"v": false,
"row": 5,
"col": 6,
"def": "A clang of a large bell."
},
{
"w": "GLEN",
"v": true,
"row": 2,
"col": 8,
"def": "A secluded and narrow valley; a dale; a depression between hills."
},
{
"w": "GLOB",
"v": false,
"row": 2,
"col": 8,
"def": "A round, shapeless or amorphous lump, as of a semisolid substance."
},
{
"w": "NOEL",
"v": false,
"row": 3,
"col": 3,
"def": "Christmas."
},
{
"w": "OGLE",
"v": false,
"row": 4,
"col": 0,
"def": ", (intransitive) To stare at (someone or something), especially impertinently, amorously, or covetously."
},
{
"w": "GLOBE",
"v": true,
"row": 0,
"col": 10,
"def": "Any spherical object."
},
{
"w": "NOBLE",
"v": false,
"row": 8,
"col": 4,
"def": "Having honorable qualities; having moral eminence and freedom from anything petty, mean or dubious in conduct and character."
},
{
"w": "BELONG",
"v": true,
"row": 1,
"col": 0,
"def": "To have its proper place."
}
]
}