{
"id": 2004,
"sub_category": "Fresh Packx",
"category": "Coast Group",
"type": 0,
"letters": "EEHNRT",
"mov": 20,
"shovels": 1,
"coins": 5,
"rows": 15,
"cols": 15,
"c": 0,
"b": -1,
"w": 11,
"h": 8,
"dws": [
"RET",
"HETE",
"ERN",
"ERE",
"ETEN",
"RENTE",
"HERN",
"THRENE",
"TEE",
"HENT",
"RETE",
"ENE",
"TENE",
"TERN",
"HEN",
"ETHE",
"TEN",
"TEHR",
"HET",
"RENT",
"REN",
"THE",
"TREEN",
"NEE",
"REE",
"REEN",
"ETH",
"ERNE",
"REH",
"HER",
"TERNE",
"TEER",
"NET",
"NTH",
"NETE",
"EEN"
],
"ws": [
{
"w": "HERE",
"v": true,
"row": 1,
"col": 4,
"def": "This place; this location."
},
{
"w": "TEEN",
"v": false,
"row": 5,
"col": 0,
"def": "A teenager, a person between 13 and 19 years old."
},
{
"w": "THEN",
"v": true,
"row": 4,
"col": 5,
"def": "At that time."
},
{
"w": "TREE",
"v": false,
"row": 2,
"col": 2,
"def": "A large plant, not exactly defined, but typically over four meters in height, a single trunk which grows in girth with age and branches (which also grow in circumference with age)."
},
{
"w": "THEE",
"v": true,
"row": 2,
"col": 2,
"def": "Objective case of thou."
},
{
"w": "ENTER",
"v": true,
"row": 3,
"col": 0,
"def": "To go into (a room, etc.)."
},
{
"w": "THERE",
"v": false,
"row": 0,
"col": 6,
"def": "In a place or location (stated, implied or otherwise indicated) at some distance from the speaker (compare here)."
},
{
"w": "THREE",
"v": true,
"row": 2,
"col": 8,
"def": "A numerical value after two and before four. Represented in Arabic digits as 3."
},
{
"w": "ETHER",
"v": false,
"row": 4,
"col": 4,
"def": "To viciously insult."
},
{
"w": "NETHER",
"v": false,
"row": 6,
"col": 4,
"def": "Lower; under."
}
]
}