{
"id": 2019,
"sub_category": "Shell Packx",
"category": "Coast Group",
"type": 0,
"letters": "ADHLRY",
"mov": 16,
"shovels": 1,
"coins": 5,
"rows": 15,
"cols": 15,
"c": 0,
"b": -1,
"w": 7,
"h": 6,
"dws": [
"YAR",
"DHAL",
"LARDY",
"RYA",
"ARD",
"ARY",
"RAY",
"DAHL",
"LAY",
"DRY",
"YAD",
"DAH",
"RAD",
"YAH",
"LAD",
"ARYL",
"DRAY",
"YALD",
"HAY",
"HAD",
"LYARD",
"RAH",
"ADRY",
"LAR",
"DAY",
"RYAL",
"LYRA",
"HARDY",
"DAL",
"HARL",
"LAH",
"HYLA"
],
"ws": [
{
"w": "HARD",
"v": true,
"row": 1,
"col": 6,
"def": "Resistant to pressure."
},
{
"w": "LADY",
"v": false,
"row": 5,
"col": 0,
"def": "The mistress of a household."
},
{
"w": "YARD",
"v": false,
"row": 2,
"col": 1,
"def": "A small, usually uncultivated area adjoining or (now especially) within the precincts of a house or other building."
},
{
"w": "LARD",
"v": false,
"row": 4,
"col": 3,
"def": "Fat from the abdomen of a pig, especially as prepared for use in cooking or pharmacy."
},
{
"w": "HYDRA",
"v": true,
"row": 1,
"col": 1,
"def": "Any of several small freshwater polyps of the genus Hydra and related genera, having a naked cylindrical body and an oral opening surrounded by tentacles."
},
{
"w": "HARDLY",
"v": true,
"row": 0,
"col": 3,
"def": "Firmly, vigorously, with strength or exertion."
}
]
}