{
"id": 2021,
"sub_category": "Shell Packx",
"category": "Coast Group",
"type": 0,
"letters": "CCNORU",
"mov": 20,
"shovels": 1,
"coins": 5,
"rows": 15,
"cols": 15,
"c": 0,
"b": -1,
"w": 8,
"h": 7,
"dws": [
"COUR",
"CRU",
"UNCO",
"COR",
"RUC",
"NUR",
"OURN",
"CURN",
"ROC",
"ORC",
"CORNU"
],
"ws": [
{
"w": "CON",
"v": true,
"row": 4,
"col": 0,
"def": "To study, especially in order to gain knowledge of."
},
{
"w": "NOR",
"v": true,
"row": 4,
"col": 3,
"def": "Used to introduce a further negative statement."
},
{
"w": "OUR",
"v": false,
"row": 5,
"col": 3,
"def": "Belonging to us."
},
{
"w": "RUN",
"v": true,
"row": 2,
"col": 7,
"def": "Act or instance of running, of moving rapidly using the feet."
},
{
"w": "URN",
"v": false,
"row": 4,
"col": 5,
"def": "A vase with a footed base."
},
{
"w": "CUR",
"v": true,
"row": 2,
"col": 2,
"def": "A mongrel or inferior dog."
},
{
"w": "CORN",
"v": false,
"row": 4,
"col": 0,
"def": "A cereal plant grown for its grain, specifically the main such plant grown in a given region, such as oats in parts of Scotland and Ireland, wheat or barley in England and Wales, and maize or sweetcorn in the Americas."
},
{
"w": "CROC",
"v": false,
"row": 0,
"col": 0,
"def": "A crocodile."
},
{
"w": "OCCUR",
"v": true,
"row": 1,
"col": 5,
"def": "To happen or take place."
},
{
"w": "CONCUR",
"v": false,
"row": 2,
"col": 2,
"def": "To unite or agree (in action or opinion); to have a common opinion; to coincide; to correspond."
}
]
}