{
"id": 2033,
"sub_category": "Wash Packx",
"category": "Coast Group",
"type": 0,
"letters": "CDEESU",
"mov": 20,
"shovels": 1,
"coins": 5,
"rows": 15,
"cols": 15,
"c": 0,
"b": -1,
"w": 8,
"h": 8,
"dws": [
"DUES",
"SED",
"DUCE",
"SEED",
"USED",
"DEES",
"EDUCES",
"EDUCE",
"UDS",
"CEE",
"ECU",
"ECUS",
"DEUS",
"CEES",
"DEE",
"DUCES",
"ESE",
"CUDS",
"CEDES",
"CUD",
"DEUCES",
"SEC",
"EDS",
"SUED",
"SUD",
"CUED",
"CUES"
],
"ws": [
{
"w": "CUE",
"v": true,
"row": 4,
"col": 4,
"def": "An action or event that is a signal for somebody to do something."
},
{
"w": "DUE",
"v": true,
"row": 4,
"col": 2,
"def": "Owed or owing."
},
{
"w": "SEE",
"v": false,
"row": 2,
"col": 1,
"def": "To perceive or detect with the eyes, or as if by sight."
},
{
"w": "SUE",
"v": true,
"row": 2,
"col": 1,
"def": "To follow."
},
{
"w": "USE",
"v": true,
"row": 0,
"col": 3,
"def": "The act of using."
},
{
"w": "CEDE",
"v": false,
"row": 6,
"col": 1,
"def": "To give up, give way, give away."
},
{
"w": "SCUD",
"v": false,
"row": 1,
"col": 3,
"def": "To race along swiftly (especially used of clouds)."
},
{
"w": "SUEDE",
"v": true,
"row": 0,
"col": 5,
"def": "A type of soft leather, made from calfskin, with a brushed texture to resemble fabric, often used to make boots, clothing and fashion accessories."
},
{
"w": "DEUCE",
"v": true,
"row": 3,
"col": 7,
"def": "A card with two spots, one of four in a standard deck of playing cards."
},
{
"w": "SEDUCE",
"v": false,
"row": 4,
"col": 0,
"def": "To beguile or lure someone away from duty, accepted principles, or proper conduct. To lead astray."
}
]
}