{
"id": 2037,
"sub_category": "Wash Packx",
"category": "Coast Group",
"type": 0,
"letters": "EGLOPS",
"mov": 24,
"shovels": 1,
"coins": 5,
"rows": 15,
"cols": 15,
"c": 0,
"b": -1,
"w": 12,
"h": 10,
"dws": [
"LEGS",
"LEPS",
"LES",
"GOELS",
"PEG",
"GOS",
"SLOE",
"PES",
"SEG",
"OLPES",
"ELOPS",
"OSE",
"OPE",
"GEOS",
"POS",
"OLE",
"EGO",
"PEL",
"GOEL",
"SEL",
"PESO",
"GOLPS",
"OPS",
"GOLP",
"LOPES",
"SOP",
"SOG",
"GOE",
"LOG",
"LOS",
"OGLE",
"LOGE",
"GOLES",
"OES",
"OLES",
"OLPE",
"GEL",
"POLES",
"ELS",
"GEO",
"POLS",
"EPOS",
"LEG",
"OPES",
"POL",
"GOLE",
"PELS",
"SPLOG",
"LEP",
"OGLES",
"GLOP",
"SEGO",
"LOP",
"LOGES",
"SOL",
"GLOPS",
"GELS"
],
"ws": [
{
"w": "EGOS",
"v": true,
"row": 6,
"col": 3,
"def": "Plural form of ego."
},
{
"w": "GOES",
"v": false,
"row": 9,
"col": 0,
"def": "Third-person singular simple present indicative form of go."
},
{
"w": "LOGS",
"v": false,
"row": 2,
"col": 1,
"def": "Plural form of log."
},
{
"w": "LOSE",
"v": true,
"row": 0,
"col": 4,
"def": "To cause (something) to cease to be in one's possession or capability due to unfortunate or unknown circumstances, events or reasons."
},
{
"w": "POLE",
"v": true,
"row": 0,
"col": 6,
"def": "Originally, a stick; now specifically, a long and slender piece of metal or (especially) wood, used for various construction or support purposes."
},
{
"w": "POSE",
"v": true,
"row": 2,
"col": 8,
"def": "Set in place, arrange."
},
{
"w": "SOLE",
"v": false,
"row": 6,
"col": 0,
"def": "A wooden band or yoke put around the neck of an ox or cow in the stall."
},
{
"w": "SLOG",
"v": true,
"row": 6,
"col": 0,
"def": "A long, tedious walk, or session of work."
},
{
"w": "SLOP",
"v": false,
"row": 0,
"col": 3,
"def": "A loose outer garment; a jacket or overall."
},
{
"w": "PEGS",
"v": false,
"row": 5,
"col": 7,
"def": "Plural form of peg."
},
{
"w": "LOPS",
"v": false,
"row": 2,
"col": 6,
"def": "Plural form of lop."
},
{
"w": "LOPE",
"v": false,
"row": 8,
"col": 8,
"def": "To jump, leap."
},
{
"w": "SLOPE",
"v": true,
"row": 5,
"col": 10,
"def": "An area of ground that tends evenly upward or downward."
},
{
"w": "GOSPEL",
"v": true,
"row": 1,
"col": 2,
"def": "The first section of the Christian New Testament scripture, comprising the books of Matthew, Mark, Luke and John, concerned with the life, death, resurrection, and teachings of Jesus."
}
]
}