{
"id": 2045,
"sub_category": "Wash Packx",
"category": "Coast Group",
"type": 0,
"letters": "DDEGOR",
"mov": 18,
"shovels": 1,
"coins": 5,
"rows": 15,
"cols": 15,
"c": 0,
"b": -1,
"w": 8,
"h": 8,
"dws": [
"RED",
"REDD",
"DERO",
"REGO",
"ERGO",
"REG",
"GORED",
"ODD",
"DOD",
"GOD",
"DORE",
"REO",
"EGO",
"ERG",
"EDDO",
"DOE",
"DOR",
"ORE",
"GED",
"DOGE",
"DREG",
"GOR",
"ROD",
"DOG",
"GOE",
"GEO",
"ORD",
"ROE",
"ODE",
"GOER",
"ORG",
"GER",
"ROED",
"DEG"
],
"ws": [
{
"w": "RODE",
"v": true,
"row": 4,
"col": 3,
"def": "The line from the vessel to its anchor. Also warp."
},
{
"w": "OGRE",
"v": true,
"row": 4,
"col": 1,
"def": "A type of brutish giant from folk tales that eats human flesh."
},
{
"w": "REDO",
"v": false,
"row": 6,
"col": 1,
"def": "To do again."
},
{
"w": "GORE",
"v": true,
"row": 0,
"col": 5,
"def": "Dirt, filth."
},
{
"w": "DOER",
"v": false,
"row": 4,
"col": 0,
"def": "Someone who does, performs, or executes; an active person, an agent."
},
{
"w": "DODGE",
"v": true,
"row": 0,
"col": 2,
"def": "To avoid by moving out of the way (often suddenly)."
},
{
"w": "ODDER",
"v": false,
"row": 2,
"col": 1,
"def": "Comparative form of odd: more odd."
},
{
"w": "DODGER",
"v": false,
"row": 0,
"col": 2,
"def": "One who dodges."
}
]
}