{
"id": 2050,
"sub_category": "Aqua Packx",
"category": "Coast Group",
"type": 0,
"letters": "ABBDEL",
"mov": 22,
"shovels": 1,
"coins": 5,
"rows": 15,
"cols": 15,
"c": 0,
"b": -1,
"w": 10,
"h": 9,
"dws": [
"ABED",
"BLAE",
"BED",
"LADE",
"BEL",
"BEAL",
"DAE",
"EBB",
"LAB",
"ALE",
"LEA",
"ELD",
"BALED",
"ABB",
"LAD",
"ABLED",
"BABEL",
"ABBE",
"ALB",
"LED",
"BAEL",
"ALBE",
"BLAD",
"DEB",
"BLEB",
"BAL",
"DAB",
"DAL",
"BLAB",
"BAD",
"DEL"
],
"ws": [
{
"w": "ABLE",
"v": false,
"row": 7,
"col": 3,
"def": "A word that is used in place of the letter \"A\" during communication."
},
{
"w": "BABE",
"v": false,
"row": 2,
"col": 6,
"def": "A baby or infant; a very young human or animal."
},
{
"w": "BALD",
"v": true,
"row": 5,
"col": 5,
"def": "Having no hair, fur or feathers."
},
{
"w": "DEAL",
"v": true,
"row": 5,
"col": 3,
"def": "A division, a portion, a share."
},
{
"w": "LEAD",
"v": false,
"row": 5,
"col": 0,
"def": "A heavy, pliable, inelastic metal element, having a bright, bluish color, but easily tarnished; both malleable and ductile, though with little tenacity. It is easily fusible, forms alloys with other metals, and is an ingredient of solder and type metal. Atomic number 82, symbol Pb (from Latin plumbum)."
},
{
"w": "BEAD",
"v": false,
"row": 5,
"col": 5,
"def": "A small round object."
},
{
"w": "BALE",
"v": true,
"row": 2,
"col": 6,
"def": "Evil, especially considered as an active force for destruction or death."
},
{
"w": "BLED",
"v": true,
"row": 3,
"col": 1,
"def": "Simple past tense and past participle of bleed."
},
{
"w": "BADE",
"v": false,
"row": 3,
"col": 1,
"def": "Simple past of bid."
},
{
"w": "DALE",
"v": true,
"row": 0,
"col": 4,
"def": "A valley in an otherwise hilly area."
},
{
"w": "BLADE",
"v": true,
"row": 2,
"col": 8,
"def": "The sharp cutting edge of a knife, chisel, or other tool, a razor blade."
},
{
"w": "DABBLE",
"v": false,
"row": 0,
"col": 4,
"def": "To partially wet (something) by splashing or dipping; connotes playfulness."
}
]
}