{
"id": 2051,
"sub_category": "Aqua Packx",
"category": "Coast Group",
"type": 0,
"letters": "EIRTUV",
"mov": 16,
"shovels": 1,
"coins": 5,
"rows": 15,
"cols": 15,
"c": 0,
"b": -1,
"w": 6,
"h": 6,
"dws": [
"RET",
"VITE",
"RIT",
"VIRTU",
"REI",
"RIVE",
"UTE",
"TUI",
"VIER",
"ERUV",
"VIRE",
"VET",
"RUT",
"REV",
"VERT",
"UTERI",
"ETUI",
"URITE",
"TIE",
"RUE",
"TRIE",
"URE",
"VERTU",
"VIE",
"IRE"
],
"ws": [
{
"w": "TIRE",
"v": true,
"row": 0,
"col": 2,
"def": "To become sleepy or weary."
},
{
"w": "TRUE",
"v": false,
"row": 5,
"col": 2,
"def": "Conforming to the actual state of reality or fact; factually correct."
},
{
"w": "RITE",
"v": false,
"row": 0,
"col": 0,
"def": "A religious custom."
},
{
"w": "TIER",
"v": true,
"row": 0,
"col": 5,
"def": "One who ties (knots, etc)."
},
{
"w": "RIVET",
"v": true,
"row": 0,
"col": 0,
"def": "A cylindrical mechanical fastener that attaches multiple parts together by fitting through a hole and deforming the head(s) at either end."
},
{
"w": "VIRTUE",
"v": false,
"row": 2,
"col": 0,
"def": "Specifically, moral conduct in sexual behaviour, especially of women; chastity."
}
]
}