{
"id": 2057,
"sub_category": "Aqua Packx",
"category": "Coast Group",
"type": 0,
"letters": "EFGOOR",
"mov": 26,
"shovels": 1,
"coins": 5,
"rows": 15,
"cols": 15,
"c": 0,
"b": -1,
"w": 11,
"h": 9,
"dws": [
"REGO",
"ERGO",
"REG",
"OOR",
"OOF",
"GOFER",
"ORF",
"FROE",
"REO",
"ERG",
"FER",
"GOR",
"FEG",
"GOE",
"ORFE",
"GEO",
"REF",
"ROO",
"ROE",
"GOER",
"ORG",
"GER",
"GOOR",
"FOO",
"ERF"
],
"ws": [
{
"w": "EGO",
"v": true,
"row": 4,
"col": 9,
"def": "The self, especially with a sense of self-importance."
},
{
"w": "FOE",
"v": false,
"row": 4,
"col": 7,
"def": "Hostile."
},
{
"w": "FOG",
"v": false,
"row": 2,
"col": 8,
"def": "A thick cloud that forms near the ground; the obscurity of such a cloud."
},
{
"w": "FOR",
"v": true,
"row": 0,
"col": 6,
"def": "Because."
},
{
"w": "ORE",
"v": true,
"row": 1,
"col": 3,
"def": "Rock that contains utilitarian materials; primarily a rock containing metals or gems which (at the time of the rock's evaluation and proposal for extraction) are able to be separated from its neighboring minerals and processed at a cost that does not exceed those materials' present-day economic values."
},
{
"w": "FRO",
"v": true,
"row": 2,
"col": 8,
"def": "From; away; back or backward. In modern English used only in the set phrase to and fro (\"back and forth\")."
},
{
"w": "GOO",
"v": true,
"row": 0,
"col": 9,
"def": "Any semi-solid or liquid substance; especially one that is sticky, gummy or slippery; frequently of vague or unknown composition, or a bodily fluid."
},
{
"w": "FORE",
"v": true,
"row": 4,
"col": 7,
"def": "An exclamation yelled to inform players a ball is moving in their direction."
},
{
"w": "FROG",
"v": false,
"row": 0,
"col": 6,
"def": "A small tailless amphibian of the order Anura that typically hops."
},
{
"w": "ROOF",
"v": false,
"row": 6,
"col": 7,
"def": "The cover at top of a building."
},
{
"w": "GOOF",
"v": true,
"row": 2,
"col": 0,
"def": "A mistake or error."
},
{
"w": "OGRE",
"v": false,
"row": 3,
"col": 0,
"def": "A type of brutish giant from folk tales that eats human flesh."
},
{
"w": "GORE",
"v": true,
"row": 5,
"col": 3,
"def": "Dirt, filth."
},
{
"w": "FORGE",
"v": false,
"row": 5,
"col": 0,
"def": "Furnace or hearth where metals are heated prior to hammering them into shape."
},
{
"w": "FORGO",
"v": false,
"row": 1,
"col": 2,
"def": "To let pass, to leave alone."
},
{
"w": "FOREGO",
"v": false,
"row": 8,
"col": 0,
"def": "To precede, to go before."
}
]
}