{
"id": 2058,
"sub_category": "Aqua Packx",
"category": "Coast Group",
"type": 0,
"letters": "EGILNS",
"mov": 24,
"shovels": 1,
"coins": 5,
"rows": 15,
"cols": 15,
"c": 0,
"b": -1,
"w": 13,
"h": 10,
"dws": [
"GIE",
"LINS",
"LIG",
"INGS",
"SEI",
"GLEI",
"LES",
"SIN",
"GENS",
"LEI",
"LIGS",
"LIE",
"EGIS",
"SENGI",
"LENIS",
"LEIS",
"SEG",
"NEG",
"SIEN",
"LIS",
"SILE",
"ELSIN",
"INGLE",
"NILS",
"NIES",
"SEN",
"GIN",
"NEGS",
"SEL",
"ENGS",
"NIS",
"LING",
"LENGS",
"LIENS",
"LIGNE",
"SEGNI",
"NIE",
"GEN",
"GIEN",
"LENG",
"LIN",
"GEL",
"GIES",
"ELS",
"LEG",
"ENS",
"GINS",
"SIG",
"INGLES",
"NIL",
"ING",
"ENG",
"LINES",
"GLEIS",
"INS",
"LINGS",
"GIS",
"SEIL",
"SNIG",
"GLENS"
],
"ws": [
{
"w": "GELS",
"v": true,
"row": 6,
"col": 3,
"def": "Plural form of gel."
},
{
"w": "LEGS",
"v": false,
"row": 6,
"col": 6,
"def": "Plural form of leg."
},
{
"w": "LENS",
"v": false,
"row": 9,
"col": 0,
"def": "An object, usually made of glass, that focuses or defocuses the light that passes through it."
},
{
"w": "LIES",
"v": true,
"row": 6,
"col": 6,
"def": "Plural form of lie."
},
{
"w": "LINE",
"v": false,
"row": 8,
"col": 3,
"def": "A path through two or more points (compare 'segment'); a continuous mark, including as made by a pen; any path, curved or straight."
},
{
"w": "SIGN",
"v": true,
"row": 3,
"col": 2,
"def": "A visible indication."
},
{
"w": "SING",
"v": false,
"row": 6,
"col": 0,
"def": "To produce musical or harmonious sounds with one's voice."
},
{
"w": "GLEN",
"v": true,
"row": 6,
"col": 8,
"def": "A secluded and narrow valley; a dale; a depression between hills."
},
{
"w": "ISLE",
"v": true,
"row": 6,
"col": 1,
"def": "An island."
},
{
"w": "LIEN",
"v": false,
"row": 4,
"col": 1,
"def": "A tendon."
},
{
"w": "SINE",
"v": true,
"row": 2,
"col": 4,
"def": "In a right triangle, the ratio of the length of the side opposite an angle to the length of the hypotenuse."
},
{
"w": "SLING",
"v": false,
"row": 2,
"col": 4,
"def": "To throw with a circular or arcing motion."
},
{
"w": "SINGE",
"v": true,
"row": 0,
"col": 7,
"def": "To burn slightly."
},
{
"w": "SINGLE",
"v": false,
"row": 0,
"col": 7,
"def": "Not accompanied by anything else; one in number."
}
]
}