{
"id": 206,
"sub_category": "Dusk Pack",
"category": "Sky Group",
"type": 0,
"letters": "EGLNPU",
"mov": 24,
"shovels": 1,
"coins": 5,
"rows": 15,
"cols": 15,
"c": 0,
"b": -1,
"w": 10,
"h": 9,
"dws": [
"GNU",
"LUNE",
"PUL",
"LUGE",
"PLU",
"PUNGLE",
"LUN",
"NEG",
"GUE",
"NUG",
"PEL",
"PULE",
"UNPEG",
"GUL",
"NEP",
"PUNG",
"GEN",
"LENG",
"GULE",
"PEN",
"ULE",
"LEU",
"PLUE",
"ENG",
"GUP",
"LEP",
"GENU"
],
"ws": [
{
"w": "GEL",
"v": true,
"row": 4,
"col": 2,
"def": "A semi-solid to almost solid colloid of a solid and a liquid, such as jelly, cheese or opal."
},
{
"w": "GUN",
"v": true,
"row": 6,
"col": 4,
"def": "A very portable, short firearm, for hand use, which fires bullets or projectiles, such as a handgun, revolver, pistol, or Derringer."
},
{
"w": "LEG",
"v": false,
"row": 4,
"col": 0,
"def": "The lower limb of a human being or animal that extends from the groin to the ankle."
},
{
"w": "LUG",
"v": false,
"row": 2,
"col": 1,
"def": "A lug nut."
},
{
"w": "PUG",
"v": true,
"row": 0,
"col": 3,
"def": "The footprint of an animal. (Also pugmark) (From the Hindi for 'foot', related to Sanskrit 'padh' and Greek 'ped')."
},
{
"w": "PEG",
"v": true,
"row": 6,
"col": 1,
"def": "A cylindrical wooden, metal etc. object used to fasten or as a bearing between objects."
},
{
"w": "GLUE",
"v": true,
"row": 1,
"col": 1,
"def": "A hard gelatin made by boiling bones and hides, used in solution as an adhesive; or any sticky adhesive substance."
},
{
"w": "LUNG",
"v": true,
"row": 5,
"col": 6,
"def": "A biological organ that extracts oxygen from the air."
},
{
"w": "PLUG",
"v": false,
"row": 6,
"col": 1,
"def": "A pronged connecting device which fits into a mating socket."
},
{
"w": "GLEN",
"v": false,
"row": 8,
"col": 1,
"def": "A secluded and narrow valley; a dale; a depression between hills."
},
{
"w": "GULP",
"v": true,
"row": 0,
"col": 7,
"def": "The usual amount swallowed."
},
{
"w": "LUNGE",
"v": true,
"row": 1,
"col": 9,
"def": "A sudden forward movement, especially with a sword."
},
{
"w": "PLUNGE",
"v": false,
"row": 0,
"col": 3,
"def": "The act of plunging or submerging."
},
{
"w": "PUN",
"v": false,
"row": 3,
"col": 7,
"def": "To beat; strike with force; ram; pound, as in a mortar; reduce to powder."
}
]
}