{
"id": 2066,
"sub_category": "Pebble Packx",
"category": "Coast Group",
"type": 0,
"letters": "DEFGIR",
"mov": 20,
"shovels": 1,
"coins": 5,
"rows": 15,
"cols": 15,
"c": 0,
"b": -1,
"w": 11,
"h": 8,
"dws": [
"RED",
"GIE",
"FID",
"DIE",
"FIER",
"FED",
"REG",
"REI",
"FRIG",
"FIG",
"RID",
"DEIF",
"DIG",
"REIF",
"ERG",
"GIED",
"FER",
"RIF",
"FIRED",
"GED",
"DREG",
"GRIDE",
"DEI",
"FEG",
"DEFI",
"RIG",
"IDE",
"FIDGE",
"FIR",
"GIRD",
"GIF",
"GID",
"REF",
"DEF",
"IRED",
"GER",
"DIF",
"ERF",
"FIE",
"DEG",
"IRE"
],
"ws": [
{
"w": "DIRE",
"v": false,
"row": 7,
"col": 6,
"def": "Ill-boding; portentous."
},
{
"w": "FIRE",
"v": true,
"row": 1,
"col": 4,
"def": "A (usually self-sustaining) chemical reaction involving the bonding of oxygen with carbon or other fuel, with the production of heat and the presence of flame or smouldering."
},
{
"w": "GRID",
"v": true,
"row": 4,
"col": 3,
"def": "A rectangular array of squares or rectangles of equal size, such as in a crossword puzzle."
},
{
"w": "RIDE",
"v": true,
"row": 0,
"col": 7,
"def": "To play defense on the defensemen or midfielders, as an attackman."
},
{
"w": "RIFE",
"v": false,
"row": 3,
"col": 4,
"def": "Widespread, common (especially of unpleasant or harmful things)."
},
{
"w": "FRIED",
"v": true,
"row": 3,
"col": 6,
"def": "Simple past tense and past participle of fry."
},
{
"w": "GRIEF",
"v": false,
"row": 0,
"col": 6,
"def": "Cause or instance of sorrow or pain; that which afflicts or distresses; trial."
},
{
"w": "RIDGE",
"v": false,
"row": 6,
"col": 2,
"def": "The back of any animal; especially the upper or projecting part of the back of a quadruped."
},
{
"w": "DIRGE",
"v": false,
"row": 4,
"col": 0,
"def": "A mournful poem or piece of music composed or performed as a memorial to a dead person."
},
{
"w": "FRIDGE",
"v": true,
"row": 2,
"col": 9,
"def": "To rub, chafe."
}
]
}