{
"id": 2067,
"sub_category": "Pebble Packx",
"category": "Coast Group",
"type": 0,
"letters": "ACDILP",
"mov": 20,
"shovels": 1,
"coins": 5,
"rows": 15,
"cols": 15,
"c": 0,
"b": -1,
"w": 9,
"h": 9,
"dws": [
"CAPI",
"CAP",
"CID",
"ALP",
"LAIC",
"CADI",
"PADI",
"PILA",
"PLICA",
"CALP",
"AID",
"LID",
"PICAL",
"DALI",
"PIA",
"CAL",
"PAD",
"DIP",
"LAD",
"PAC",
"LAP",
"PIAL",
"ALCID",
"PALI",
"CALID",
"AIL",
"LIP",
"LAC",
"CAID",
"DAP",
"LIPA",
"DAL",
"PAL",
"PICA",
"CAD",
"PIC"
],
"ws": [
{
"w": "ACID",
"v": false,
"row": 2,
"col": 5,
"def": "Sour, sharp, or biting to the taste; tart; having the taste of vinegar."
},
{
"w": "CLIP",
"v": true,
"row": 0,
"col": 1,
"def": "To grip tightly."
},
{
"w": "DIAL",
"v": true,
"row": 2,
"col": 8,
"def": "A graduated, circular scale over which a needle moves to show a measurement (such as speed)."
},
{
"w": "LAID",
"v": false,
"row": 8,
"col": 1,
"def": "Simple past tense and past participle of lay."
},
{
"w": "PAID",
"v": false,
"row": 5,
"col": 1,
"def": "Simple past tense and past participle of pay."
},
{
"w": "CLAD",
"v": true,
"row": 0,
"col": 5,
"def": "To clothe."
},
{
"w": "CLAP",
"v": false,
"row": 1,
"col": 0,
"def": "The act of striking the palms of the hands, or any two surfaces, together."
},
{
"w": "PAIL",
"v": true,
"row": 5,
"col": 1,
"def": "A vessel of wood, tin, plastic, etc., usually cylindrical and having a handle -- used especially for carrying liquids, for example water or milk; a bucket (sometimes with a cover)."
},
{
"w": "PLAID",
"v": false,
"row": 3,
"col": 1,
"def": "Having a pattern or colors which resemble a Scottish tartan; checkered or marked with bars or stripes at right angles to one another."
},
{
"w": "PLACID",
"v": true,
"row": 1,
"col": 3,
"def": "Calm and quiet; peaceful; tranquil."
}
]
}