{
"id": 2077,
"sub_category": "Pebble Packx",
"category": "Coast Group",
"type": 0,
"letters": "CEOPRU",
"mov": 22,
"shovels": 1,
"coins": 5,
"rows": 15,
"cols": 15,
"c": 0,
"b": -1,
"w": 9,
"h": 9,
"dws": [
"REC",
"CRU",
"CUR",
"RUC",
"ECO",
"CRUE",
"ECRU",
"ROUP",
"OUR",
"CUE",
"OPE",
"COUR",
"PRO",
"REO",
"ECU",
"ORE",
"CORE",
"PUCE",
"PEC",
"ORC",
"COURE",
"PERC",
"UPO",
"CROUPE",
"PUER",
"CUP",
"COPER",
"PER",
"URP",
"RUE",
"URE",
"ROE",
"COR",
"CROUP",
"CERO",
"ROUE",
"CEP",
"REP",
"PUR",
"ROC",
"PRE",
"COP"
],
"ws": [
{
"w": "COPE",
"v": false,
"row": 5,
"col": 5,
"def": "To deal effectively with something difficult."
},
{
"w": "CROP",
"v": false,
"row": 1,
"col": 0,
"def": "A plant, especially a cereal, grown to be harvested as food, livestock fodder, or fuel or for any other economic purpose."
},
{
"w": "CURE",
"v": true,
"row": 3,
"col": 1,
"def": "A method, device or medication that restores good health."
},
{
"w": "POUR",
"v": true,
"row": 5,
"col": 3,
"def": "To cause to flow in a stream, as a liquid or anything flowing like a liquid, either out of a vessel or into it."
},
{
"w": "PURE",
"v": true,
"row": 0,
"col": 5,
"def": "Free of flaws or imperfections; unsullied."
},
{
"w": "ROPE",
"v": false,
"row": 8,
"col": 3,
"def": "Thick strings, yarn, monofilaments, metal wires, or strands of other cordage that are twisted together to form a stronger line."
},
{
"w": "COUP",
"v": true,
"row": 5,
"col": 5,
"def": "A quick, brilliant, and highly successful act; a triumph."
},
{
"w": "EURO",
"v": true,
"row": 5,
"col": 8,
"def": "The currency unit of the European Monetary Union."
},
{
"w": "PORE",
"v": false,
"row": 0,
"col": 5,
"def": "A tiny opening in the skin."
},
{
"w": "REPO",
"v": false,
"row": 6,
"col": 0,
"def": "Repossession."
},
{
"w": "COUPE",
"v": false,
"row": 3,
"col": 1,
"def": "An ice cream dessert; the glass it is served in."
},
{
"w": "RECOUP",
"v": true,
"row": 0,
"col": 7,
"def": "To make back, as an investment."
}
]
}