{
"id": 208,
"sub_category": "Dusk Pack",
"category": "Sky Group",
"type": 0,
"letters": "EEELSV",
"mov": 16,
"shovels": 1,
"coins": 5,
"rows": 15,
"cols": 15,
"c": 0,
"b": -1,
"w": 8,
"h": 7,
"dws": [
"LEVS",
"EEL",
"LES",
"VELES",
"ELVE",
"SLEE",
"EVES",
"VEE",
"SELE",
"SEL",
"LEV",
"LEVE",
"ESE",
"VELE",
"LEES",
"EVE",
"LEE",
"ELS",
"SEEL",
"SEV",
"LEESE",
"SEE",
"VEES"
],
"ws": [
{
"w": "ELSE",
"v": false,
"row": 4,
"col": 4,
"def": "Other; in addition to previously mentioned items."
},
{
"w": "EELS",
"v": true,
"row": 1,
"col": 6,
"def": "Plural form of eel."
},
{
"w": "ELVES",
"v": false,
"row": 5,
"col": 0,
"def": "Plural form of elf."
},
{
"w": "LEVEE",
"v": false,
"row": 2,
"col": 2,
"def": "An embankment to prevent inundation; as, the levees along the Mississippi."
},
{
"w": "SLEEVE",
"v": true,
"row": 1,
"col": 2,
"def": "To fit a sleeve to."
},
{
"w": "LEVEES",
"v": true,
"row": 0,
"col": 4,
"def": "Plural form of levee."
}
]
}