{
"id": 2082,
"sub_category": "Mist Packx",
"category": "Twilight Group",
"type": 0,
"letters": "CEEHNW",
"mov": 16,
"shovels": 1,
"coins": 5,
"rows": 15,
"cols": 15,
"c": 0,
"b": -1,
"w": 8,
"h": 6,
"dws": [
"ECHE",
"WEE",
"WHEE",
"WEEN",
"CHE",
"EWE",
"CEE",
"ENE",
"EEW",
"HEN",
"HEW",
"EECH",
"NEE",
"NEW",
"ENEW",
"WEN",
"ECH",
"WHEEN",
"EEN"
],
"ws": [
{
"w": "CHEW",
"v": false,
"row": 0,
"col": 0,
"def": "A small sweet, such as a taffy, that is eaten by chewing."
},
{
"w": "WHEN",
"v": true,
"row": 2,
"col": 7,
"def": "Used to introduce questions about time."
},
{
"w": "HEWN",
"v": true,
"row": 1,
"col": 5,
"def": "Made or crafted by cutting, whittling down."
},
{
"w": "HENCE",
"v": false,
"row": 4,
"col": 3,
"def": "From here, from this place, away."
},
{
"w": "WENCH",
"v": true,
"row": 0,
"col": 3,
"def": "A young woman, especially a servant."
},
{
"w": "WHENCE",
"v": false,
"row": 2,
"col": 0,
"def": "From where; from which place or source."
}
]
}