{
"id": 2085,
"sub_category": "Mist Packx",
"category": "Twilight Group",
"type": 0,
"letters": "AAELPP",
"mov": 18,
"shovels": 1,
"coins": 5,
"rows": 15,
"cols": 15,
"c": 0,
"b": -1,
"w": 9,
"h": 7,
"dws": [
"PEPLA",
"ALP",
"APPEL",
"PAAL",
"APPAL",
"PALP",
"PEA",
"PEL",
"PALEA",
"ALE",
"PLAP",
"LEA",
"PELA",
"AAL",
"LAP",
"ALA",
"ALAP",
"PAP",
"ALAE",
"PAPE",
"APP",
"LEP",
"PAL",
"APE",
"PEP"
],
"ws": [
{
"w": "LEAP",
"v": false,
"row": 3,
"col": 0,
"def": "To jump from one location to another."
},
{
"w": "PALE",
"v": true,
"row": 3,
"col": 3,
"def": "Light in color."
},
{
"w": "PAPA",
"v": false,
"row": 2,
"col": 5,
"def": "Dad, daddy, father; a familiar or old-fashioned term of address to one's father."
},
{
"w": "PLEA",
"v": true,
"row": 2,
"col": 7,
"def": "An appeal, petition, urgent prayer or entreaty."
},
{
"w": "PEAL",
"v": true,
"row": 0,
"col": 0,
"def": "A loud sound, or a succession of loud sounds, as of bells, thunder, cannon, shouts, laughter, of a multitude, etc."
},
{
"w": "APPLE",
"v": false,
"row": 4,
"col": 3,
"def": "A common, round fruit produced by the tree Malus domestica, cultivated in temperate climates."
},
{
"w": "PAPAL",
"v": true,
"row": 2,
"col": 5,
"def": "Having to do with the pope or the papacy."
},
{
"w": "APPEAL",
"v": false,
"row": 6,
"col": 0,
"def": "To accuse (someone of something)."
}
]
}