{
"id": 2090,
"sub_category": "Mist Packx",
"category": "Twilight Group",
"type": 0,
"letters": "CEILRS",
"mov": 20,
"shovels": 1,
"coins": 5,
"rows": 15,
"cols": 15,
"c": 0,
"b": -1,
"w": 9,
"h": 9,
"dws": [
"REC",
"RIELS",
"CEILS",
"SIC",
"CIRES",
"SEI",
"CELS",
"LES",
"SLIER",
"CIEL",
"SERIC",
"LEI",
"REIS",
"LIE",
"CLIES",
"REI",
"LEIS",
"SER",
"SICE",
"RICES",
"LIS",
"SILE",
"SEIR",
"CEIL",
"CIRLS",
"RELICS",
"RIEL",
"ICERS",
"CIRL",
"LIRE",
"RICE",
"CEL",
"CIELS",
"RILES",
"SEL",
"LEIR",
"ERS",
"ICES",
"CIRE",
"IRES",
"LIES",
"CIS",
"ELS",
"ERICS",
"ERIC",
"ICE",
"ICER",
"RECS",
"CRIS",
"SRI",
"SEC",
"LIERS",
"LEIRS",
"RES",
"LIER",
"SEIL",
"IRE"
],
"ws": [
{
"w": "SIR",
"v": true,
"row": 4,
"col": 4,
"def": "A man of a higher rank or position."
},
{
"w": "RISE",
"v": false,
"row": 3,
"col": 0,
"def": "The process of or an action or instance of moving upwards or becoming greater."
},
{
"w": "ISLE",
"v": true,
"row": 1,
"col": 7,
"def": "An island."
},
{
"w": "RILE",
"v": false,
"row": 6,
"col": 4,
"def": "To make angry."
},
{
"w": "LICE",
"v": true,
"row": 0,
"col": 3,
"def": "Plural form of louse."
},
{
"w": "SIRE",
"v": false,
"row": 4,
"col": 4,
"def": "A lord, master, or other person in authority, most commonly used vocatively."
},
{
"w": "CRIES",
"v": false,
"row": 2,
"col": 3,
"def": "Third-person singular simple present indicative form of cry."
},
{
"w": "SLICE",
"v": true,
"row": 3,
"col": 2,
"def": "That which is thin and broad."
},
{
"w": "RELIC",
"v": true,
"row": 4,
"col": 6,
"def": "That which remains; that which is left after loss or decay; a remaining portion."
},
{
"w": "SLICER",
"v": false,
"row": 8,
"col": 3,
"def": "Someone or thing which slices."
}
]
}