{
"id": 2091,
"sub_category": "Mist Packx",
"category": "Twilight Group",
"type": 0,
"letters": "ACEHIS",
"mov": 24,
"shovels": 1,
"coins": 5,
"rows": 15,
"cols": 15,
"c": 0,
"b": -1,
"w": 10,
"h": 8,
"dws": [
"CHAS",
"SIC",
"SEI",
"SHA",
"SAI",
"ICH",
"ACES",
"HES",
"SICE",
"ASCI",
"HIC",
"SICH",
"CHAI",
"AIS",
"CHA",
"CHE",
"ICHES",
"EISH",
"HAE",
"SHEA",
"HAES",
"CHAIS",
"AHIS",
"ICES",
"EHS",
"HIE",
"SAE",
"AHI",
"CIS",
"AHS",
"ISH",
"ICHS",
"SECH",
"ICE",
"CHIS",
"SEC",
"SAICE",
"SAIC",
"CHIAS",
"CHIA",
"HIES",
"EAS",
"ACH",
"ECH",
"ACHES",
"AESC"
],
"ws": [
{
"w": "ACE",
"v": true,
"row": 0,
"col": 5,
"def": "A single point or spot on a playing card or die."
},
{
"w": "ASH",
"v": true,
"row": 1,
"col": 3,
"def": "The solid remains of a fire."
},
{
"w": "HAS",
"v": true,
"row": 0,
"col": 7,
"def": "Third-person singular simple present indicative form of have."
},
{
"w": "HIS",
"v": false,
"row": 5,
"col": 1,
"def": "Belonging to him."
},
{
"w": "SEA",
"v": false,
"row": 2,
"col": 7,
"def": "A large body of salty water. (Major seas are known as oceans.)."
},
{
"w": "SHE",
"v": false,
"row": 2,
"col": 3,
"def": "A female person or animal."
},
{
"w": "CHI",
"v": true,
"row": 3,
"col": 2,
"def": "The twenty-second letter of the Classical and Modern Greek alphabets, and the twenty-third letter of Old and Ancient alphabets."
},
{
"w": "SAC",
"v": true,
"row": 5,
"col": 3,
"def": "A bag or pouch inside a plant or animal that typically contains a fluid."
},
{
"w": "CASE",
"v": false,
"row": 7,
"col": 3,
"def": "An actual event, situation, or fact."
},
{
"w": "CASH",
"v": false,
"row": 0,
"col": 4,
"def": "Money in the form of notes/bills and coins, as opposed to cheques/checks or electronic transactions."
},
{
"w": "EACH",
"v": false,
"row": 3,
"col": 0,
"def": "All; every; qualifying a singular noun, indicating all examples of the thing so named seen as individual or separate items (compare every)."
},
{
"w": "ACHE",
"v": true,
"row": 4,
"col": 6,
"def": "To suffer pain; to be the source of, or be in, pain, especially continued dull pain; to be distressed."
},
{
"w": "CHASE",
"v": true,
"row": 0,
"col": 9,
"def": "The action of the verb \"to chase\"."
},
{
"w": "CHAISE",
"v": false,
"row": 4,
"col": 4,
"def": "An open, horse-drawn carriage for one or two people, usually with one horse and two wheels."
}
]
}