{
"id": 2094,
"sub_category": "Mist Packx",
"category": "Twilight Group",
"type": 0,
"letters": "ENRSTY",
"mov": 20,
"shovels": 1,
"coins": 5,
"rows": 15,
"cols": 15,
"c": 0,
"b": -1,
"w": 10,
"h": 8,
"dws": [
"RET",
"YEST",
"TREYS",
"NYES",
"TERNS",
"SYEN",
"YER",
"TYES",
"YET",
"YES",
"TYER",
"ERST",
"NYE",
"RYES",
"TRES",
"ERN",
"SER",
"STEN",
"SEY",
"STEY",
"TYRES",
"TREY",
"SYREN",
"SEN",
"NYS",
"ERS",
"STYE",
"RETS",
"YRENT",
"EST",
"RENS",
"TYERS",
"SYNE",
"RYE",
"STY",
"TYNES",
"TES",
"TRYE",
"REN",
"TRY",
"SNYE",
"ENS",
"TYRE",
"NERTS",
"TYE",
"SYN",
"SET",
"RENY",
"YEN",
"TYNE",
"ERNS",
"SNY",
"RES",
"RESTY",
"NET",
"YENS",
"TEN",
"SYE",
"RENTS"
],
"ws": [
{
"w": "NEST",
"v": false,
"row": 1,
"col": 5,
"def": "A structure built by a bird as a place to incubate eggs and rear young."
},
{
"w": "NETS",
"v": true,
"row": 2,
"col": 4,
"def": "Plural form of net."
},
{
"w": "RENT",
"v": false,
"row": 4,
"col": 6,
"def": "A payment made by a tenant at intervals in order to occupy a property."
},
{
"w": "REST",
"v": false,
"row": 3,
"col": 3,
"def": "Relief from work or activity by sleeping; sleep."
},
{
"w": "SENT",
"v": true,
"row": 4,
"col": 2,
"def": "A subdivision of currency, equal to a 1/100th of an Estonian kroon."
},
{
"w": "TENS",
"v": false,
"row": 5,
"col": 1,
"def": "Plural form of ten."
},
{
"w": "TERN",
"v": true,
"row": 4,
"col": 9,
"def": "Any of various sea birds of the family Sternidae that are similar to gulls but are smaller, more elegant and have a forked tail."
},
{
"w": "ENTRY",
"v": false,
"row": 7,
"col": 0,
"def": "The act of entering."
},
{
"w": "STERN",
"v": true,
"row": 0,
"col": 8,
"def": "Having a hardness and severity of nature or manner."
},
{
"w": "SENTRY",
"v": true,
"row": 0,
"col": 6,
"def": "A guard, particularly on duty at the entrance to a military base."
}
]
}