{
"id": 2099,
"sub_category": "Bright Packx",
"category": "Twilight Group",
"type": 0,
"letters": "AHIRTW",
"mov": 28,
"shovels": 1,
"coins": 5,
"rows": 15,
"cols": 15,
"c": 0,
"b": -1,
"w": 12,
"h": 11,
"dws": [
"RAI",
"WAIR",
"WAI",
"RIT",
"AIT",
"TIAR",
"TAW",
"THAR",
"THRAW",
"RAIT",
"RIA",
"TAHR",
"AIRTH",
"TAI",
"ITA",
"WAT",
"WAR",
"AIRT",
"HAW",
"RAW",
"THIR",
"WHA",
"AIR",
"RATH",
"AHI",
"TWA",
"WAH",
"RAH",
"ARTI"
],
"ws": [
{
"w": "ART",
"v": false,
"row": 8,
"col": 6,
"def": "Human effort to imitate, supplement, alter, or counteract the work of nature."
},
{
"w": "HAT",
"v": true,
"row": 7,
"col": 6,
"def": "A covering for the head, often in the approximate form of a cone or a cylinder closed at its top end, and sometimes having a brim and other decoration."
},
{
"w": "HIT",
"v": true,
"row": 6,
"col": 8,
"def": "To administer a blow to."
},
{
"w": "RAT",
"v": false,
"row": 9,
"col": 4,
"def": "A medium-sized rodent belonging to the genus Rattus."
},
{
"w": "TAR",
"v": true,
"row": 4,
"col": 11,
"def": "A black, oily, sticky, viscous substance, consisting mainly of hydrocarbons derived from organic materials such as wood, peat, or coal."
},
{
"w": "WIT",
"v": false,
"row": 4,
"col": 9,
"def": "Sanity."
},
{
"w": "HAIR",
"v": false,
"row": 6,
"col": 8,
"def": "A pigmented filament of keratin which grows from a follicle on the skin of humans and other mammals."
},
{
"w": "WAIT",
"v": true,
"row": 7,
"col": 1,
"def": "To delay movement or action until the arrival or occurrence of; to await. (Now generally superseded by \"wait for\".)."
},
{
"w": "WHAT",
"v": false,
"row": 1,
"col": 6,
"def": "Which thing, event, circumstance, etc.: used interrogatively in asking for the specification of an identity, quantity, quality, etc."
},
{
"w": "WITH",
"v": false,
"row": 7,
"col": 1,
"def": "Against."
},
{
"w": "WART",
"v": true,
"row": 1,
"col": 6,
"def": "A type of deformed growth occurring on the skin caused by the human papillomavirus (HPV)."
},
{
"w": "THAW",
"v": true,
"row": 1,
"col": 9,
"def": "To melt, dissolve, or become fluid (specifically by gradual warming); to soften; said of that which is frozen."
},
{
"w": "WHIT",
"v": false,
"row": 4,
"col": 3,
"def": "The smallest part or particle imaginable; an iota."
},
{
"w": "WRIT",
"v": true,
"row": 4,
"col": 3,
"def": "A written order, issued by a court, ordering someone to do (or stop doing) something."
},
{
"w": "HART",
"v": true,
"row": 7,
"col": 4,
"def": "A male deer, especially the male of the red deer after its fifth year."
},
{
"w": "WHIR",
"v": false,
"row": 5,
"col": 0,
"def": "Alternative spelling of whirr."
},
{
"w": "WRATH",
"v": false,
"row": 0,
"col": 1,
"def": "Great anger."
},
{
"w": "WRAITH",
"v": true,
"row": 0,
"col": 1,
"def": "A ghost or specter, especially seen just after a person's death."
}
]
}