{
"id": 21,
"sub_category": "Dew Pack",
"category": "Forest Group",
"type": 0,
"letters": "ABCSU",
"mov": 16,
"shovels": 1,
"coins": 5,
"rows": 15,
"cols": 15,
"c": 0,
"b": -1,
"w": 6,
"h": 5,
"dws": [
"SUBA",
"BUS",
"BACS",
"BAC",
"SAU",
"SCAB",
"SAB",
"SUB",
"BAS",
"SAC"
],
"ws": [
{
"w": "ABS",
"v": true,
"row": 0,
"col": 5,
"def": "The abdominal muscles."
},
{
"w": "CAB",
"v": false,
"row": 0,
"col": 0,
"def": "A taxi; a taxicab."
},
{
"w": "CUB",
"v": false,
"row": 1,
"col": 3,
"def": "A young fox."
},
{
"w": "CABS",
"v": true,
"row": 0,
"col": 0,
"def": "Plural form of cab."
},
{
"w": "CUBS",
"v": true,
"row": 1,
"col": 3,
"def": "Plural form of cub."
},
{
"w": "SCUBA",
"v": false,
"row": 3,
"col": 0,
"def": "An apparatus carried by a diver, which includes a tank holding a mixture of oxygen and other gases, used for breathing underwater."
}
]
}