{
"id": 2107,
"sub_category": "Bright Packx",
"category": "Twilight Group",
"type": 0,
"letters": "DEGGLO",
"mov": 16,
"shovels": 1,
"coins": 5,
"rows": 15,
"cols": 15,
"c": 0,
"b": -1,
"w": 7,
"h": 6,
"dws": [
"OLDE",
"EGG",
"GLODE",
"GOD",
"OLE",
"EGO",
"GOEL",
"DOE",
"DOL",
"OGLED",
"GED",
"DOGE",
"DOG",
"ELD",
"LOGE",
"LOD",
"LOG",
"GOE",
"OLD",
"DELO",
"GEL",
"GEO",
"LED",
"LEG",
"GLEG",
"ODE",
"GELD",
"GOLE",
"LOGGED",
"DEG",
"GLED",
"DEL"
],
"ws": [
{
"w": "GOLD",
"v": true,
"row": 2,
"col": 1,
"def": "A heavy yellow elemental metal of great value, with atomic number 79 and symbol Au."
},
{
"w": "LODE",
"v": true,
"row": 0,
"col": 3,
"def": "A way or path; a road."
},
{
"w": "DOLE",
"v": false,
"row": 3,
"col": 0,
"def": "To distribute in small amounts; to share out small portions of a meager resource."
},
{
"w": "OGLE",
"v": false,
"row": 1,
"col": 3,
"def": ", (intransitive) To stare at (someone or something), especially impertinently, amorously, or covetously."
},
{
"w": "LODGE",
"v": true,
"row": 1,
"col": 5,
"def": "A building for recreational use such as a hunting lodge or a summer cabin."
},
{
"w": "DOGLEG",
"v": false,
"row": 5,
"col": 1,
"def": "To bend in the shape of the hind leg of a dog."
}
]
}