{
"id": 2115,
"sub_category": "Dawn Packx",
"category": "Twilight Group",
"type": 0,
"letters": "DENSUU",
"mov": 18,
"shovels": 1,
"coins": 5,
"rows": 15,
"cols": 15,
"c": 0,
"b": -1,
"w": 7,
"h": 7,
"dws": [
"NUS",
"DUES",
"SED",
"NEDS",
"DUNS",
"USED",
"DUNES",
"UNS",
"UDS",
"SUN",
"SEN",
"DEUS",
"NUDES",
"SUE",
"SNED",
"UNDE",
"ENS",
"NED",
"DENS",
"SEND",
"EDS",
"SUED",
"SUD",
"USE",
"ENDS"
],
"ws": [
{
"w": "DEN",
"v": false,
"row": 2,
"col": 2,
"def": "The home of certain animals."
},
{
"w": "DUE",
"v": false,
"row": 5,
"col": 0,
"def": "Owed or owing."
},
{
"w": "END",
"v": false,
"row": 5,
"col": 4,
"def": "The final point of something in space or time."
},
{
"w": "DUN",
"v": false,
"row": 3,
"col": 4,
"def": "A brownish grey colour."
},
{
"w": "DUNE",
"v": true,
"row": 2,
"col": 2,
"def": "A ridge or hill of sand piled up by the wind."
},
{
"w": "NUDE",
"v": true,
"row": 3,
"col": 6,
"def": "Without clothing or other covering of the skin."
},
{
"w": "UNDUE",
"v": true,
"row": 1,
"col": 4,
"def": "Excessive; going beyond that what is natural or sufficient."
},
{
"w": "UNUSED",
"v": true,
"row": 0,
"col": 0,
"def": "Not used."
}
]
}