{
"id": 2119,
"sub_category": "Dawn Packx",
"category": "Twilight Group",
"type": 0,
"letters": "DEIRTV",
"mov": 24,
"shovels": 1,
"coins": 5,
"rows": 15,
"cols": 15,
"c": 0,
"b": -1,
"w": 12,
"h": 12,
"dws": [
"RET",
"RED",
"RIT",
"VITE",
"DIE",
"REI",
"RIVE",
"TRIDE",
"DEV",
"VIDE",
"RID",
"DEVI",
"VIER",
"TID",
"VIRE",
"DEI",
"TIRED",
"VET",
"REV",
"IDE",
"VERD",
"DERV",
"VERT",
"DIT",
"VID",
"TIE",
"RIVED",
"RITE",
"TRIE",
"TIRE",
"TED",
"DIV",
"IRED",
"TIER",
"DITE",
"VIE",
"IRE"
],
"ws": [
{
"w": "DIET",
"v": true,
"row": 7,
"col": 0,
"def": "The food and beverage a person or animal consumes."
},
{
"w": "DIRE",
"v": true,
"row": 8,
"col": 5,
"def": "Ill-boding; portentous."
},
{
"w": "DIRT",
"v": false,
"row": 7,
"col": 0,
"def": "Soil or earth."
},
{
"w": "DIVE",
"v": false,
"row": 3,
"col": 2,
"def": "To swim under water."
},
{
"w": "EDIT",
"v": true,
"row": 3,
"col": 5,
"def": "A change to the text of a document."
},
{
"w": "RIDE",
"v": false,
"row": 8,
"col": 3,
"def": "To play defense on the defensemen or midfielders, as an attackman."
},
{
"w": "TIDE",
"v": false,
"row": 10,
"col": 0,
"def": "The periodic change of the sea level, particularly when caused by the gravitational influence of the sun and the moon."
},
{
"w": "TIED",
"v": false,
"row": 6,
"col": 5,
"def": "Connected."
},
{
"w": "VIED",
"v": true,
"row": 4,
"col": 7,
"def": "Simple past tense and past participle of vie."
},
{
"w": "DIVER",
"v": true,
"row": 3,
"col": 2,
"def": "Someone who dives, especially as a sport."
},
{
"w": "DRIVE",
"v": true,
"row": 0,
"col": 8,
"def": "To herd (animals) in a particular direction."
},
{
"w": "TRIED",
"v": true,
"row": 7,
"col": 3,
"def": "Simple past tense and past participle of try."
},
{
"w": "RIVET",
"v": false,
"row": 2,
"col": 7,
"def": "A cylindrical mechanical fastener that attaches multiple parts together by fitting through a hole and deforming the head(s) at either end."
},
{
"w": "DIVERT",
"v": false,
"row": 4,
"col": 5,
"def": "To turn aside from a course."
}
]
}