{
"id": 2123,
"sub_category": "Dawn Packx",
"category": "Twilight Group",
"type": 0,
"letters": "AEHHRT",
"mov": 20,
"shovels": 1,
"coins": 5,
"rows": 15,
"cols": 15,
"c": 0,
"b": -1,
"w": 9,
"h": 8,
"dws": [
"HEATH",
"RET",
"ARE",
"ARET",
"TAR",
"HAET",
"ATE",
"THAR",
"TEA",
"ERA",
"HEH",
"TAHR",
"TAE",
"TARE",
"HAH",
"HAE",
"EAT",
"RATHE",
"HART",
"TEHR",
"HET",
"RATH",
"EAR",
"EATH",
"HATH",
"THE",
"ART",
"HETH",
"RAH",
"ETH",
"ETA",
"REH",
"HAT",
"RAT",
"HER",
"THAE",
"RHEA"
],
"ws": [
{
"w": "HARE",
"v": true,
"row": 1,
"col": 6,
"def": "Any of several plant-eating animals of the family Leporidae, especially of the genus Lepus, similar to a rabbit, but larger and with longer ears."
},
{
"w": "HATE",
"v": false,
"row": 2,
"col": 5,
"def": "To dislike intensely; to feel strong hostility towards."
},
{
"w": "HEAR",
"v": false,
"row": 4,
"col": 5,
"def": "To sympathize with; to share the feeling or opinion of."
},
{
"w": "HEAT",
"v": true,
"row": 4,
"col": 5,
"def": "Thermal energy."
},
{
"w": "RATE",
"v": false,
"row": 5,
"col": 2,
"def": "A wage calculated in relation to a unit of time."
},
{
"w": "TEAR",
"v": true,
"row": 3,
"col": 3,
"def": "To rend (a solid material) by holding or restraining in two places and pulling apart, whether intentionally or not; to destroy or separate."
},
{
"w": "EARTH",
"v": false,
"row": 3,
"col": 0,
"def": "Our planet, third out from the Sun; see main entry Earth."
},
{
"w": "HATER",
"v": false,
"row": 0,
"col": 0,
"def": "One who hates."
},
{
"w": "HEART",
"v": true,
"row": 2,
"col": 0,
"def": "A muscular organ that pumps blood through the body, traditionally thought to be the seat of emotion."
},
{
"w": "HEARTH",
"v": true,
"row": 1,
"col": 8,
"def": "A brick, stone or cement floor to a fireplace or oven."
}
]
}