{
"id": 2125,
"sub_category": "Dawn Packx",
"category": "Twilight Group",
"type": 0,
"letters": "EEFINR",
"mov": 24,
"shovels": 1,
"coins": 5,
"rows": 15,
"cols": 15,
"c": 0,
"b": -1,
"w": 10,
"h": 9,
"dws": [
"FENI",
"FIER",
"ERN",
"NIFE",
"NEIF",
"REI",
"ERE",
"FERINE",
"FEEN",
"ENFIRE",
"REIF",
"FER",
"RIN",
"ENE",
"RIF",
"FEER",
"EEN",
"NIE",
"NIEF",
"REEF",
"REN",
"FERE",
"NEE",
"REE",
"REEN",
"FIRN",
"ERNE",
"FREE",
"NEF",
"ERF",
"FIE",
"RINE"
],
"ws": [
{
"w": "FEE",
"v": true,
"row": 4,
"col": 7,
"def": "Cattle; livestock, especially considered as the basis of wealth."
},
{
"w": "FIN",
"v": false,
"row": 2,
"col": 7,
"def": "One of the appendages of a fish, used to propel itself and to manoeuvre/maneuver."
},
{
"w": "FIR",
"v": false,
"row": 4,
"col": 7,
"def": "A conifer of the genus Abies."
},
{
"w": "IRE",
"v": true,
"row": 6,
"col": 8,
"def": "Iron."
},
{
"w": "REF",
"v": true,
"row": 0,
"col": 7,
"def": "Referee."
},
{
"w": "FEN",
"v": true,
"row": 1,
"col": 4,
"def": "A type of wetland fed by ground water and runoff, containing peat below the waterline."
},
{
"w": "FERN",
"v": false,
"row": 3,
"col": 1,
"def": "Any of a group of some twenty thousand species of vascular plants classified in the Division Pteridophyta (formerly known by some as Filicophyta) that lacks seeds and reproduces by shedding spores to initiate an alternation of generations."
},
{
"w": "FINE",
"v": false,
"row": 1,
"col": 4,
"def": "Of superior quality."
},
{
"w": "FIRE",
"v": true,
"row": 3,
"col": 1,
"def": "A (usually self-sustaining) chemical reaction involving the bonding of oxygen with carbon or other fuel, with the production of heat and the presence of flame or smouldering."
},
{
"w": "REIN",
"v": false,
"row": 6,
"col": 6,
"def": "A strap or rope attached to the bridle or bit, used to control a horse, animal or young child."
},
{
"w": "RIFE",
"v": false,
"row": 5,
"col": 1,
"def": "Widespread, common (especially of unpleasant or harmful things)."
},
{
"w": "FINER",
"v": true,
"row": 0,
"col": 9,
"def": "Comparative form of fine: more fine."
},
{
"w": "INFER",
"v": false,
"row": 8,
"col": 0,
"def": "To show; to manifest; to prove."
},
{
"w": "REFINE",
"v": true,
"row": 3,
"col": 3,
"def": "To reduce to a fine, unmixed, or pure state; to free from impurities; to free from dross or alloy; to separate from extraneous matter; to purify; as, to refine gold or silver; to refine iron; to refine wine or sugar."
}
]
}