{
"id": 213,
"sub_category": "Cloud Pack",
"category": "Sky Group",
"type": 0,
"letters": "AEEGLU",
"mov": 22,
"shovels": 1,
"coins": 5,
"rows": 15,
"cols": 15,
"c": 0,
"b": -1,
"w": 9,
"h": 8,
"dws": [
"LUGE",
"EEL",
"GUE",
"EAU",
"GEAL",
"GUL",
"AGUE",
"GAU",
"LEA",
"EALE",
"ALEE",
"AGLEE",
"LEE",
"EGAL",
"GULE",
"ULE",
"LEU",
"ALU",
"LEG",
"GULA",
"AGEE",
"AUE",
"EUGE",
"AGLU",
"GAE"
],
"ws": [
{
"w": "AGE",
"v": true,
"row": 0,
"col": 6,
"def": "The whole duration of a being, whether animal, vegetable, or other kind; lifetime."
},
{
"w": "ALE",
"v": false,
"row": 6,
"col": 6,
"def": "An intoxicating liquor made from an infusion of malt by fermentation and the addition of a bitter, usually hops."
},
{
"w": "GAL",
"v": false,
"row": 1,
"col": 6,
"def": "A gallon."
},
{
"w": "GEE",
"v": true,
"row": 5,
"col": 4,
"def": "A general exclamation of surprise or frustration."
},
{
"w": "GEL",
"v": false,
"row": 5,
"col": 4,
"def": "A semi-solid to almost solid colloid of a solid and a liquid, such as jelly, cheese or opal."
},
{
"w": "LAG",
"v": true,
"row": 5,
"col": 6,
"def": "Late."
},
{
"w": "LUG",
"v": true,
"row": 4,
"col": 1,
"def": "A lug nut."
},
{
"w": "GLEE",
"v": false,
"row": 6,
"col": 1,
"def": "Joy; merriment; mirth; gaiety; particularly, the mirth enjoyed at a feast."
},
{
"w": "GLUE",
"v": false,
"row": 4,
"col": 0,
"def": "A hard gelatin made by boiling bones and hides, used in solution as an adhesive; or any sticky adhesive substance."
},
{
"w": "GALE",
"v": true,
"row": 1,
"col": 3,
"def": "To sing; charm; enchant."
},
{
"w": "EAGLE",
"v": false,
"row": 2,
"col": 2,
"def": "Any of several large carnivorous and carrion-eating birds in the family Accipitridae, having a powerful hooked bill and keen vision."
},
{
"w": "LEAGUE",
"v": true,
"row": 1,
"col": 8,
"def": "A group or association of cooperating members."
}
]
}