{
"id": 2134,
"sub_category": "Brood Packx",
"category": "Twilight Group",
"type": 0,
"letters": "AMRRTY",
"mov": 18,
"shovels": 1,
"coins": 5,
"rows": 15,
"cols": 15,
"c": 0,
"b": -1,
"w": 8,
"h": 7,
"dws": [
"MAR",
"YAR",
"TAR",
"MAY",
"ARM",
"RYA",
"TAM",
"ARY",
"RAY",
"YARR",
"MARY",
"MAT",
"RAM",
"TRY",
"ART",
"MATY",
"TAY",
"TRYMA",
"RAT",
"YAM"
],
"ws": [
{
"w": "ARMY",
"v": false,
"row": 1,
"col": 0,
"def": "A large, highly organized military force, concerned mainly with ground (rather than air or naval) operations."
},
{
"w": "TRAY",
"v": true,
"row": 3,
"col": 4,
"def": "Trouble; annoyance; anger."
},
{
"w": "MART",
"v": true,
"row": 2,
"col": 6,
"def": "A market."
},
{
"w": "TRAM",
"v": false,
"row": 3,
"col": 4,
"def": "A passenger vehicle for public use that runs on tracks in the road."
},
{
"w": "ARTY",
"v": false,
"row": 5,
"col": 4,
"def": "Pretending to artistic worth; high-flown."
},
{
"w": "MARRY",
"v": false,
"row": 6,
"col": 0,
"def": "Indeed!, in truth!; a term of asseveration."
},
{
"w": "TARRY",
"v": true,
"row": 0,
"col": 0,
"def": "To delay; to be late or tardy in beginning or doing anything."
},
{
"w": "MARTYR",
"v": true,
"row": 1,
"col": 2,
"def": "One who willingly accepts being put to death for adhering openly to one's religious beliefs; notably, saints canonized after martyrdom."
}
]
}