{
"id": 2138,
"sub_category": "Brood Packx",
"category": "Twilight Group",
"type": 0,
"letters": "EEHPRS",
"mov": 20,
"shovels": 1,
"coins": 5,
"rows": 15,
"cols": 15,
"c": 0,
"b": -1,
"w": 11,
"h": 8,
"dws": [
"REHS",
"PEERS",
"PEES",
"HESP",
"PES",
"HEP",
"PHEER",
"HES",
"SPEER",
"SER",
"ERE",
"REES",
"HERPES",
"ERES",
"SERE",
"PEH",
"PEE",
"ERS",
"HEPS",
"EHS",
"PERES",
"ESE",
"SHE",
"SEE",
"PERE",
"PRESE",
"SHERE",
"PER",
"PREES",
"REE",
"HERES",
"HERSE",
"REH",
"HER",
"PERSE",
"RES",
"REP",
"PEHS",
"PREE",
"PRE",
"RESH"
],
"ws": [
{
"w": "HERE",
"v": true,
"row": 1,
"col": 5,
"def": "This place; this location."
},
{
"w": "HERS",
"v": true,
"row": 4,
"col": 4,
"def": "That which belongs to her; the possessive case of she, used without a following noun."
},
{
"w": "PEER",
"v": false,
"row": 6,
"col": 7,
"def": "To look with difficulty, or as if searching for something."
},
{
"w": "REPS",
"v": false,
"row": 2,
"col": 4,
"def": "Rep."
},
{
"w": "SEER",
"v": false,
"row": 6,
"col": 1,
"def": "Agent noun of see; one who sees something; an eyewitness."
},
{
"w": "SEEP",
"v": true,
"row": 4,
"col": 2,
"def": "A small spring, pool, or other place where liquid from the ground (e.g. water, petroleum or tar) has oozed to the surface."
},
{
"w": "SHEEP",
"v": true,
"row": 2,
"col": 7,
"def": "A woolly ruminant of the genus Ovis."
},
{
"w": "SHEER",
"v": true,
"row": 0,
"col": 0,
"def": "Very thin or transparent."
},
{
"w": "SPREE",
"v": true,
"row": 2,
"col": 9,
"def": "A merry frolic; especially, a drinking frolic."
},
{
"w": "SPHERE",
"v": false,
"row": 4,
"col": 2,
"def": "To place in a sphere, or among the spheres; to ensphere."
}
]
}