{
"id": 214,
"sub_category": "Cloud Pack",
"category": "Sky Group",
"type": 0,
"letters": "ADEISV",
"mov": 28,
"shovels": 1,
"coins": 5,
"rows": 15,
"cols": 15,
"c": 0,
"b": -1,
"w": 12,
"h": 11,
"dws": [
"DEVIS",
"VIES",
"DIE",
"SEI",
"DIVAS",
"DAVIES",
"DIVS",
"DEVA",
"SED",
"SAV",
"SAI",
"DAS",
"VIAS",
"SADI",
"VAES",
"DEV",
"VIDE",
"DAE",
"AIS",
"VISE",
"DEVI",
"AVE",
"DAES",
"DAIS",
"DESI",
"VAS",
"IDEAS",
"VIDS",
"VISAED",
"VISED",
"DEI",
"DIVES",
"AVISE",
"AIDES",
"IDE",
"VADE",
"DIVA",
"SADE",
"AVES",
"SAE",
"IDES",
"VID",
"VADES",
"VIED",
"DIV",
"VIS",
"DIS",
"DISA",
"VAE",
"DEVS",
"SIDA",
"SEV",
"EDS",
"EAS",
"DEVAS",
"IDS",
"DIES",
"VIAE",
"AIDS"
],
"ws": [
{
"w": "ADS",
"v": true,
"row": 5,
"col": 1,
"def": "Plural form of ad."
},
{
"w": "AID",
"v": true,
"row": 1,
"col": 6,
"def": "Help; assistance; succor, relief."
},
{
"w": "SAD",
"v": true,
"row": 3,
"col": 3,
"def": "Sated, having had one's fill; satisfied, weary."
},
{
"w": "SEA",
"v": false,
"row": 7,
"col": 1,
"def": "A large body of salty water. (Major seas are known as oceans.)."
},
{
"w": "VIA",
"v": false,
"row": 8,
"col": 3,
"def": "A main road or highway, especially in ancient Rome. (Mainly used in set phrases, below.)."
},
{
"w": "VIE",
"v": false,
"row": 9,
"col": 5,
"def": "To rival; to struggle for superiority; to contend; to compete eagerly so as to gain something."
},
{
"w": "AIDE",
"v": false,
"row": 5,
"col": 1,
"def": "An assistant."
},
{
"w": "DIVE",
"v": true,
"row": 6,
"col": 7,
"def": "To swim under water."
},
{
"w": "IDEA",
"v": false,
"row": 7,
"col": 7,
"def": "A musical theme or melodic subject."
},
{
"w": "SAID",
"v": false,
"row": 3,
"col": 3,
"def": "Simple past tense and past participle of say."
},
{
"w": "SAVE",
"v": true,
"row": 7,
"col": 5,
"def": "In various sports, a block that prevents an opponent from scoring."
},
{
"w": "SIDE",
"v": true,
"row": 4,
"col": 9,
"def": "A bounding straight edge of a two-dimensional shape."
},
{
"w": "VASE",
"v": false,
"row": 4,
"col": 7,
"def": "A container used mainly for displaying fresh, dried, or artificial flowers."
},
{
"w": "VISA",
"v": true,
"row": 1,
"col": 8,
"def": "A permit to enter and leave a country, normally issued by the authorities of the country to be visited."
},
{
"w": "AVID",
"v": true,
"row": 7,
"col": 3,
"def": "Enthusiastic; passionate; longing eagerly; eager; greedy."
},
{
"w": "ASIDE",
"v": true,
"row": 0,
"col": 10,
"def": "To or on one side so as to be out of the way."
},
{
"w": "SAVED",
"v": false,
"row": 1,
"col": 0,
"def": "Simple past tense and past participle of save."
},
{
"w": "ADVISE",
"v": false,
"row": 1,
"col": 6,
"def": "To look at, watch; to see."
}
]
}