{
"id": 2149,
"sub_category": "View Packx",
"category": "Twilight Group",
"type": 0,
"letters": "IIPRST",
"mov": 18,
"shovels": 1,
"coins": 5,
"rows": 15,
"cols": 15,
"c": 0,
"b": -1,
"w": 8,
"h": 7,
"dws": [
"RIT",
"RISP",
"RIP",
"PIT",
"PSI",
"PIS",
"PIRS",
"TIS",
"SPRIT",
"TRIPS",
"SIP",
"SIRI",
"SPIRT",
"SIR",
"STIR",
"PST",
"ISIT",
"STIRP",
"TIPIS",
"SRI",
"TIP",
"PIR",
"TIPI",
"RIPT",
"ITS",
"SIT",
"RITS"
],
"ws": [
{
"w": "PITS",
"v": false,
"row": 3,
"col": 2,
"def": "Plural form of pit."
},
{
"w": "RIPS",
"v": true,
"row": 0,
"col": 7,
"def": "Plural form of rip."
},
{
"w": "SPIT",
"v": true,
"row": 0,
"col": 4,
"def": "A rod on which meat is grilled (UK English) or broiled (US English)."
},
{
"w": "TIPS",
"v": false,
"row": 6,
"col": 0,
"def": "Plural form of tip."
},
{
"w": "TRIP",
"v": true,
"row": 0,
"col": 2,
"def": "A journey."
},
{
"w": "IRIS",
"v": true,
"row": 3,
"col": 3,
"def": "A plant of the genus Iris, common in the northern hemisphere, and generally having attractive blooms."
},
{
"w": "STRIP",
"v": false,
"row": 1,
"col": 0,
"def": "Material in long, thin pieces."
},
{
"w": "SPIRIT",
"v": true,
"row": 1,
"col": 0,
"def": "The undying essence of a human. The soul."
}
]
}