{
"id": 2155,
"sub_category": "View Packx",
"category": "Twilight Group",
"type": 0,
"letters": "CEHNOT",
"mov": 22,
"shovels": 1,
"coins": 5,
"rows": 15,
"cols": 15,
"c": 0,
"b": -1,
"w": 11,
"h": 9,
"dws": [
"TOE",
"ONE",
"EON",
"NTH",
"ECO",
"CON",
"HOTEN",
"COTH",
"THO",
"TENCH",
"TOC",
"CHE",
"HENT",
"HON",
"HOC",
"TEC",
"OCHE",
"HEN",
"CENTO",
"HOTE",
"HET",
"NOH",
"ONCET",
"CHON",
"THE",
"HOT",
"ETH",
"COT",
"THON",
"TON",
"ECHT",
"NOT",
"ECH",
"OCH",
"COTE",
"NET",
"TEN",
"HOE",
"CONTE"
],
"ws": [
{
"w": "CENT",
"v": true,
"row": 5,
"col": 4,
"def": "A coin having face value of one cent (in either of the above senses)."
},
{
"w": "CONE",
"v": false,
"row": 0,
"col": 3,
"def": "A surface of revolution formed by rotating a segment of a line around another line that intersects the first line."
},
{
"w": "ECHO",
"v": true,
"row": 0,
"col": 1,
"def": "A reflected sound that is heard again by its initial observer."
},
{
"w": "NOTE",
"v": true,
"row": 2,
"col": 10,
"def": "Use; employment."
},
{
"w": "ONCE",
"v": false,
"row": 5,
"col": 7,
"def": "One and only one time."
},
{
"w": "TECH",
"v": false,
"row": 5,
"col": 2,
"def": "Technology."
},
{
"w": "THEN",
"v": false,
"row": 7,
"col": 1,
"def": "At that time."
},
{
"w": "TONE",
"v": false,
"row": 3,
"col": 0,
"def": "A specific pitch."
},
{
"w": "ETCH",
"v": true,
"row": 2,
"col": 5,
"def": "To cut into a surface with an acid or other corrosive substance in order to make a pattern. Best known as a technique for creating printing plates, but also used for decoration on metal, and, in modern industry, to make circuit boards."
},
{
"w": "HONE",
"v": true,
"row": 3,
"col": 8,
"def": "A sharpening stone composed of extra-fine grit used for removing the burr or curl from the blade of a razor or some other edge tool."
},
{
"w": "NOTCH",
"v": true,
"row": 3,
"col": 2,
"def": "A V-shaped cut."
},
{
"w": "TECHNO",
"v": false,
"row": 3,
"col": 5,
"def": "A style of music characterized by repetitive instrumental music produced for use in a continuous DJ set. The central rhythmic component is most often in common time (4/4), where time is marked with a bass drum on each quarter note pulse, a backbeat played by snare or clap on the second and fourth pulses of the bar, and an open hi-hat sounding every second eighth note."
}
]
}