{
"id": 2159,
"sub_category": "View Packx",
"category": "Twilight Group",
"type": 0,
"letters": "BBELOW",
"mov": 16,
"shovels": 1,
"coins": 5,
"rows": 15,
"cols": 15,
"c": 0,
"b": -1,
"w": 7,
"h": 6,
"dws": [
"WEB",
"BLOB",
"LOW",
"BEL",
"EBB",
"OLE",
"LEW",
"LOB",
"BOWEL",
"OWE",
"BOW",
"OWL",
"OBE",
"LOBE",
"BOLE",
"WOE",
"BLEB",
"BOWE",
"LOWE",
"BOB"
],
"ws": [
{
"w": "BLEW",
"v": false,
"row": 2,
"col": 3,
"def": "Simple past of blow."
},
{
"w": "BLOW",
"v": false,
"row": 4,
"col": 0,
"def": "To produce an air current."
},
{
"w": "BOWL",
"v": false,
"row": 1,
"col": 0,
"def": "A roughly hemispherical container used to hold, mix or present food, such as salad, fruit or soup, or other items."
},
{
"w": "BELOW",
"v": true,
"row": 1,
"col": 5,
"def": "Lower in spatial position than."
},
{
"w": "ELBOW",
"v": true,
"row": 0,
"col": 3,
"def": "The joint between the upper arm and the forearm."
},
{
"w": "WOBBLE",
"v": true,
"row": 0,
"col": 1,
"def": "An unsteady motion."
}
]
}