{
"id": 2162,
"sub_category": "Fall Packx",
"category": "Marsh Group",
"type": 0,
"letters": "AEELRV",
"mov": 22,
"shovels": 1,
"coins": 5,
"rows": 15,
"cols": 15,
"c": 0,
"b": -1,
"w": 10,
"h": 10,
"dws": [
"ARE",
"LAVEER",
"EEL",
"AVER",
"VERA",
"ERA",
"LARE",
"EVER",
"ELVE",
"ERE",
"LAV",
"AVEL",
"EREV",
"RAV",
"VEE",
"AVE",
"VELAR",
"LAREE",
"VEALER",
"LEV",
"ALE",
"RALE",
"LEA",
"EALE",
"VELA",
"ALEE",
"REV",
"LEVE",
"VELE",
"LAER",
"ELVER",
"REAVE",
"VEER",
"EAR",
"EVE",
"LEE",
"EAVE",
"LEAR",
"ARLE",
"REE",
"LEVA",
"VARE",
"LAR",
"LEAVER",
"VAR",
"VAE",
"LAVE",
"LERE",
"LAVER"
],
"ws": [
{
"w": "EARL",
"v": true,
"row": 0,
"col": 4,
"def": "A British nobleman next in rank above a viscount and below a marquess; equivalent to a European count. A female using the style is termed a countess."
},
{
"w": "REAL",
"v": false,
"row": 2,
"col": 4,
"def": "A commodity; see reality."
},
{
"w": "REEL",
"v": true,
"row": 3,
"col": 8,
"def": "A lively dance of the Highlanders of Scotland; also, the music to the dance; -- often called Scotch reel."
},
{
"w": "VEAL",
"v": false,
"row": 6,
"col": 5,
"def": "The flesh of a calf used for food."
},
{
"w": "LEER",
"v": false,
"row": 0,
"col": 2,
"def": "A significant side glance; a glance expressive of some passion, as malignity, amorousness, etc.; a sly or lecherous look."
},
{
"w": "RAVE",
"v": true,
"row": 4,
"col": 5,
"def": "An enthusiastic review (such as of a play)."
},
{
"w": "VALE",
"v": true,
"row": 1,
"col": 6,
"def": "Valley."
},
{
"w": "LEAVE",
"v": true,
"row": 0,
"col": 2,
"def": "To cause or allow (something) to remain as available; to refrain from taking (something) away; to stop short of consuming or otherwise depleting (something) entirely."
},
{
"w": "LEVER",
"v": false,
"row": 9,
"col": 2,
"def": "A rigid piece which is capable of turning about one point, or axis (the fulcrum), and in which are two or more other points where forces are applied (used for transmitting and modifying force and motion)."
},
{
"w": "REVEL",
"v": false,
"row": 4,
"col": 5,
"def": "An instance of merrymaking; a celebration."
},
{
"w": "RAVEL",
"v": false,
"row": 3,
"col": 0,
"def": "A snarl, complication."
},
{
"w": "REVEAL",
"v": true,
"row": 3,
"col": 0,
"def": "The outer side of a window or door frame; the jamb."
}
]
}