{
"id": 2163,
"sub_category": "Fall Packx",
"category": "Marsh Group",
"type": 0,
"letters": "EHORTT",
"mov": 20,
"shovels": 1,
"coins": 5,
"rows": 15,
"cols": 15,
"c": 0,
"b": -1,
"w": 10,
"h": 9,
"dws": [
"RET",
"TOE",
"ROT",
"TROTH",
"THO",
"TET",
"REO",
"ROTTE",
"ORE",
"TOR",
"RHO",
"HOTE",
"TOTER",
"TEHR",
"HET",
"TETH",
"TRET",
"THE",
"HOT",
"THRO",
"ETH",
"HORE",
"ROE",
"REH",
"HOER",
"HER",
"THROE",
"ORT",
"TOTHER",
"HOE",
"TOT"
],
"ws": [
{
"w": "HERO",
"v": true,
"row": 1,
"col": 5,
"def": "A real or mythical person of great bravery who carries out extraordinary deeds."
},
{
"w": "TORE",
"v": false,
"row": 3,
"col": 0,
"def": "Hard, difficult; wearisome, tedious."
},
{
"w": "TORT",
"v": true,
"row": 0,
"col": 0,
"def": "Tart, sharp."
},
{
"w": "ROTE",
"v": true,
"row": 3,
"col": 2,
"def": "The process of learning or committing something to memory through mechanical repetition, usually by hearing and repeating aloud, often without full attention to comprehension or thought for the meaning."
},
{
"w": "TOTE",
"v": true,
"row": 0,
"col": 3,
"def": "A bag, specifically a tote bag."
},
{
"w": "TROT",
"v": false,
"row": 0,
"col": 0,
"def": "A gait of a four-legged animal between walk and canter, a diagonal gait (in which diagonally opposite pairs of legs move together)."
},
{
"w": "OTHER",
"v": false,
"row": 1,
"col": 3,
"def": "Second."
},
{
"w": "OTTER",
"v": false,
"row": 4,
"col": 5,
"def": "Any aquatic or marine carnivorous mammal, member of the family Mustelidae, which also includes weasels, polecats, badgers, and others."
},
{
"w": "TORTE",
"v": true,
"row": 4,
"col": 6,
"def": "A rich, dense cake, typically made with many eggs and relatively little flour (as opposed to a sponge cake or g\u00e2teau)."
},
{
"w": "HOTTER",
"v": false,
"row": 8,
"col": 2,
"def": "Comparative form of hot: more hot."
}
]
}