{
"id": 2167,
"sub_category": "Fall Packx",
"category": "Marsh Group",
"type": 0,
"letters": "BDDEIR",
"mov": 20,
"shovels": 1,
"coins": 5,
"rows": 15,
"cols": 15,
"c": 0,
"b": -1,
"w": 10,
"h": 9,
"dws": [
"BIRDED",
"RED",
"REDD",
"DIE",
"BIDER",
"BED",
"REDID",
"BREI",
"REI",
"RID",
"BEDRID",
"REBID",
"DEI",
"RIB",
"DRIB",
"IDE",
"DID",
"BIER",
"DIB",
"DIEB",
"DEID",
"BID",
"IRED",
"BIDED",
"REB",
"DEB",
"IRE"
],
"ws": [
{
"w": "BIRD",
"v": false,
"row": 1,
"col": 3,
"def": "A member of the class of animals Aves in the phylum Chordata, characterized by being warm-blooded, having feathers and wings usually capable of flight, and laying eggs."
},
{
"w": "BRED",
"v": true,
"row": 0,
"col": 5,
"def": "Simple past tense and past participle of breed."
},
{
"w": "DIED",
"v": false,
"row": 7,
"col": 0,
"def": "Simple past tense and past participle of die."
},
{
"w": "DIRE",
"v": true,
"row": 4,
"col": 2,
"def": "Ill-boding; portentous."
},
{
"w": "RIDE",
"v": true,
"row": 3,
"col": 6,
"def": "To play defense on the defensemen or midfielders, as an attackman."
},
{
"w": "BIDE",
"v": false,
"row": 4,
"col": 0,
"def": "(chiefly dialectal) To bear; to endure; to tolerate."
},
{
"w": "BRIE",
"v": true,
"row": 1,
"col": 3,
"def": "A variety of soft, mild French cheese made from cow's milk."
},
{
"w": "BRIDE",
"v": true,
"row": 4,
"col": 0,
"def": "A woman who is going to marry or who has just been married."
},
{
"w": "DRIED",
"v": false,
"row": 3,
"col": 5,
"def": "Without water or moisture."
},
{
"w": "BIDDER",
"v": false,
"row": 5,
"col": 4,
"def": "Someone who bids, e.g. at an auction."
}
]
}