{
"id": 2171,
"sub_category": "Fall Packx",
"category": "Marsh Group",
"type": 0,
"letters": "FILOSS",
"mov": 18,
"shovels": 1,
"coins": 5,
"rows": 15,
"cols": 15,
"c": 0,
"b": -1,
"w": 8,
"h": 6,
"dws": [
"SIF",
"SOILS",
"ISO",
"SOL",
"LIS",
"SOLS",
"OIS",
"ISOS",
"FILS",
"FOILS",
"FOSS",
"SILOS",
"OILS",
"LOS",
"SOLI",
"SOS",
"IOS",
"IFS",
"FIL",
"FILO",
"FILOS"
],
"ws": [
{
"w": "OIL",
"v": true,
"row": 0,
"col": 0,
"def": "Liquid fat."
},
{
"w": "SIS",
"v": false,
"row": 3,
"col": 5,
"def": "Shortened form of sister."
},
{
"w": "FOIL",
"v": false,
"row": 1,
"col": 4,
"def": "A very thin sheet of metal."
},
{
"w": "LOSS",
"v": false,
"row": 2,
"col": 0,
"def": "An instance of losing, such as a defeat."
},
{
"w": "SOIL",
"v": false,
"row": 5,
"col": 2,
"def": "A mixture of sand and organic material, used to support plant growth."
},
{
"w": "SILO",
"v": true,
"row": 2,
"col": 3,
"def": "A vertical building, usually circular, used for the storage of grain."
},
{
"w": "FLOSS",
"v": true,
"row": 0,
"col": 7,
"def": "A thread, used to clean the area between the teeth."
},
{
"w": "FOSSIL",
"v": true,
"row": 0,
"col": 5,
"def": "The mineralized remains of an animal or plant."
}
]
}