{
"id": 2179,
"sub_category": "Bark Packx",
"category": "Marsh Group",
"type": 0,
"letters": "AADLNS",
"mov": 18,
"shovels": 1,
"coins": 5,
"rows": 15,
"cols": 15,
"c": 0,
"b": -1,
"w": 7,
"h": 7,
"dws": [
"SAL",
"ALAND",
"NADAS",
"AALS",
"ANS",
"ANSA",
"DAS",
"LADS",
"ALANS",
"NALA",
"NADS",
"ANAL",
"DNA",
"NALAS",
"AAS",
"LANDS",
"NAS",
"ANA",
"ANAS",
"ANDS",
"AAL",
"NADA",
"LANAS",
"LSD",
"ALAN",
"LAS",
"DAN",
"ANLAS",
"ALA",
"ALS",
"ALAS",
"SAN",
"DALS",
"ALANDS",
"DAAL",
"DAL",
"LANA",
"AND",
"DANS"
],
"ws": [
{
"w": "ADS",
"v": true,
"row": 4,
"col": 4,
"def": "Plural form of ad."
},
{
"w": "LAD",
"v": true,
"row": 0,
"col": 3,
"def": "A boy or young man."
},
{
"w": "SAD",
"v": false,
"row": 6,
"col": 4,
"def": "Sated, having had one's fill; satisfied, weary."
},
{
"w": "LAND",
"v": false,
"row": 0,
"col": 3,
"def": "The part of Earth which is not covered by oceans or other bodies of water."
},
{
"w": "SAND",
"v": false,
"row": 2,
"col": 0,
"def": "Rock that is ground more finely than gravel, but is not as fine as silt (more formally, see grain sizes chart), forming beaches and deserts and also used in construction."
},
{
"w": "NASAL",
"v": true,
"row": 0,
"col": 5,
"def": "Of or pertaining to the nose."
},
{
"w": "SALAD",
"v": true,
"row": 1,
"col": 1,
"def": "A food made primarily of a mixture of raw or cold ingredients, typically vegetables, usually served with a dressing such as vinegar or mayonnaise."
},
{
"w": "SANDAL",
"v": false,
"row": 4,
"col": 0,
"def": "A type of open shoe made up of straps or bands holding a sole to the foot."
}
]
}