{
"id": 2187,
"sub_category": "Bark Packx",
"category": "Marsh Group",
"type": 0,
"letters": "ORTTUY",
"mov": 24,
"shovels": 1,
"coins": 5,
"rows": 15,
"cols": 15,
"c": 0,
"b": -1,
"w": 10,
"h": 9,
"dws": [
"TUT",
"RYOT",
"TORT",
"YURT",
"RUTTY",
"TROUTY",
"TUTOY",
"OUT",
"TROU",
"RYU",
"TORY",
"TROY",
"TROT",
"TYRO",
"ORT",
"TOR"
],
"ws": [
{
"w": "OUR",
"v": true,
"row": 2,
"col": 1,
"def": "Belonging to us."
},
{
"w": "ROT",
"v": true,
"row": 0,
"col": 5,
"def": "To suffer decomposition due to biological action, especially by fungi or bacteria."
},
{
"w": "RUT",
"v": false,
"row": 5,
"col": 7,
"def": "Sexual desire or oestrus of cattle, and various other mammals."
},
{
"w": "TOY",
"v": true,
"row": 4,
"col": 5,
"def": "An inferior graffiti artist."
},
{
"w": "TRY",
"v": false,
"row": 6,
"col": 3,
"def": "To attempt. Followed by infinitive."
},
{
"w": "YOU",
"v": true,
"row": 0,
"col": 2,
"def": "The individual or group spoken or written to."
},
{
"w": "TOT",
"v": false,
"row": 2,
"col": 5,
"def": "A small child."
},
{
"w": "TOUR",
"v": true,
"row": 2,
"col": 7,
"def": "A journey through a particular building, estate, country, etc."
},
{
"w": "YOUR",
"v": false,
"row": 0,
"col": 2,
"def": "Belonging to you; of you; related to you (singular; one owner)."
},
{
"w": "ROUT",
"v": false,
"row": 2,
"col": 0,
"def": "To make a noise; roar; bellow; snort."
},
{
"w": "TOUT",
"v": true,
"row": 5,
"col": 9,
"def": "Someone advertising for customers in an aggressive way."
},
{
"w": "TROUT",
"v": true,
"row": 2,
"col": 3,
"def": "Any of several species of fish in Salmonidae, closely related to salmon, and distinguished by spawning more than once."
},
{
"w": "TUTOR",
"v": false,
"row": 8,
"col": 2,
"def": "One who teaches another (usually called a student, learner, or tutee) in a one-on-one or small-group interaction."
},
{
"w": "TRYOUT",
"v": false,
"row": 4,
"col": 0,
"def": "A test of the suitability or effectiveness of a person or thing, especially of a performer (an audition)."
}
]
}