{
"id": 2188,
"sub_category": "Bark Packx",
"category": "Marsh Group",
"type": 0,
"letters": "EHLOSV",
"mov": 22,
"shovels": 1,
"coins": 5,
"rows": 15,
"cols": 15,
"c": 0,
"b": -1,
"w": 10,
"h": 10,
"dws": [
"VOES",
"HOLES",
"VOL",
"LEVS",
"EVO",
"HOVES",
"LES",
"HELOS",
"SLOE",
"EVOS",
"HOSEL",
"LOVES",
"HOVELS",
"HES",
"LEVO",
"OSE",
"LOSH",
"SOH",
"OLE",
"VOE",
"SEL",
"LEV",
"EHS",
"HOLS",
"SHE",
"OHS",
"LOS",
"OVEL",
"OES",
"VOLES",
"HOS",
"OLES",
"ELS",
"SOV",
"SHEOL",
"HELO",
"OVELS",
"SEV",
"HOVE",
"VOLS",
"SOL",
"HOE",
"SHO"
],
"ws": [
{
"w": "HOLE",
"v": true,
"row": 0,
"col": 5,
"def": "A hollow spot in a surface."
},
{
"w": "HOSE",
"v": true,
"row": 6,
"col": 4,
"def": "A flexible tube conveying water or other fluid, pl. hoses."
},
{
"w": "LOSE",
"v": false,
"row": 5,
"col": 0,
"def": "To cause (something) to cease to be in one's possession or capability due to unfortunate or unknown circumstances, events or reasons."
},
{
"w": "LOVE",
"v": true,
"row": 3,
"col": 6,
"def": "An intense feeling of affection and care towards another person."
},
{
"w": "SHOE",
"v": false,
"row": 1,
"col": 3,
"def": "A protective covering for the foot, with a bottom part composed of thick leather or plastic sole and often a thicker heel, and a softer upper part made of leather or synthetic material. Shoes generally do not extend above the ankle, as opposed to boots, which do."
},
{
"w": "SOLE",
"v": true,
"row": 4,
"col": 1,
"def": "A wooden band or yoke put around the neck of an ox or cow in the stall."
},
{
"w": "HOES",
"v": false,
"row": 6,
"col": 4,
"def": "Undefined"
},
{
"w": "VOLE",
"v": true,
"row": 6,
"col": 9,
"def": "Any of a large number of species of small rodents of the family Cricetidae."
},
{
"w": "SHOVE",
"v": true,
"row": 1,
"col": 3,
"def": "To push, especially roughly or with force."
},
{
"w": "SOLVE",
"v": true,
"row": 0,
"col": 8,
"def": "To find an answer or solution to a problem or question; to work out."
},
{
"w": "HOVEL",
"v": false,
"row": 3,
"col": 2,
"def": "An open shed for sheltering cattle, or protecting produce, etc., from the weather."
},
{
"w": "SHOVEL",
"v": false,
"row": 8,
"col": 4,
"def": "A hand tool with a handle, used for moving portions of material such as earth, snow, and grain from one place to another, with some forms also used for digging. Not to be confused with a spade, which is designed solely for small-scale digging and incidental tasks such as chopping of small roots."
}
]
}