{
"id": 2189,
"sub_category": "Bark Packx",
"category": "Marsh Group",
"type": 0,
"letters": "FLRRUY",
"mov": 16,
"shovels": 1,
"coins": 5,
"rows": 15,
"cols": 15,
"c": 0,
"b": -1,
"w": 7,
"h": 6,
"dws": [
"LUR",
"FURR",
"LURRY",
"RULY",
"RYU",
"FURL",
"FURY"
],
"ws": [
{
"w": "FLU",
"v": false,
"row": 2,
"col": 0,
"def": "Influenza."
},
{
"w": "FLY",
"v": true,
"row": 2,
"col": 4,
"def": "Any insect of the order Diptera; characterized by having two wings, also called true flies."
},
{
"w": "FRY",
"v": false,
"row": 2,
"col": 4,
"def": "To cook (something) in hot fat."
},
{
"w": "FUR",
"v": true,
"row": 0,
"col": 5,
"def": "Hairy coat of various mammal species, especially: when fine, soft and thick."
},
{
"w": "FURRY",
"v": false,
"row": 4,
"col": 0,
"def": "Covered with fur, or with something resembling fur."
},
{
"w": "FLURRY",
"v": true,
"row": 0,
"col": 2,
"def": "A brief snowfall."
}
]
}