{
"id": 2195,
"sub_category": "Red Packx",
"category": "Marsh Group",
"type": 0,
"letters": "BDEIIR",
"mov": 22,
"shovels": 1,
"coins": 5,
"rows": 15,
"cols": 15,
"c": 0,
"b": -1,
"w": 8,
"h": 8,
"dws": [
"BRIDIE",
"DIE",
"BIDER",
"BRIE",
"BREI",
"BIDI",
"REI",
"REBID",
"DEI",
"DRIB",
"IDE",
"IRID",
"BIDE",
"BIER",
"DIB",
"DIEB",
"IRED",
"REB",
"DEB"
],
"ws": [
{
"w": "BED",
"v": true,
"row": 5,
"col": 3,
"def": "A piece of furniture, usually flat and soft, to sleep on."
},
{
"w": "BID",
"v": true,
"row": 2,
"col": 2,
"def": "To issue a command; to tell."
},
{
"w": "RED",
"v": true,
"row": 4,
"col": 0,
"def": "Having red as its colour."
},
{
"w": "RIB",
"v": false,
"row": 0,
"col": 5,
"def": "Any of a series of long curved bones occurring in 12 pairs in humans and other animals and extending from the spine to or toward the sternum."
},
{
"w": "RID",
"v": false,
"row": 4,
"col": 0,
"def": "Released from an obligation, problem, etc. (usually followed by \"of\")."
},
{
"w": "IRE",
"v": true,
"row": 5,
"col": 5,
"def": "Iron."
},
{
"w": "BIRD",
"v": false,
"row": 2,
"col": 2,
"def": "A member of the class of animals Aves in the phylum Chordata, characterized by being warm-blooded, having feathers and wings usually capable of flight, and laying eggs."
},
{
"w": "BRED",
"v": false,
"row": 0,
"col": 0,
"def": "Simple past tense and past participle of breed."
},
{
"w": "DIRE",
"v": false,
"row": 6,
"col": 0,
"def": "Ill-boding; portentous."
},
{
"w": "RIDE",
"v": true,
"row": 0,
"col": 5,
"def": "To play defense on the defensemen or midfielders, as an attackman."
},
{
"w": "BRIDE",
"v": false,
"row": 5,
"col": 3,
"def": "A woman who is going to marry or who has just been married."
},
{
"w": "BIRDIE",
"v": true,
"row": 0,
"col": 7,
"def": "A bird; a birdling."
}
]
}