{
"id": 2199,
"sub_category": "Red Packx",
"category": "Marsh Group",
"type": 0,
"letters": "AFLRTU",
"mov": 28,
"shovels": 1,
"coins": 5,
"rows": 15,
"cols": 15,
"c": 0,
"b": -1,
"w": 12,
"h": 9,
"dws": [
"UTA",
"ALF",
"LAUF",
"AUF",
"FAUT",
"TUFA",
"RUT",
"FAUR",
"FART",
"ARF",
"ALU",
"FRAU",
"LAR",
"LUR",
"FARL",
"FURL",
"RATU",
"FRA",
"LATU"
],
"ws": [
{
"w": "ART",
"v": false,
"row": 7,
"col": 7,
"def": "Human effort to imitate, supplement, alter, or counteract the work of nature."
},
{
"w": "FAR",
"v": true,
"row": 6,
"col": 7,
"def": "Remote in space."
},
{
"w": "FAT",
"v": true,
"row": 6,
"col": 5,
"def": "A large tub or vessel for water, wine, or other liquids; a cistern."
},
{
"w": "FLU",
"v": true,
"row": 5,
"col": 1,
"def": "Influenza."
},
{
"w": "FUR",
"v": true,
"row": 5,
"col": 11,
"def": "Hairy coat of various mammal species, especially: when fine, soft and thick."
},
{
"w": "RAT",
"v": true,
"row": 3,
"col": 2,
"def": "A medium-sized rodent belonging to the genus Rattus."
},
{
"w": "TAR",
"v": false,
"row": 8,
"col": 5,
"def": "A black, oily, sticky, viscous substance, consisting mainly of hydrocarbons derived from organic materials such as wood, peat, or coal."
},
{
"w": "AFT",
"v": false,
"row": 5,
"col": 0,
"def": "The stern portion of a vessel."
},
{
"w": "TAU",
"v": true,
"row": 2,
"col": 6,
"def": "The name of the letter T/\u03c4 in the Greek, Hebrew and ancient Semitic alphabets, being the nineteenth letter of the Classical and Modern Greek, the twentieth letter of Old and Ancient Greek."
},
{
"w": "ALT",
"v": false,
"row": 4,
"col": 2,
"def": "A state of excitement, conveyed by a high pitched voice."
},
{
"w": "LAT",
"v": true,
"row": 2,
"col": 4,
"def": "A Latvian coin and national monetary unit."
},
{
"w": "FLAT",
"v": false,
"row": 2,
"col": 3,
"def": "Having no variations in altitude."
},
{
"w": "RAFT",
"v": true,
"row": 0,
"col": 8,
"def": "A flat structure made of planks, barrels etc., that floats on water, and is used for transport, emergencies or a platform for swimmers."
},
{
"w": "TURF",
"v": false,
"row": 5,
"col": 8,
"def": "A layer of earth covered with grass; sod."
},
{
"w": "FRAT",
"v": false,
"row": 0,
"col": 7,
"def": "Shortened form for fraternity, college organization. (Often used as a noun modifier.)."
},
{
"w": "FAULT",
"v": true,
"row": 3,
"col": 9,
"def": "A defect; something that detracts from perfection."
},
{
"w": "ULTRA",
"v": false,
"row": 7,
"col": 1,
"def": "Extreme; far beyond the norm."
},
{
"w": "ARTFUL",
"v": false,
"row": 3,
"col": 6,
"def": "Performed with, or characterized by, art or skill."
}
]
}