{
"id": 22,
"sub_category": "Dew Pack",
"category": "Forest Group",
"type": 0,
"letters": "ELORS",
"mov": 16,
"shovels": 1,
"coins": 5,
"rows": 15,
"cols": 15,
"c": 0,
"b": -1,
"w": 7,
"h": 6,
"dws": [
"REOS",
"LOR",
"LES",
"EORL",
"SLOE",
"ROES",
"EORLS",
"SER",
"OSE",
"ORLES",
"LORE",
"REO",
"OLE",
"SOLER",
"SEL",
"SOREL",
"ERS",
"LORES",
"ORES",
"LOS",
"ORLE",
"OES",
"OLES",
"ELS",
"EROS",
"ROE",
"ORS",
"ROLE",
"RES",
"SOL",
"LOSER"
],
"ws": [
{
"w": "ORE",
"v": true,
"row": 0,
"col": 3,
"def": "Rock that contains utilitarian materials; primarily a rock containing metals or gems which (at the time of the rock's evaluation and proposal for extraction) are able to be separated from its neighboring minerals and processed at a cost that does not exceed those materials' present-day economic values."
},
{
"w": "LOSE",
"v": false,
"row": 2,
"col": 0,
"def": "To cause (something) to cease to be in one's possession or capability due to unfortunate or unknown circumstances, events or reasons."
},
{
"w": "ROSE",
"v": false,
"row": 1,
"col": 3,
"def": "A shrub of the genus Rosa, with red, pink, white or yellow flowers."
},
{
"w": "SOLE",
"v": true,
"row": 1,
"col": 5,
"def": "A wooden band or yoke put around the neck of an ox or cow in the stall."
},
{
"w": "SORE",
"v": true,
"row": 2,
"col": 2,
"def": "Causing pain or discomfort; painfully sensitive."
},
{
"w": "ROLES",
"v": false,
"row": 4,
"col": 2,
"def": "Plural form of role."
}
]
}