{
"id": 2203,
"sub_category": "Red Packx",
"category": "Marsh Group",
"type": 0,
"letters": "AFGLNU",
"mov": 24,
"shovels": 1,
"coins": 5,
"rows": 15,
"cols": 15,
"c": 0,
"b": -1,
"w": 10,
"h": 9,
"dws": [
"LANG",
"ALF",
"FLU",
"FUGAL",
"AUF",
"LAUF",
"FLAN",
"LUN",
"FAUN",
"FUNG",
"NUG",
"ULNA",
"GUAN",
"FUG",
"GAUN",
"GUL",
"GAU",
"FAG",
"LUNA",
"ALU",
"GAN",
"GULA",
"AGLU",
"ULAN"
],
"ws": [
{
"w": "FAN",
"v": true,
"row": 2,
"col": 2,
"def": "A hand-held device consisting of concertinaed material, or slats of material, gathered together at one end, that may be opened out into the shape of a sector of a circle and waved back and forth in order to move air towards oneself and cool oneself."
},
{
"w": "FUN",
"v": false,
"row": 2,
"col": 2,
"def": "Enjoyable, amusing."
},
{
"w": "GAL",
"v": false,
"row": 0,
"col": 4,
"def": "A gallon."
},
{
"w": "GUN",
"v": true,
"row": 0,
"col": 4,
"def": "A very portable, short firearm, for hand use, which fires bullets or projectiles, such as a handgun, revolver, pistol, or Derringer."
},
{
"w": "LAG",
"v": true,
"row": 0,
"col": 6,
"def": "Late."
},
{
"w": "LUG",
"v": false,
"row": 5,
"col": 7,
"def": "A lug nut."
},
{
"w": "NAG",
"v": false,
"row": 7,
"col": 7,
"def": "A small horse; a pony."
},
{
"w": "GNU",
"v": true,
"row": 4,
"col": 3,
"def": "A large antelope native to Africa having curved horns."
},
{
"w": "FANG",
"v": true,
"row": 2,
"col": 9,
"def": "To catch, capture; seize; grip; clutch; lay hold of."
},
{
"w": "FLAG",
"v": true,
"row": 3,
"col": 5,
"def": "A piece of cloth, often decorated with an emblem, used as a visual signal or symbol."
},
{
"w": "GULF",
"v": false,
"row": 2,
"col": 6,
"def": "A hollow place in the earth; an abyss; a deep chasm or basin."
},
{
"w": "LUNG",
"v": false,
"row": 6,
"col": 2,
"def": "A biological organ that extracts oxygen from the air."
},
{
"w": "FLUNG",
"v": true,
"row": 4,
"col": 7,
"def": "Simple past of fling."
},
{
"w": "FUNGAL",
"v": false,
"row": 4,
"col": 0,
"def": "Of or pertaining to a fungus or fungi."
}
]
}