{
"id": 221,
"sub_category": "Cloud Pack",
"category": "Sky Group",
"type": 0,
"letters": "HNORTY",
"mov": 20,
"shovels": 1,
"coins": 5,
"rows": 15,
"cols": 15,
"c": 0,
"b": -1,
"w": 9,
"h": 8,
"dws": [
"ROT",
"HOY",
"TONY",
"TROY",
"THO",
"TRON",
"THY",
"HON",
"NOY",
"TYRO",
"TOR",
"RHO",
"HORNY",
"NOH",
"TORY",
"RHYTON",
"HOT",
"THRO",
"NOR",
"THON",
"RYOT",
"ONY",
"ORT",
"YONT",
"NTH",
"RONT"
],
"ws": [
{
"w": "NOT",
"v": true,
"row": 0,
"col": 4,
"def": "Negates the meaning of the modified verb."
},
{
"w": "TON",
"v": false,
"row": 4,
"col": 4,
"def": "A unit of weight (mass) equal to 2240 pounds (a long ton) or 2000 pounds (a short ton) or 1000 kilograms (a metric ton)."
},
{
"w": "TOY",
"v": false,
"row": 0,
"col": 6,
"def": "An inferior graffiti artist."
},
{
"w": "TRY",
"v": false,
"row": 5,
"col": 0,
"def": "To attempt. Followed by infinitive."
},
{
"w": "YON",
"v": true,
"row": 0,
"col": 8,
"def": "Distant, but within sight."
},
{
"w": "HORN",
"v": false,
"row": 7,
"col": 1,
"def": "A hard growth of keratin that protrudes from the top of the head of certain animals."
},
{
"w": "TORN",
"v": true,
"row": 4,
"col": 4,
"def": "Past participle of tear (rip, rend, speed)."
},
{
"w": "NORTH",
"v": true,
"row": 3,
"col": 1,
"def": "One of the four major compass points, specifically 0\u00b0, directed toward the North Pole, and conventionally upwards on a map."
},
{
"w": "THORN",
"v": false,
"row": 2,
"col": 4,
"def": "A sharp protective spine of a plant."
},
{
"w": "THORNY",
"v": true,
"row": 0,
"col": 6,
"def": "Having thorns or spines."
}
]
}