{
"id": 2212,
"sub_category": "Vivid Packx",
"category": "Marsh Group",
"type": 0,
"letters": "BELRTU",
"mov": 22,
"shovels": 1,
"coins": 5,
"rows": 15,
"cols": 15,
"c": 0,
"b": -1,
"w": 10,
"h": 10,
"dws": [
"BLUET",
"BUTE",
"RET",
"BURET",
"TUB",
"TRUE",
"LUTER",
"BEL",
"UTE",
"BUT",
"ELT",
"TULE",
"BLET",
"RUB",
"TEL",
"BUR",
"RUT",
"BURL",
"BRUT",
"RUBEL",
"ULE",
"BUTLE",
"RUE",
"LEU",
"URE",
"BRU",
"REB",
"REBUT",
"LUR",
"BET",
"LET",
"RUBLE",
"BRULE",
"LUTE",
"RUBE",
"URB"
],
"ws": [
{
"w": "BELT",
"v": false,
"row": 0,
"col": 5,
"def": "A band worn around the waist to hold clothing to one's body (usually pants), hold weapons (such as a gun or sword), or serve as a decorative piece of clothing."
},
{
"w": "BLUE",
"v": true,
"row": 0,
"col": 3,
"def": "Having a bluish colour shade."
},
{
"w": "BLUR",
"v": false,
"row": 1,
"col": 2,
"def": "To make indistinct or hazy, to obscure or dim."
},
{
"w": "LURE",
"v": true,
"row": 1,
"col": 0,
"def": "Something that tempts or attracts, especially one with a promise of reward or pleasure."
},
{
"w": "RULE",
"v": false,
"row": 3,
"col": 0,
"def": "A regulation, law, guideline."
},
{
"w": "TUBE",
"v": true,
"row": 0,
"col": 8,
"def": "Anything that is hollow and cylindrical in shape."
},
{
"w": "LUBE",
"v": false,
"row": 6,
"col": 4,
"def": "Lubricant."
},
{
"w": "BRUTE",
"v": true,
"row": 0,
"col": 5,
"def": "Strong, blunt, and spontaneous."
},
{
"w": "TUBER",
"v": false,
"row": 3,
"col": 5,
"def": "A fleshy, thickened underground stem of a plant, usually containing stored starch, as for example a potato or arrowroot."
},
{
"w": "BLUER",
"v": true,
"row": 3,
"col": 7,
"def": "Comparative form of blue: more blue."
},
{
"w": "BLURT",
"v": true,
"row": 5,
"col": 4,
"def": "To utter suddenly and unadvisedly; to speak quickly or without thought; to divulge inconsiderately \u2014 commonly with out."
},
{
"w": "BUTLER",
"v": false,
"row": 9,
"col": 2,
"def": "A manservant having charge of wines and liquors."
}
]
}