{
"id": 2214,
"sub_category": "Vivid Packx",
"category": "Marsh Group",
"type": 0,
"letters": "EFGLNU",
"mov": 18,
"shovels": 1,
"coins": 5,
"rows": 15,
"cols": 15,
"c": 0,
"b": -1,
"w": 8,
"h": 8,
"dws": [
"GNU",
"LUNE",
"FUN",
"FLU",
"FEU",
"LUN",
"NEG",
"GUE",
"FUNG",
"NUG",
"ENUF",
"FUG",
"GUL",
"ELF",
"FEG",
"GEN",
"LENG",
"GUN",
"GULE",
"GEL",
"ULE",
"LEU",
"LEG",
"LUG",
"FUGLE",
"ENG",
"FEN",
"NEF",
"FLUE",
"FUEL",
"GENU",
"FLEG"
],
"ws": [
{
"w": "GLUE",
"v": true,
"row": 1,
"col": 0,
"def": "A hard gelatin made by boiling bones and hides, used in solution as an adhesive; or any sticky adhesive substance."
},
{
"w": "GULF",
"v": true,
"row": 4,
"col": 4,
"def": "A hollow place in the earth; an abyss; a deep chasm or basin."
},
{
"w": "LUNG",
"v": true,
"row": 4,
"col": 6,
"def": "A biological organ that extracts oxygen from the air."
},
{
"w": "GLEN",
"v": true,
"row": 2,
"col": 2,
"def": "A secluded and narrow valley; a dale; a depression between hills."
},
{
"w": "LUGE",
"v": false,
"row": 2,
"col": 0,
"def": "A racing sled for one or two people that is ridden with the rider or riders lying on their back."
},
{
"w": "FLUNG",
"v": false,
"row": 6,
"col": 3,
"def": "Simple past of fling."
},
{
"w": "LUNGE",
"v": false,
"row": 0,
"col": 2,
"def": "A sudden forward movement, especially with a sword."
},
{
"w": "ENGULF",
"v": false,
"row": 4,
"col": 2,
"def": "To overwhelm."
}
]
}