{
"id": 2225,
"sub_category": "Cover Packx",
"category": "Marsh Group",
"type": 0,
"letters": "CEFINT",
"mov": 16,
"shovels": 1,
"coins": 5,
"rows": 15,
"cols": 15,
"c": 0,
"b": -1,
"w": 7,
"h": 7,
"dws": [
"FENI",
"NIT",
"FENT",
"TIC",
"NEIF",
"NIFE",
"EFT",
"NITE",
"TEC",
"TINE",
"TEN",
"FIT",
"CIT",
"ETIC",
"NIE",
"NIEF",
"TICE",
"TEF",
"TIE",
"CINE",
"FIENT",
"ICE",
"FET",
"TIN",
"FICE",
"FECIT",
"FEN",
"NEF",
"FIE",
"NET",
"FIN",
"TEIN"
],
"ws": [
{
"w": "CENT",
"v": true,
"row": 3,
"col": 5,
"def": "A coin having face value of one cent (in either of the above senses)."
},
{
"w": "CITE",
"v": false,
"row": 6,
"col": 0,
"def": "To quote; to repeat, as a passage from a book, or the words of another."
},
{
"w": "FINE",
"v": false,
"row": 0,
"col": 2,
"def": "Of superior quality."
},
{
"w": "NICE",
"v": true,
"row": 0,
"col": 4,
"def": "Nicely."
},
{
"w": "FEINT",
"v": true,
"row": 0,
"col": 2,
"def": "To make a feint, or mock attack."
},
{
"w": "INFECT",
"v": false,
"row": 3,
"col": 1,
"def": "To bring into contact with a substance that can cause illness (a pathogen)."
}
]
}