{
"id": 2241,
"sub_category": "Fir Pack",
"category": "Woods Group",
"type": 0,
"letters": "BNOTUY",
"mov": 16,
"shovels": 1,
"coins": 5,
"rows": 15,
"cols": 15,
"c": 0,
"b": -1,
"w": 7,
"h": 6,
"dws": [
"YON",
"TONY",
"TUB",
"BOUN",
"BUT",
"BUY",
"NOB",
"NUT",
"NOY",
"TUN",
"TOBY",
"YOB",
"NUB",
"YOU",
"BON",
"TOUN",
"YONT",
"BUN",
"OUTBY",
"BOT",
"BUNTY",
"BOY",
"NOUT",
"TON",
"NOT",
"OUT",
"TUNY",
"ONY",
"TOY"
],
"ws": [
{
"w": "BONY",
"v": true,
"row": 1,
"col": 5,
"def": "Resembling, having the appearance or consistence of, or relating to bone; osseous."
},
{
"w": "BOUT",
"v": true,
"row": 2,
"col": 3,
"def": "A period of something, usually painful or unpleasant."
},
{
"w": "BUNT",
"v": false,
"row": 0,
"col": 1,
"def": "The middle part, cavity, or belly of a sail; the part of a furled sail which is at the center of the yard."
},
{
"w": "UNTO",
"v": false,
"row": 3,
"col": 0,
"def": "Up to the time or degree that; until; till."
},
{
"w": "BUOY",
"v": false,
"row": 2,
"col": 3,
"def": "A float moored in water to mark a location, warn of danger, or indicate a navigational channel."
},
{
"w": "BOUNTY",
"v": true,
"row": 0,
"col": 1,
"def": "Generosity."
}
]
}