{
"id": 2242,
"sub_category": "Fir Pack",
"category": "Woods Group",
"type": 0,
"letters": "ADEFKL",
"mov": 26,
"shovels": 1,
"coins": 5,
"rows": 15,
"cols": 15,
"c": 0,
"b": -1,
"w": 14,
"h": 10,
"dws": [
"KAE",
"KAF",
"ALF",
"FED",
"ELK",
"KAED",
"DELF",
"FAE",
"DAK",
"LADE",
"FAD",
"DAE",
"FEAL",
"KADE",
"LAKED",
"ALE",
"ELF",
"LEA",
"KED",
"ALEF",
"ELD",
"LAD",
"LED",
"DEF",
"AKED",
"AKE",
"DAL",
"KEF",
"LEK",
"KEA",
"DEL"
],
"ws": [
{
"w": "DEAF",
"v": true,
"row": 2,
"col": 13,
"def": "Not having the faculty of hearing, or only partially able to hear."
},
{
"w": "DEAL",
"v": false,
"row": 7,
"col": 8,
"def": "A division, a portion, a share."
},
{
"w": "FADE",
"v": true,
"row": 5,
"col": 8,
"def": "Weak; insipid; tasteless; commonplace."
},
{
"w": "FAKE",
"v": false,
"row": 3,
"col": 10,
"def": "Not real; false, fraudulent."
},
{
"w": "FLEA",
"v": false,
"row": 6,
"col": 5,
"def": "A small, wingless, parasitic insect of the order Siphonaptera, renowned for its bloodsucking habits and jumping abilities."
},
{
"w": "FLED",
"v": true,
"row": 6,
"col": 5,
"def": "Simple past tense and past participle of flee."
},
{
"w": "LAKE",
"v": true,
"row": 2,
"col": 11,
"def": "A small stream of running water; a channel for water; a drain."
},
{
"w": "LEAD",
"v": true,
"row": 5,
"col": 10,
"def": "A heavy, pliable, inelastic metal element, having a bright, bluish color, but easily tarnished; both malleable and ductile, though with little tenacity. It is easily fusible, forms alloys with other metals, and is an ingredient of solder and type metal. Atomic number 82, symbol Pb (from Latin plumbum)."
},
{
"w": "LEAF",
"v": false,
"row": 5,
"col": 10,
"def": "The usually green and flat organ that represents the most prominent feature of most vegetative plants."
},
{
"w": "LEAK",
"v": true,
"row": 5,
"col": 2,
"def": "A crack, crevice, fissure, or hole which admits water or other fluid, or lets it escape."
},
{
"w": "FLAK",
"v": false,
"row": 2,
"col": 2,
"def": "Ground-based anti-aircraft guns firing explosive shells."
},
{
"w": "KALE",
"v": false,
"row": 8,
"col": 2,
"def": "Cole."
},
{
"w": "DALE",
"v": false,
"row": 5,
"col": 0,
"def": "A valley in an otherwise hilly area."
},
{
"w": "FLAKE",
"v": true,
"row": 1,
"col": 3,
"def": "A loose filmy mass or a thin chiplike layer of anything; a film; flock; lamina; layer; scale; as, a flake of snow, paint, or fish."
},
{
"w": "FAKED",
"v": true,
"row": 0,
"col": 5,
"def": "Simple past tense and past participle of fake."
},
{
"w": "FLAKED",
"v": false,
"row": 0,
"col": 5,
"def": "Simple past tense and past participle of flake."
}
]
}