{
"id": 2245,
"sub_category": "Fir Pack",
"category": "Woods Group",
"type": 0,
"letters": "AEEHLR",
"mov": 16,
"shovels": 1,
"coins": 5,
"rows": 15,
"cols": 15,
"c": 0,
"b": -1,
"w": 7,
"h": 6,
"dws": [
"ARE",
"HELE",
"HERL",
"EEL",
"LEER",
"ERA",
"LARE",
"ERE",
"LAREE",
"HAE",
"ALE",
"EARL",
"RALE",
"LEA",
"EALE",
"ALEE",
"LAER",
"EAR",
"LEE",
"ARLE",
"LEAR",
"REEL",
"REE",
"RAH",
"LEHR",
"LAR",
"REH",
"HALE",
"REAL",
"HER",
"HARL",
"RHEA",
"LERE",
"HALER",
"LAH"
],
"ws": [
{
"w": "HARE",
"v": true,
"row": 0,
"col": 3,
"def": "Any of several plant-eating animals of the family Leporidae, especially of the genus Lepus, similar to a rabbit, but larger and with longer ears."
},
{
"w": "HEAL",
"v": false,
"row": 5,
"col": 3,
"def": "To hide; conceal; keep secret."
},
{
"w": "HEAR",
"v": true,
"row": 0,
"col": 5,
"def": "To sympathize with; to share the feeling or opinion of."
},
{
"w": "HEEL",
"v": true,
"row": 1,
"col": 1,
"def": "Part of the foot on the backside where it becomes the leg."
},
{
"w": "HERE",
"v": false,
"row": 3,
"col": 0,
"def": "This place; this location."
},
{
"w": "HEALER",
"v": false,
"row": 1,
"col": 1,
"def": "Agent noun of heal: a person who heals, especially through faith."
}
]
}