{
"id": 2246,
"sub_category": "Fir Pack",
"category": "Woods Group",
"type": 0,
"letters": "ADDENW",
"mov": 22,
"shovels": 1,
"coins": 5,
"rows": 15,
"cols": 15,
"c": 0,
"b": -1,
"w": 10,
"h": 8,
"dws": [
"DEWAN",
"NAE",
"DAD",
"END",
"WED",
"DAWED",
"NAW",
"DAE",
"ANE",
"WEND",
"DAW",
"DNA",
"DEN",
"EAN",
"DEW",
"DEAW",
"AWE",
"DAN",
"WADD",
"ADD",
"NEW",
"NED",
"DAWEN",
"WEN",
"WAN",
"DAWD",
"WAE",
"AND",
"WAD",
"AWN",
"AWNED"
],
"ws": [
{
"w": "DAWN",
"v": true,
"row": 3,
"col": 8,
"def": "To begin to brighten with daylight."
},
{
"w": "DEAD",
"v": true,
"row": 0,
"col": 3,
"def": "No longer living."
},
{
"w": "DEAN",
"v": false,
"row": 6,
"col": 5,
"def": "A senior official in a college or university, who may be in charge of a division or faculty (for example, the dean of science) or have some other advisory or disciplinary function (for example, the dean of students)."
},
{
"w": "WADE",
"v": false,
"row": 1,
"col": 0,
"def": "To walk through water or something that impedes progress."
},
{
"w": "WAND",
"v": true,
"row": 3,
"col": 5,
"def": "A stick or staff."
},
{
"w": "ANEW",
"v": true,
"row": 4,
"col": 0,
"def": "Again, once more."
},
{
"w": "AWED",
"v": true,
"row": 4,
"col": 2,
"def": "Simple past tense and past participle of awe."
},
{
"w": "WANE",
"v": true,
"row": 0,
"col": 1,
"def": "A gradual diminution in power, value, intensity etc."
},
{
"w": "WEAN",
"v": false,
"row": 5,
"col": 2,
"def": "To cease giving milk to an offspring."
},
{
"w": "WADED",
"v": false,
"row": 7,
"col": 0,
"def": "Simple past tense and past participle of wade."
},
{
"w": "WANED",
"v": false,
"row": 1,
"col": 5,
"def": "Simple past tense and past participle of wane."
},
{
"w": "DAWNED",
"v": false,
"row": 3,
"col": 3,
"def": "Simple past tense and past participle of dawn."
}
]
}