{
"id": 2249,
"sub_category": "Fir Pack",
"category": "Woods Group",
"type": 0,
"letters": "AEMNNR",
"mov": 18,
"shovels": 1,
"coins": 5,
"rows": 15,
"cols": 15,
"c": 0,
"b": -1,
"w": 8,
"h": 7,
"dws": [
"NEMA",
"ARE",
"MAR",
"RAMEN",
"REM",
"NAE",
"ARM",
"ERA",
"MAE",
"ERN",
"MEN",
"REAM",
"NAN",
"ANE",
"ANN",
"REMAN",
"EAN",
"RAM",
"RAN",
"AME",
"RNA",
"NAM",
"EAR",
"REN",
"NANE",
"REAN",
"NARE",
"MNA",
"ENARM",
"MAN",
"NAMER",
"ERM"
],
"ws": [
{
"w": "AMEN",
"v": true,
"row": 3,
"col": 5,
"def": "At the end of Judeo-Christian prayers: so be it."
},
{
"w": "EARN",
"v": false,
"row": 4,
"col": 0,
"def": "To gain (success, reward, recognition) through applied effort or work."
},
{
"w": "MANE",
"v": false,
"row": 6,
"col": 3,
"def": "Longer hair growth on back of neck of an animal, especially a horse or lion."
},
{
"w": "MARE",
"v": true,
"row": 1,
"col": 0,
"def": "An adult female horse."
},
{
"w": "MEAN",
"v": true,
"row": 0,
"col": 4,
"def": "To intend."
},
{
"w": "NAME",
"v": false,
"row": 3,
"col": 4,
"def": "Any nounal word or phrase which indicates a particular person, place, class, or thing."
},
{
"w": "NEAR",
"v": true,
"row": 1,
"col": 2,
"def": "Physically close."
},
{
"w": "MANNER",
"v": false,
"row": 1,
"col": 0,
"def": "Mode of action; way of performing or effecting anything; method; style; form; fashion."
}
]
}