{
"id": 225,
"sub_category": "Sun Pack",
"category": "Sky Group",
"type": 0,
"letters": "HNOOPT",
"mov": 20,
"shovels": 1,
"coins": 5,
"rows": 15,
"cols": 15,
"c": 0,
"b": -1,
"w": 8,
"h": 6,
"dws": [
"PHONO",
"TOO",
"NTH",
"TOHO",
"OOP",
"PONT",
"NOO",
"HOON",
"THO",
"POOH",
"POOT",
"PHT",
"HON",
"PHON",
"POH",
"PHO",
"POON",
"NOH",
"ONO",
"OOT",
"OON",
"TOON",
"TOPH",
"HOT",
"TOPO",
"OHO",
"NOOP",
"THON",
"TON",
"NOT",
"OONT",
"PHOT",
"POO",
"HOO"
],
"ws": [
{
"w": "HOP",
"v": true,
"row": 2,
"col": 0,
"def": "A short jump."
},
{
"w": "POT",
"v": true,
"row": 0,
"col": 5,
"def": "A vessel used for cooking or storing food."
},
{
"w": "TOP",
"v": false,
"row": 2,
"col": 5,
"def": "That part of an object furthest away in the opposite direction from that in which an unsupported object would fall."
},
{
"w": "OOH",
"v": true,
"row": 3,
"col": 4,
"def": "An expression of surprise."
},
{
"w": "OPT",
"v": false,
"row": 0,
"col": 1,
"def": "To choose; to select."
},
{
"w": "HOOP",
"v": false,
"row": 5,
"col": 4,
"def": "A circular band of metal used to bind a barrel."
},
{
"w": "ONTO",
"v": true,
"row": 2,
"col": 6,
"def": "Upon; on top of."
},
{
"w": "HOOT",
"v": false,
"row": 2,
"col": 0,
"def": "A derisive cry or shout."
},
{
"w": "PHOTO",
"v": false,
"row": 4,
"col": 0,
"def": "Photograph."
},
{
"w": "PHOTON",
"v": true,
"row": 0,
"col": 2,
"def": "The quantum of light and other electromagnetic energy, regarded as a discrete particle having zero rest mass, no electric charge, and an indefinitely long lifetime. It is a gauge boson."
}
]
}