{
"id": 2250,
"sub_category": "Fir Pack",
"category": "Woods Group",
"type": 0,
"letters": "ADEELR",
"mov": 24,
"shovels": 1,
"coins": 5,
"rows": 15,
"cols": 15,
"c": 0,
"b": -1,
"w": 11,
"h": 10,
"dws": [
"RADE",
"RED",
"ARE",
"LEED",
"EEL",
"DERE",
"ERA",
"LARE",
"ARD",
"ERE",
"LADE",
"EARD",
"DEARE",
"DAE",
"EARED",
"ERED",
"LADER",
"LAREE",
"ALE",
"RALE",
"DALE",
"DEE",
"LEA",
"EALE",
"ALEE",
"AREDE",
"RAD",
"ELD",
"LAER",
"LAD",
"DREE",
"LEAD",
"REDEAL",
"EAR",
"LEE",
"ARLE",
"LEAR",
"LERED",
"LED",
"REE",
"LAR",
"ARED",
"LEDE",
"DEAL",
"REDE",
"DAL",
"DELE",
"LERE",
"DEL"
],
"ws": [
{
"w": "DARE",
"v": false,
"row": 0,
"col": 4,
"def": "To have enough courage (to do something)."
},
{
"w": "DEAR",
"v": true,
"row": 0,
"col": 4,
"def": "Loved; lovable."
},
{
"w": "DEER",
"v": false,
"row": 5,
"col": 0,
"def": "A beast, usually a quadruped as opposed to birds, fish, etc."
},
{
"w": "EARL",
"v": true,
"row": 3,
"col": 3,
"def": "A British nobleman next in rank above a viscount and below a marquess; equivalent to a European count. A female using the style is termed a countess."
},
{
"w": "READ",
"v": true,
"row": 0,
"col": 6,
"def": "A reading or an act of reading, especially an actor's part of a play."
},
{
"w": "REAL",
"v": true,
"row": 2,
"col": 10,
"def": "A commodity; see reality."
},
{
"w": "REED",
"v": true,
"row": 4,
"col": 8,
"def": "Any of various types of tall stiff perennial grass-like plants growing together in groups near water."
},
{
"w": "REEL",
"v": false,
"row": 5,
"col": 7,
"def": "A lively dance of the Highlanders of Scotland; also, the music to the dance; -- often called Scotch reel."
},
{
"w": "LEER",
"v": false,
"row": 3,
"col": 1,
"def": "A significant side glance; a glance expressive of some passion, as malignity, amorousness, etc.; a sly or lecherous look."
},
{
"w": "LARD",
"v": false,
"row": 7,
"col": 5,
"def": "Fat from the abdomen of a pig, especially as prepared for use in cooking or pharmacy."
},
{
"w": "ELDER",
"v": true,
"row": 2,
"col": 1,
"def": "Comparative of old; greater than another in age or seniority."
},
{
"w": "ALDER",
"v": false,
"row": 2,
"col": 6,
"def": "Any of several trees or shrubs of the genus Alnus, belonging to the birch family."
},
{
"w": "DEALER",
"v": true,
"row": 4,
"col": 5,
"def": "One who deals things, especially automobiles; a middleman."
},
{
"w": "LEADER",
"v": false,
"row": 9,
"col": 0,
"def": "Any person or thing that leads or conducts."
}
]
}