{
"id": 2251,
"sub_category": "Fir Pack",
"category": "Woods Group",
"type": 0,
"letters": "BDEKNO",
"mov": 20,
"shovels": 1,
"coins": 5,
"rows": 15,
"cols": 15,
"c": 0,
"b": -1,
"w": 8,
"h": 8,
"dws": [
"ONE",
"EON",
"NEK",
"BED",
"DOEK",
"END",
"DON",
"DOEN",
"KEN",
"KENDO",
"BOK",
"NOB",
"DEN",
"DOE",
"KOB",
"BOD",
"KED",
"EBON",
"BOKE",
"NEB",
"OBE",
"NOD",
"BON",
"OKE",
"KEB",
"DOBE",
"KENO",
"KON",
"NED",
"ODE",
"BEN",
"DEB",
"DOB"
],
"ws": [
{
"w": "BEND",
"v": false,
"row": 2,
"col": 0,
"def": "To cause (something) to change its shape into a curve, by physical force, chemical action, or any other means."
},
{
"w": "BOND",
"v": true,
"row": 0,
"col": 2,
"def": "A peasant; churl."
},
{
"w": "BONE",
"v": false,
"row": 3,
"col": 4,
"def": "A composite material consisting largely of calcium phosphate and collagen and making up the skeleton of most vertebrates."
},
{
"w": "DONE",
"v": true,
"row": 0,
"col": 7,
"def": "Ready, fully cooked."
},
{
"w": "KNOB",
"v": false,
"row": 7,
"col": 3,
"def": "A rounded protuberance, handle, or control switch."
},
{
"w": "NODE",
"v": true,
"row": 2,
"col": 5,
"def": "A knot, knob, protuberance or swelling."
},
{
"w": "BODE",
"v": true,
"row": 2,
"col": 0,
"def": "To indicate by signs, as future events; to be the omen of; to portend to presage; to foreshow."
},
{
"w": "BONK",
"v": true,
"row": 4,
"col": 3,
"def": "To strike or collide with something."
},
{
"w": "BONED",
"v": false,
"row": 5,
"col": 2,
"def": "Simple past tense and past participle of bone."
},
{
"w": "BONKED",
"v": false,
"row": 0,
"col": 2,
"def": "Simple past tense and past participle of bonk."
}
]
}