{
"id": 2258,
"sub_category": "Leaf Packx",
"category": "Woods Group",
"type": 0,
"letters": "DELLOR",
"mov": 24,
"shovels": 1,
"coins": 5,
"rows": 15,
"cols": 15,
"c": 0,
"b": -1,
"w": 12,
"h": 10,
"dws": [
"RED",
"OLDE",
"DERO",
"LOR",
"EORL",
"DORE",
"REO",
"OLE",
"DOE",
"DOL",
"DOR",
"ORE",
"ELL",
"ROD",
"ELD",
"LOD",
"ORLE",
"OLD",
"LOL",
"DELO",
"LED",
"ORD",
"ROE",
"ODE",
"ROED",
"LOREL",
"DEL"
],
"ws": [
{
"w": "DOLL",
"v": true,
"row": 4,
"col": 8,
"def": "A toy in the form of a human."
},
{
"w": "LORD",
"v": true,
"row": 6,
"col": 2,
"def": "The master of a household."
},
{
"w": "RODE",
"v": true,
"row": 6,
"col": 5,
"def": "The line from the vessel to its anchor. Also warp."
},
{
"w": "ROLE",
"v": false,
"row": 6,
"col": 0,
"def": "A character or part played by a performer or actor."
},
{
"w": "ROLL",
"v": false,
"row": 6,
"col": 5,
"def": "To cause to revolve by turning over and over; to move by turning on an axis; to impel forward by causing to turn over and over on a supporting surface."
},
{
"w": "LODE",
"v": true,
"row": 3,
"col": 3,
"def": "A way or path; a road."
},
{
"w": "LORE",
"v": false,
"row": 3,
"col": 3,
"def": "All the facts and traditions about a particular subject that have been accumulated over time through education or experience."
},
{
"w": "REDO",
"v": true,
"row": 0,
"col": 4,
"def": "To do again."
},
{
"w": "DOLE",
"v": false,
"row": 9,
"col": 2,
"def": "To distribute in small amounts; to share out small portions of a meager resource."
},
{
"w": "DELL",
"v": false,
"row": 1,
"col": 3,
"def": "Valley."
},
{
"w": "DOER",
"v": false,
"row": 4,
"col": 8,
"def": "Someone who does, performs, or executes; an active person, an agent."
},
{
"w": "OLDER",
"v": true,
"row": 0,
"col": 6,
"def": "Comparative form of old: more old, elder, senior."
},
{
"w": "DROLL",
"v": false,
"row": 2,
"col": 6,
"def": "Oddly humorous; whimsical, amusing in a quaint way; waggish."
},
{
"w": "ROLLED",
"v": true,
"row": 0,
"col": 10,
"def": "Simple past tense and past participle of roll."
}
]
}