{
"id": 226,
"sub_category": "Sun Pack",
"category": "Sky Group",
"type": 0,
"letters": "ADLNOU",
"mov": 18,
"shovels": 1,
"coins": 5,
"rows": 15,
"cols": 15,
"c": 0,
"b": -1,
"w": 8,
"h": 7,
"dws": [
"LOUN",
"DUN",
"LOUND",
"OULD",
"ODA",
"ULNAD",
"LOU",
"DON",
"LUN",
"LAUND",
"NOUL",
"ULNA",
"DNA",
"AULD",
"DOL",
"DUAN",
"DONA",
"ODAL",
"OUD",
"LUNA",
"LAD",
"LOD",
"DOUN",
"NODAL",
"OLD",
"DAN",
"ADO",
"LUDO",
"NOD",
"ULAN",
"UDO",
"ALU",
"UDAL",
"DUO",
"DOULA",
"UDON",
"NOULD",
"DAL",
"LUD",
"AND",
"ALOD",
"LAUD"
],
"ws": [
{
"w": "DUAL",
"v": true,
"row": 2,
"col": 7,
"def": "Characterized by having two (usually equivalent) components."
},
{
"w": "LAND",
"v": false,
"row": 5,
"col": 2,
"def": "The part of Earth which is not covered by oceans or other bodies of water."
},
{
"w": "LOAD",
"v": true,
"row": 0,
"col": 3,
"def": "A burden; a weight to be carried."
},
{
"w": "LOAN",
"v": true,
"row": 3,
"col": 0,
"def": "A sum of money or other valuables or consideration that an individual, group or other legal entity borrows from another individual, group or legal entity (the latter often being a financial institution) with the condition that it be returned or repaid at a later date (sometimes with interest)."
},
{
"w": "LOUD",
"v": false,
"row": 3,
"col": 0,
"def": "Of great intensity."
},
{
"w": "UNDO",
"v": true,
"row": 0,
"col": 1,
"def": "To reverse the effects of an action."
},
{
"w": "ALOUD",
"v": false,
"row": 2,
"col": 3,
"def": "With a loud voice, or great noise; loudly; audibly."
},
{
"w": "UNLOAD",
"v": false,
"row": 0,
"col": 1,
"def": "To remove the load or cargo from (a vehicle, etc.)."
}
]
}