{
"id": 2267,
"sub_category": "Leaf Packx",
"category": "Woods Group",
"type": 0,
"letters": "DEILTT",
"mov": 20,
"shovels": 1,
"coins": 5,
"rows": 15,
"cols": 15,
"c": 0,
"b": -1,
"w": 10,
"h": 9,
"dws": [
"DIE",
"TIED",
"LEI",
"TITE",
"LIE",
"LIT",
"DITT",
"TET",
"LID",
"ELT",
"TELT",
"DEIL",
"TID",
"TEL",
"TIT",
"DEI",
"EDIT",
"TIDE",
"TIL",
"ELD",
"IDE",
"DIET",
"DIEL",
"DIT",
"TILDE",
"TIE",
"TEIL",
"EILD",
"LED",
"TED",
"DELT",
"LET",
"DITE",
"TELD",
"DEL"
],
"ws": [
{
"w": "LIED",
"v": true,
"row": 4,
"col": 2,
"def": "An art song, sung in German and accompanied on the piano."
},
{
"w": "TILE",
"v": false,
"row": 2,
"col": 6,
"def": "A regularly-shaped slab of clay or other material, affixed to cover or decorate a surface, as in a roof-tile, glazed tile, stove tile, etc."
},
{
"w": "TILT",
"v": true,
"row": 5,
"col": 4,
"def": "To point or thrust a weapon at."
},
{
"w": "DELI",
"v": false,
"row": 6,
"col": 1,
"def": "A shop that sells cooked or prepared food ready for serving."
},
{
"w": "IDLE",
"v": false,
"row": 4,
"col": 0,
"def": "Empty, vacant."
},
{
"w": "LITE",
"v": true,
"row": 2,
"col": 8,
"def": "Light in composition, notably low in fat, calories etc.:."
},
{
"w": "TITLE",
"v": true,
"row": 0,
"col": 3,
"def": "A prefix (honorific) or suffix (post-nominal) added to a person's name to signify either veneration, official position or a professional or academic qualification."
},
{
"w": "TILED",
"v": false,
"row": 0,
"col": 3,
"def": "Simple past tense and past participle of tile."
},
{
"w": "TILTED",
"v": true,
"row": 2,
"col": 6,
"def": "Simple past tense and past participle of tilt."
},
{
"w": "TITLED",
"v": false,
"row": 5,
"col": 4,
"def": "A person who has a title."
}
]
}