{
"id": 2271,
"sub_category": "Leaf Packx",
"category": "Woods Group",
"type": 0,
"letters": "ALOPPT",
"mov": 16,
"shovels": 1,
"coins": 5,
"rows": 15,
"cols": 15,
"c": 0,
"b": -1,
"w": 6,
"h": 6,
"dws": [
"TAP",
"POLT",
"ALP",
"POT",
"TOP",
"APT",
"PALP",
"POA",
"APO",
"TAO",
"LOTA",
"PLAP",
"ALT",
"PAT",
"OAT",
"LAP",
"TOLA",
"LAT",
"OPA",
"PLAT",
"PAP",
"POL",
"LOT",
"OPT",
"APP",
"PAL",
"POP",
"LOP"
],
"ws": [
{
"w": "ATOP",
"v": true,
"row": 2,
"col": 2,
"def": "On the top of."
},
{
"w": "PLOT",
"v": false,
"row": 0,
"col": 0,
"def": "The general course of a story including significant events that determine its course or significant patterns of events."
},
{
"w": "PLOP",
"v": true,
"row": 0,
"col": 5,
"def": "A sound or action like liquid hitting a hard surface."
},
{
"w": "OPAL",
"v": true,
"row": 2,
"col": 0,
"def": "A mineral consisting, like quartz, of silica, but inferior to quartz in hardness and specific gravity, of the chemical formula SiO2\u00b7nH2O."
},
{
"w": "ALTO",
"v": false,
"row": 2,
"col": 2,
"def": "A musical part or section higher than tenor and lower than soprano, formerly the part that performed a countermelody above the tenor or main melody."
},
{
"w": "LAPTOP",
"v": false,
"row": 5,
"col": 0,
"def": "A laptop computer."
}
]
}