{
"id": 2276,
"sub_category": "Fall Packx",
"category": "Woods Group",
"type": 0,
"letters": "EIKLNS",
"mov": 30,
"shovels": 1,
"coins": 5,
"rows": 15,
"cols": 15,
"c": 0,
"b": -1,
"w": 14,
"h": 11,
"dws": [
"LINS",
"SEI",
"SKEIN",
"LES",
"NEK",
"LEI",
"LIE",
"LENIS",
"EIKS",
"LEIS",
"SIEN",
"LIS",
"SILE",
"ELSIN",
"NILS",
"NIES",
"ILKS",
"SEN",
"KINS",
"SEL",
"SKEN",
"KIS",
"NIS",
"INKS",
"LIENS",
"SIK",
"KINES",
"LIES",
"NIE",
"LESK",
"LISK",
"KISEL",
"ELKS",
"LIKENS",
"LIN",
"LINKS",
"ELS",
"KENS",
"LEKS",
"LIKES",
"ENS",
"SIKE",
"INKLE",
"INKLES",
"EIK",
"SEIK",
"NEKS",
"KILN",
"KILNS",
"LINES",
"INS",
"LEK",
"SEIL",
"KINE",
"KEN"
],
"ws": [
{
"w": "ELK",
"v": true,
"row": 5,
"col": 11,
"def": "The largest member of the deer family (Alces alces); a moose."
},
{
"w": "INK",
"v": false,
"row": 3,
"col": 10,
"def": "To apply a tattoo to (someone)."
},
{
"w": "KIN",
"v": true,
"row": 3,
"col": 12,
"def": "Race; family; breed; kind."
},
{
"w": "SIN",
"v": true,
"row": 7,
"col": 10,
"def": "A violation of God's will or religious law."
},
{
"w": "SKI",
"v": false,
"row": 7,
"col": 10,
"def": "One of a pair of long flat runners designed for gliding over snow."
},
{
"w": "ILK",
"v": true,
"row": 0,
"col": 9,
"def": "The same."
},
{
"w": "NIL",
"v": false,
"row": 9,
"col": 10,
"def": "Nothing; zero."
},
{
"w": "LENS",
"v": false,
"row": 5,
"col": 10,
"def": "An object, usually made of glass, that focuses or defocuses the light that passes through it."
},
{
"w": "LIKE",
"v": false,
"row": 1,
"col": 9,
"def": "To please."
},
{
"w": "LINE",
"v": true,
"row": 1,
"col": 7,
"def": "A path through two or more points (compare 'segment'); a continuous mark, including as made by a pen; any path, curved or straight."
},
{
"w": "LINK",
"v": false,
"row": 2,
"col": 6,
"def": "A connection between places, persons, events, or things."
},
{
"w": "SILK",
"v": false,
"row": 6,
"col": 2,
"def": "A fine fiber excreted by the silkworm or other arthropod (such as a spider)."
},
{
"w": "SINK",
"v": true,
"row": 5,
"col": 3,
"def": "To descend or submerge (or to cause to do so) into a liquid or similar substance."
},
{
"w": "SKIN",
"v": true,
"row": 0,
"col": 11,
"def": "The outer protective layer of the body of any animal, including of a human."
},
{
"w": "ISLE",
"v": true,
"row": 7,
"col": 12,
"def": "An island."
},
{
"w": "LIEN",
"v": false,
"row": 4,
"col": 5,
"def": "A tendon."
},
{
"w": "SINE",
"v": true,
"row": 7,
"col": 1,
"def": "In a right triangle, the ratio of the length of the side opposite an angle to the length of the hypotenuse."
},
{
"w": "LIKEN",
"v": true,
"row": 4,
"col": 5,
"def": "To compare; to state that (something) is like (something else)."
},
{
"w": "SLINK",
"v": true,
"row": 6,
"col": 7,
"def": "To sneak about furtively."
},
{
"w": "SILKEN",
"v": false,
"row": 8,
"col": 0,
"def": "Made of silk."
}
]
}