{
"id": 2278,
"sub_category": "Fall Packx",
"category": "Woods Group",
"type": 0,
"letters": "AERTTY",
"mov": 20,
"shovels": 1,
"coins": 5,
"rows": 15,
"cols": 15,
"c": 0,
"b": -1,
"w": 9,
"h": 9,
"dws": [
"RET",
"ARE",
"YAR",
"EYRA",
"ARET",
"TAR",
"YER",
"YET",
"ATE",
"TYER",
"RYA",
"TEA",
"ERA",
"ARY",
"TAT",
"RAY",
"YARE",
"TET",
"TAE",
"TREY",
"TARE",
"TATER",
"AYRE",
"TYTE",
"EAT",
"YATE",
"ATT",
"AERY",
"TATE",
"RYE",
"EAR",
"TRYE",
"TRET",
"YATTER",
"TRY",
"ART",
"AYE",
"TYRE",
"ETA",
"YAE",
"TYE",
"TAY",
"YEA",
"TEAT",
"RAT",
"YETT",
"TETRA",
"TARTY",
"TRAT",
"ETAT"
],
"ws": [
{
"w": "RATE",
"v": true,
"row": 5,
"col": 1,
"def": "A wage calculated in relation to a unit of time."
},
{
"w": "TART",
"v": true,
"row": 5,
"col": 4,
"def": "Sharp to the taste; acid; sour."
},
{
"w": "TEAR",
"v": false,
"row": 7,
"col": 1,
"def": "To rend (a solid material) by holding or restraining in two places and pulling apart, whether intentionally or not; to destroy or separate."
},
{
"w": "TRAY",
"v": false,
"row": 4,
"col": 5,
"def": "Trouble; annoyance; anger."
},
{
"w": "YEAR",
"v": true,
"row": 2,
"col": 7,
"def": "The time it takes the Earth to complete one revolution of the Sun (between 365.24 and 365.26 days depending on the point of reference)."
},
{
"w": "ARTY",
"v": true,
"row": 0,
"col": 3,
"def": "Pretending to artistic worth; high-flown."
},
{
"w": "TREAT",
"v": false,
"row": 0,
"col": 0,
"def": "An entertainment, outing, or other indulgence provided by someone for the enjoyment of others."
},
{
"w": "RATTY",
"v": true,
"row": 1,
"col": 5,
"def": "Similar to a rat; ratlike."
},
{
"w": "TEARY",
"v": false,
"row": 2,
"col": 3,
"def": "Of a person, having eyes filled with tears; inclined to cry."
},
{
"w": "TREATY",
"v": false,
"row": 5,
"col": 0,
"def": "A binding agreement under international law concluded by subjects of international law, namely states and international organizations."
}
]
}