{
"id": 228,
"sub_category": "Sun Pack",
"category": "Sky Group",
"type": 0,
"letters": "ADNORW",
"mov": 24,
"shovels": 1,
"coins": 5,
"rows": 15,
"cols": 15,
"c": 0,
"b": -1,
"w": 12,
"h": 10,
"dws": [
"DOW",
"DARN",
"ODA",
"RAND",
"ROAN",
"DON",
"ARD",
"WOAD",
"NAW",
"OWN",
"DOWAR",
"NARD",
"DAW",
"DNA",
"WAR",
"ORAD",
"RAW",
"DOR",
"DONA",
"ROW",
"RAN",
"ROD",
"DROW",
"ANOW",
"ORA",
"RAD",
"AROW",
"DOWNA",
"RNA",
"DAN",
"NOD",
"ADO",
"ANDRO",
"RAWN",
"NOW",
"NOR",
"ORD",
"ROWAN",
"WAN",
"AND",
"OAR",
"WAD",
"ADOWN",
"AWN",
"WON"
],
"ws": [
{
"w": "DAWN",
"v": true,
"row": 2,
"col": 5,
"def": "To begin to brighten with daylight."
},
{
"w": "DOWN",
"v": false,
"row": 6,
"col": 0,
"def": "Hill, rolling grassland."
},
{
"w": "DRAW",
"v": true,
"row": 5,
"col": 6,
"def": "To sketch; depict with lines; to produce a picture with pencil, crayon, chalk, etc. on paper, cardboard, etc."
},
{
"w": "ROAD",
"v": false,
"row": 3,
"col": 3,
"def": "At the venue of the opposing team or competitor."
},
{
"w": "WAND",
"v": false,
"row": 5,
"col": 3,
"def": "A stick or staff."
},
{
"w": "WARD",
"v": false,
"row": 8,
"col": 6,
"def": "Protection, defence."
},
{
"w": "WARN",
"v": true,
"row": 6,
"col": 8,
"def": "To give warning."
},
{
"w": "WORD",
"v": false,
"row": 6,
"col": 8,
"def": "A distinct unit of language which is approved by some authority."
},
{
"w": "WORN",
"v": true,
"row": 4,
"col": 10,
"def": "Past participle of wear."
},
{
"w": "DRAWN",
"v": false,
"row": 4,
"col": 7,
"def": "Past participle of draw."
},
{
"w": "DROWN",
"v": true,
"row": 2,
"col": 3,
"def": "To be suffocated in water or other fluid; to perish by such suffocation."
},
{
"w": "ADORN",
"v": true,
"row": 0,
"col": 11,
"def": "To make more beautiful and attractive; to decorate."
},
{
"w": "RADON",
"v": true,
"row": 3,
"col": 1,
"def": "A radioactive chemical element (symbol Rn, formerly Ro) with atomic number 86, one of the noble gases."
},
{
"w": "ONWARD",
"v": false,
"row": 1,
"col": 6,
"def": "Moving forward."
}
]
}