{
"id": 229,
"sub_category": "Sun Pack",
"category": "Sky Group",
"type": 0,
"letters": "ACEFIL",
"mov": 24,
"shovels": 1,
"coins": 5,
"rows": 15,
"cols": 15,
"c": 0,
"b": -1,
"w": 11,
"h": 9,
"dws": [
"FLIC",
"CAF",
"ALEC",
"CALIF",
"CIEL",
"LICE",
"ALF",
"LAIC",
"ILEA",
"LEI",
"FAE",
"CEIL",
"FEAL",
"LIEF",
"CLEF",
"CEL",
"CAL",
"ALE",
"FECAL",
"LEA",
"ALEF",
"ALIF",
"FILA",
"FIL",
"LAC",
"AIL",
"FICE",
"ILEAC",
"FECIAL",
"FIE"
],
"ws": [
{
"w": "ACE",
"v": true,
"row": 0,
"col": 5,
"def": "A single point or spot on a playing card or die."
},
{
"w": "ELF",
"v": false,
"row": 5,
"col": 1,
"def": "A mythical, supernatural being resembling but seen as distinct from humans."
},
{
"w": "ICE",
"v": false,
"row": 2,
"col": 3,
"def": "Water in frozen (solid) form."
},
{
"w": "LIE",
"v": true,
"row": 1,
"col": 3,
"def": "To be in a horizontal position."
},
{
"w": "CAFE",
"v": false,
"row": 3,
"col": 0,
"def": "A coffee shop; an establishment selling coffee and sometimes other drinks or snacks, with a facility to consume them on the premises."
},
{
"w": "CALF",
"v": false,
"row": 2,
"col": 7,
"def": "A young cow or bull."
},
{
"w": "FACE",
"v": true,
"row": 2,
"col": 1,
"def": "The front part of the head, featuring the eyes, nose, and mouth and the surrounding area."
},
{
"w": "FAIL",
"v": true,
"row": 5,
"col": 3,
"def": "To be unsuccessful."
},
{
"w": "FILE",
"v": true,
"row": 5,
"col": 6,
"def": "A collection of papers collated and archived together."
},
{
"w": "FLEA",
"v": true,
"row": 2,
"col": 10,
"def": "A small, wingless, parasitic insect of the order Siphonaptera, renowned for its bloodsucking habits and jumping abilities."
},
{
"w": "LACE",
"v": false,
"row": 8,
"col": 3,
"def": "A light fabric containing patterns of holes, usually built up from a single thread."
},
{
"w": "LEAF",
"v": true,
"row": 0,
"col": 8,
"def": "The usually green and flat organ that represents the most prominent feature of most vegetative plants."
},
{
"w": "LIFE",
"v": false,
"row": 6,
"col": 5,
"def": "The state that follows birth, and precedes death; the state of being alive and living."
},
{
"w": "FACILE",
"v": false,
"row": 0,
"col": 4,
"def": "Of a reaction or other process, taking place readily."
}
]
}