{
"id": 2291,
"sub_category": "Mossy Pack",
"category": "Woods Group",
"type": 0,
"letters": "DEFFIR",
"mov": 22,
"shovels": 1,
"coins": 5,
"rows": 15,
"cols": 15,
"c": 0,
"b": -1,
"w": 9,
"h": 8,
"dws": [
"RED",
"FID",
"DIE",
"IFF",
"FIER",
"FIEF",
"DIFF",
"REI",
"FIFER",
"DEIF",
"REIF",
"FER",
"RIDE",
"RIF",
"DIRE",
"DEI",
"DEFI",
"EFF",
"FIFED",
"IDE",
"RIFFED",
"DEF",
"IRED",
"DIF",
"ERF",
"FIE"
],
"ws": [
{
"w": "FED",
"v": true,
"row": 3,
"col": 2,
"def": "A federal government officer or official, especially FBI and DEA agents."
},
{
"w": "FIR",
"v": false,
"row": 0,
"col": 3,
"def": "A conifer of the genus Abies."
},
{
"w": "RID",
"v": false,
"row": 5,
"col": 0,
"def": "Released from an obligation, problem, etc. (usually followed by \"of\")."
},
{
"w": "IRE",
"v": false,
"row": 3,
"col": 6,
"def": "Iron."
},
{
"w": "REF",
"v": true,
"row": 0,
"col": 5,
"def": "Referee."
},
{
"w": "FIRE",
"v": true,
"row": 0,
"col": 3,
"def": "A (usually self-sustaining) chemical reaction involving the bonding of oxygen with carbon or other fuel, with the production of heat and the presence of flame or smouldering."
},
{
"w": "RIFE",
"v": true,
"row": 0,
"col": 8,
"def": "Widespread, common (especially of unpleasant or harmful things)."
},
{
"w": "RIFF",
"v": false,
"row": 2,
"col": 3,
"def": "A repeated instrumental melody line in a song."
},
{
"w": "FIFE",
"v": false,
"row": 3,
"col": 0,
"def": "A small shrill pipe, resembling the piccolo flute, used chiefly to accompany the drum in military music."
},
{
"w": "FIRED",
"v": true,
"row": 2,
"col": 6,
"def": "Let go from a job."
},
{
"w": "FRIED",
"v": false,
"row": 7,
"col": 0,
"def": "Simple past tense and past participle of fry."
},
{
"w": "DIFFER",
"v": true,
"row": 0,
"col": 0,
"def": "Not to have the same traits, characteristics."
}
]
}