{
"id": 2293,
"sub_category": "Mossy Pack",
"category": "Woods Group",
"type": 0,
"letters": "ADDELS",
"mov": 26,
"shovels": 1,
"coins": 5,
"rows": 15,
"cols": 15,
"c": 0,
"b": -1,
"w": 11,
"h": 10,
"dws": [
"SAL",
"LES",
"SED",
"ADDLE",
"DAS",
"ADDLES",
"SLAE",
"LADE",
"LADS",
"DAE",
"DAES",
"SLADE",
"ADDS",
"DADS",
"SEL",
"DELS",
"LASED",
"LEA",
"LADES",
"ELD",
"LASE",
"LSD",
"LAS",
"SADE",
"SAE",
"DEALS",
"LEADS",
"ELS",
"LEAS",
"ALS",
"LADED",
"DALES",
"DALS",
"SELD",
"ALES",
"EDS",
"EAS",
"DAL",
"DEADS",
"DEDAL",
"ELDS",
"DEL"
],
"ws": [
{
"w": "ADD",
"v": true,
"row": 0,
"col": 5,
"def": "To join or unite, as one thing to another, or as several particulars, so as to increase the number, augment the quantity, or enlarge the magnitude, or so as to form into one aggregate. Hence: To sum up; to put together mentally."
},
{
"w": "ADS",
"v": false,
"row": 0,
"col": 5,
"def": "Plural form of ad."
},
{
"w": "ALE",
"v": false,
"row": 2,
"col": 7,
"def": "An intoxicating liquor made from an infusion of malt by fermentation and the addition of a bitter, usually hops."
},
{
"w": "DAD",
"v": false,
"row": 1,
"col": 3,
"def": "A father, a male parent."
},
{
"w": "LAD",
"v": false,
"row": 4,
"col": 7,
"def": "A boy or young man."
},
{
"w": "LED",
"v": true,
"row": 4,
"col": 7,
"def": "Simple past tense and past participle of lead."
},
{
"w": "SAD",
"v": false,
"row": 4,
"col": 1,
"def": "Sated, having had one's fill; satisfied, weary."
},
{
"w": "SEA",
"v": true,
"row": 0,
"col": 7,
"def": "A large body of salty water. (Major seas are known as oceans.)."
},
{
"w": "DEAD",
"v": true,
"row": 1,
"col": 3,
"def": "No longer living."
},
{
"w": "DEAL",
"v": false,
"row": 7,
"col": 0,
"def": "A division, a portion, a share."
},
{
"w": "LEAD",
"v": true,
"row": 1,
"col": 9,
"def": "A heavy, pliable, inelastic metal element, having a bright, bluish color, but easily tarnished; both malleable and ductile, though with little tenacity. It is easily fusible, forms alloys with other metals, and is an ingredient of solder and type metal. Atomic number 82, symbol Pb (from Latin plumbum)."
},
{
"w": "SALE",
"v": true,
"row": 4,
"col": 1,
"def": "An exchange of goods or services for currency or credit."
},
{
"w": "SEAL",
"v": true,
"row": 6,
"col": 5,
"def": "A pinniped, particularly an earless seal (true seal) or eared seal."
},
{
"w": "SLED",
"v": true,
"row": 6,
"col": 3,
"def": "A small, light vehicle with runners, used, mostly by young persons, for sliding on snow or ice. (A \"sled\" in this sense is not pulled by an animal as a \"sleigh\" is.)."
},
{
"w": "DALE",
"v": false,
"row": 9,
"col": 3,
"def": "A valley in an otherwise hilly area."
},
{
"w": "SADDLE",
"v": false,
"row": 6,
"col": 5,
"def": "A seat (tack) for a rider placed on the back of a horse or other animal."
}
]
}