{
"id": 2294,
"sub_category": "Mossy Pack",
"category": "Woods Group",
"type": 0,
"letters": "DEIKNR",
"mov": 26,
"shovels": 1,
"coins": 5,
"rows": 15,
"cols": 15,
"c": 0,
"b": -1,
"w": 12,
"h": 11,
"dws": [
"RED",
"KERN",
"KIER",
"DIE",
"NID",
"NIDE",
"NEK",
"KIRN",
"END",
"ERN",
"KIRNED",
"REI",
"NERK",
"RID",
"DIN",
"IRK",
"DEN",
"RIN",
"DERN",
"KEIR",
"NIED",
"REIK",
"DEI",
"KED",
"IDE",
"NIE",
"KID",
"REN",
"KIR",
"DREK",
"RENK",
"INKER",
"INK",
"IRED",
"NED",
"DIRK",
"DIKER",
"EIK",
"DENI",
"ERK",
"REINK",
"KIN",
"KINE",
"IRE",
"RINE",
"KEN"
],
"ws": [
{
"w": "DINE",
"v": true,
"row": 4,
"col": 11,
"def": "To eat; to eat dinner or supper."
},
{
"w": "DIRE",
"v": false,
"row": 7,
"col": 8,
"def": "Ill-boding; portentous."
},
{
"w": "KIND",
"v": false,
"row": 4,
"col": 8,
"def": "Affectionate, showing benevolence."
},
{
"w": "RIDE",
"v": false,
"row": 2,
"col": 7,
"def": "To play defense on the defensemen or midfielders, as an attackman."
},
{
"w": "RIND",
"v": true,
"row": 7,
"col": 10,
"def": "Tree bark."
},
{
"w": "RINK",
"v": false,
"row": 9,
"col": 8,
"def": "A man, especially a warrior or hero."
},
{
"w": "REIN",
"v": true,
"row": 1,
"col": 10,
"def": "A strap or rope attached to the bridle or bit, used to control a horse, animal or young child."
},
{
"w": "NERD",
"v": true,
"row": 0,
"col": 7,
"def": "A person who is intellectual but generally introverted."
},
{
"w": "DIKE",
"v": false,
"row": 1,
"col": 4,
"def": "The northern English form of ditch."
},
{
"w": "DINK",
"v": true,
"row": 0,
"col": 5,
"def": "A soft drop shot."
},
{
"w": "REND",
"v": true,
"row": 3,
"col": 2,
"def": "To separate into parts with force or sudden violence; to tear asunder; to split; to burst."
},
{
"w": "DINER",
"v": false,
"row": 6,
"col": 2,
"def": "Agent noun of dine; one who dines; one who eats a meal, especially dinner."
},
{
"w": "DRINK",
"v": false,
"row": 3,
"col": 1,
"def": "To consume (a liquid) through the mouth."
},
{
"w": "INKED",
"v": true,
"row": 6,
"col": 3,
"def": "Having a tattoo or tattoos."
},
{
"w": "IRKED",
"v": false,
"row": 9,
"col": 0,
"def": "Annoyed."
},
{
"w": "KINDER",
"v": true,
"row": 4,
"col": 8,
"def": "Comparative form of kind: more kind."
}
]
}