{
"id": 2297,
"sub_category": "Mossy Pack",
"category": "Woods Group",
"type": 0,
"letters": "ABDEGN",
"mov": 20,
"shovels": 1,
"coins": 5,
"rows": 15,
"cols": 15,
"c": 0,
"b": -1,
"w": 10,
"h": 9,
"dws": [
"ABED",
"BAG",
"GANE",
"GENA",
"NAE",
"BED",
"GAEN",
"END",
"NEG",
"BAN",
"EGAD",
"GADE",
"DAE",
"NAB",
"ANE",
"GEAN",
"GAE",
"BENGA",
"DNA",
"GAED",
"DEN",
"BEG",
"EAN",
"GED",
"BANED",
"BEGAD",
"DAG",
"AGEN",
"NABE",
"NEB",
"GEN",
"DAN",
"NAG",
"ABEND",
"GAB",
"BEAD",
"AGE",
"GAN",
"NED",
"GAD",
"BEN",
"DEB",
"DAB",
"DEBAG",
"ENG",
"DANG",
"AND",
"BADE",
"BAD",
"DEG"
],
"ws": [
{
"w": "AGED",
"v": false,
"row": 3,
"col": 3,
"def": "Old."
},
{
"w": "BAND",
"v": true,
"row": 4,
"col": 0,
"def": "A strip of material wrapped around things to hold them together."
},
{
"w": "BANG",
"v": false,
"row": 2,
"col": 0,
"def": "A sudden percussive noise."
},
{
"w": "BEAN",
"v": false,
"row": 4,
"col": 0,
"def": "The large edible seed of plants of several genera of Fabaceae."
},
{
"w": "BEND",
"v": true,
"row": 2,
"col": 5,
"def": "To cause (something) to change its shape into a curve, by physical force, chemical action, or any other means."
},
{
"w": "DEAN",
"v": false,
"row": 5,
"col": 5,
"def": "A senior official in a college or university, who may be in charge of a division or faculty (for example, the dean of science) or have some other advisory or disciplinary function (for example, the dean of students)."
},
{
"w": "BANE",
"v": true,
"row": 1,
"col": 1,
"def": "A cause of misery or death; an affliction or curse."
},
{
"w": "BEGAN",
"v": true,
"row": 0,
"col": 3,
"def": "Simple past of begin."
},
{
"w": "BADGE",
"v": true,
"row": 4,
"col": 7,
"def": "A distinctive mark, token, sign, emblem or cognizance, worn on one's clothing, as an insignia of some rank, or of the membership of an organization."
},
{
"w": "BANGED",
"v": false,
"row": 7,
"col": 4,
"def": "Simple past tense and past participle of bang."
}
]
}