{
"id": 23,
"sub_category": "Dew Pack",
"category": "Forest Group",
"type": 0,
"letters": "CELNO",
"mov": 16,
"shovels": 1,
"coins": 5,
"rows": 15,
"cols": 15,
"c": 0,
"b": -1,
"w": 7,
"h": 6,
"dws": [
"COLE",
"OLE",
"LENO",
"EON",
"NOEL",
"COL",
"CEL",
"CLON",
"ECO",
"NOLE",
"ENOL"
],
"ws": [
{
"w": "CON",
"v": false,
"row": 0,
"col": 4,
"def": "To study, especially in order to gain knowledge of."
},
{
"w": "ONE",
"v": true,
"row": 0,
"col": 5,
"def": "A numerical value equal to 1; the first number in the set of natural numbers (especially in number theory); the cardinality of the smallest nonempty set. Ordinal: first."
},
{
"w": "CONE",
"v": true,
"row": 2,
"col": 1,
"def": "A surface of revolution formed by rotating a segment of a line around another line that intersects the first line."
},
{
"w": "LONE",
"v": true,
"row": 1,
"col": 3,
"def": "Solitary; having no companion."
},
{
"w": "ONCE",
"v": false,
"row": 4,
"col": 0,
"def": "One and only one time."
},
{
"w": "CLONE",
"v": false,
"row": 2,
"col": 1,
"def": "A living organism (originally a plant) produced asexually from a single ancestor, to which it is genetically identical."
}
]
}