{
"id": 2311,
"sub_category": "Bright Packx",
"category": "Woods Group",
"type": 0,
"letters": "ABETUY",
"mov": 18,
"shovels": 1,
"coins": 5,
"rows": 15,
"cols": 15,
"c": 0,
"b": -1,
"w": 8,
"h": 8,
"dws": [
"ABYE",
"BUTE",
"UTA",
"BAY",
"YET",
"ATE",
"TUB",
"TEA",
"BYE",
"BEY",
"UTE",
"TABU",
"TAE",
"BUT",
"BUY",
"EAU",
"EAT",
"TAU",
"YATE",
"BATE",
"BUAT",
"BEAUT",
"BAT",
"UEY",
"TAB",
"AYE",
"ETA",
"YAE",
"TYE",
"TAY",
"YEA",
"AYU",
"BET",
"TUBAE",
"ABY",
"BAYE",
"YBET",
"AUE",
"BAYT",
"ABET"
],
"ws": [
{
"w": "BEAT",
"v": true,
"row": 0,
"col": 2,
"def": "A pulsation or throb."
},
{
"w": "BETA",
"v": false,
"row": 4,
"col": 4,
"def": "Identifying a molecular position in an organic chemical compound."
},
{
"w": "TUBE",
"v": false,
"row": 0,
"col": 0,
"def": "Anything that is hollow and cylindrical in shape."
},
{
"w": "BYTE",
"v": true,
"row": 1,
"col": 5,
"def": "A sequence of adjacent bits (binary digits) that can be operated on as a unit by a computer; the smallest usable machine word; nearly always eight bits, which can represent an integer from 0 to 255 or a single character of text."
},
{
"w": "TUBA",
"v": true,
"row": 0,
"col": 0,
"def": "A large brass musical instrument, usually in the bass range, played through a vibration of the lips upon the mouthpiece and fingering of the keys."
},
{
"w": "ABUT",
"v": true,
"row": 4,
"col": 7,
"def": "To lean against on one end; to end on, of a part of a building or wall."
},
{
"w": "BEAU",
"v": false,
"row": 6,
"col": 4,
"def": "A man with a reputation for fine dress and etiquette; a dandy or fop."
},
{
"w": "BEAUTY",
"v": false,
"row": 2,
"col": 0,
"def": "The property, quality or state of being \"that which pleases merely by being perceived\" (Aquinas); that which is attractive, pleasing, fine or good looking; comeliness."
}
]
}