{
"id": 2313,
"sub_category": "Bright Packx",
"category": "Woods Group",
"type": 0,
"letters": "DEFILO",
"mov": 24,
"shovels": 1,
"coins": 5,
"rows": 15,
"cols": 15,
"c": 0,
"b": -1,
"w": 11,
"h": 11,
"dws": [
"OLDE",
"FID",
"DIE",
"FED",
"LEI",
"LIE",
"FIDO",
"FEOD",
"OLID",
"DELF",
"DEIF",
"LID",
"LIEF",
"OLE",
"FLOE",
"DOE",
"DOL",
"DEIL",
"ELF",
"DEI",
"DEFI",
"ELD",
"IDE",
"LOD",
"DIEL",
"OLDIE",
"FOID",
"OLD",
"DELO",
"LOID",
"FLIED",
"DOF",
"EILD",
"LED",
"FIL",
"FOE",
"LIDO",
"DEF",
"ODE",
"DEFO",
"DIF",
"FILO",
"OIL",
"FIE",
"FOLIE",
"DIOL",
"FELID",
"FLED",
"DEL"
],
"ws": [
{
"w": "FILE",
"v": false,
"row": 7,
"col": 4,
"def": "A collection of papers collated and archived together."
},
{
"w": "FOIL",
"v": true,
"row": 7,
"col": 4,
"def": "A very thin sheet of metal."
},
{
"w": "FOLD",
"v": true,
"row": 1,
"col": 8,
"def": "To bend (any thin material, such as paper) over so that it comes in contact with itself."
},
{
"w": "IDOL",
"v": false,
"row": 4,
"col": 7,
"def": "A graven image or representation of anything that is revered, or believed to convey spiritual power."
},
{
"w": "LIED",
"v": true,
"row": 4,
"col": 10,
"def": "An art song, sung in German and accompanied on the piano."
},
{
"w": "LIFE",
"v": false,
"row": 6,
"col": 7,
"def": "The state that follows birth, and precedes death; the state of being alive and living."
},
{
"w": "DELI",
"v": false,
"row": 9,
"col": 1,
"def": "A shop that sells cooked or prepared food ready for serving."
},
{
"w": "IDLE",
"v": true,
"row": 4,
"col": 7,
"def": "Empty, vacant."
},
{
"w": "LODE",
"v": true,
"row": 6,
"col": 2,
"def": "A way or path; a road."
},
{
"w": "DOLE",
"v": false,
"row": 6,
"col": 0,
"def": "To distribute in small amounts; to share out small portions of a meager resource."
},
{
"w": "FIELD",
"v": true,
"row": 2,
"col": 0,
"def": "A land area free of woodland, cities, and towns; open country."
},
{
"w": "FILED",
"v": false,
"row": 2,
"col": 0,
"def": "Simple past tense and past participle of file."
},
{
"w": "OILED",
"v": true,
"row": 0,
"col": 2,
"def": "Simple past and past participle of oil."
},
{
"w": "FOILED",
"v": false,
"row": 0,
"col": 1,
"def": "Simple past tense and past participle of foil."
}
]
}