{
"id": 2315,
"sub_category": "Bright Packx",
"category": "Woods Group",
"type": 0,
"letters": "CDINOR",
"mov": 24,
"shovels": 1,
"coins": 5,
"rows": 15,
"cols": 15,
"c": 0,
"b": -1,
"w": 10,
"h": 9,
"dws": [
"CION",
"NID",
"CID",
"COIR",
"RIND",
"RID",
"NORI",
"CONI",
"RIN",
"DOR",
"ROIN",
"ORC",
"ODIC",
"INRO",
"NIDOR",
"NODI",
"NOR",
"ORD",
"COND",
"COR",
"ORCIN",
"DINO",
"ROC",
"NOIR"
],
"ws": [
{
"w": "COD",
"v": true,
"row": 2,
"col": 7,
"def": "A bag."
},
{
"w": "CON",
"v": false,
"row": 6,
"col": 6,
"def": "To study, especially in order to gain knowledge of."
},
{
"w": "DOC",
"v": false,
"row": 2,
"col": 5,
"def": "A doctor."
},
{
"w": "ION",
"v": true,
"row": 4,
"col": 8,
"def": "An atom or group of atoms bearing an electrical charge such as the sodium and chlorine atoms in a salt solution."
},
{
"w": "NOD",
"v": true,
"row": 6,
"col": 4,
"def": "To incline the head up and down, as to indicate agreement."
},
{
"w": "ROD",
"v": true,
"row": 0,
"col": 5,
"def": "A straight, round stick, shaft, bar, cane, or staff."
},
{
"w": "DIN",
"v": false,
"row": 4,
"col": 7,
"def": "A loud noise; a cacophony or loud commotion."
},
{
"w": "DON",
"v": false,
"row": 8,
"col": 4,
"def": "A university professor, particularly one at Oxford or Cambridge."
},
{
"w": "COIN",
"v": true,
"row": 0,
"col": 3,
"def": "A piece of currency, usually metallic and in the shape of a disc, but sometimes polygonal, or with a hole in the middle."
},
{
"w": "CORD",
"v": false,
"row": 0,
"col": 3,
"def": "A long, thin, flexible length of twisted yarns (strands) of fiber."
},
{
"w": "CORN",
"v": false,
"row": 3,
"col": 0,
"def": "A cereal plant grown for its grain, specifically the main such plant grown in a given region, such as oats in parts of Scotland and Ireland, wheat or barley in England and Wales, and maize or sweetcorn in the Americas."
},
{
"w": "ICON",
"v": true,
"row": 5,
"col": 6,
"def": "An image, symbol, picture, or other representation usually as an object of religious devotion."
},
{
"w": "IRON",
"v": false,
"row": 6,
"col": 1,
"def": "A common, inexpensive metal, often black in color, that rusts, is attracted by magnets, and is used in making steel."
},
{
"w": "NORDIC",
"v": true,
"row": 2,
"col": 1,
"def": "Of or relating to cross-country skiing (Compare alpine)."
}
]
}