{
"id": 232,
"sub_category": "Sun Pack",
"category": "Sky Group",
"type": 0,
"letters": "AELRTT",
"mov": 30,
"shovels": 1,
"coins": 5,
"rows": 15,
"cols": 15,
"c": 0,
"b": -1,
"w": 13,
"h": 11,
"dws": [
"RET",
"ARET",
"TELA",
"ATE",
"TEA",
"LARE",
"TAT",
"TET",
"TAE",
"ELT",
"TARE",
"TATER",
"EAT",
"RATEL",
"TELT",
"ALE",
"TEL",
"RALE",
"ALT",
"LEA",
"ATT",
"LATTE",
"LAER",
"LEAT",
"TATE",
"TALER",
"TRET",
"LAT",
"LEAR",
"ARLE",
"ETA",
"LAR",
"TEAL",
"TEAT",
"TETRA",
"TRAT",
"ETAT",
"TAEL",
"ARTEL"
],
"ws": [
{
"w": "ARE",
"v": true,
"row": 0,
"col": 4,
"def": "Second-person singular simple present tense of be."
},
{
"w": "ART",
"v": true,
"row": 2,
"col": 2,
"def": "Human effort to imitate, supplement, alter, or counteract the work of nature."
},
{
"w": "EAR",
"v": true,
"row": 0,
"col": 8,
"def": "The organ of hearing, consisting of the pinna, auditory canal, eardrum, malleus, incus, stapes and cochlea."
},
{
"w": "ERA",
"v": true,
"row": 0,
"col": 6,
"def": "A time period of indeterminate length, generally more than one year."
},
{
"w": "LET",
"v": false,
"row": 4,
"col": 0,
"def": "To allow to, not to prevent (+ infinitive, but usually without to)."
},
{
"w": "RAT",
"v": false,
"row": 6,
"col": 1,
"def": "A medium-sized rodent belonging to the genus Rattus."
},
{
"w": "TAR",
"v": true,
"row": 6,
"col": 3,
"def": "A black, oily, sticky, viscous substance, consisting mainly of hydrocarbons derived from organic materials such as wood, peat, or coal."
},
{
"w": "EARL",
"v": true,
"row": 4,
"col": 1,
"def": "A British nobleman next in rank above a viscount and below a marquess; equivalent to a European count. A female using the style is termed a countess."
},
{
"w": "LATE",
"v": false,
"row": 0,
"col": 3,
"def": "Near the end of a period of time."
},
{
"w": "RATE",
"v": false,
"row": 2,
"col": 1,
"def": "A wage calculated in relation to a unit of time."
},
{
"w": "REAL",
"v": false,
"row": 1,
"col": 6,
"def": "A commodity; see reality."
},
{
"w": "TALE",
"v": true,
"row": 4,
"col": 5,
"def": "Number."
},
{
"w": "TART",
"v": false,
"row": 4,
"col": 5,
"def": "Sharp to the taste; acid; sour."
},
{
"w": "TEAR",
"v": false,
"row": 6,
"col": 7,
"def": "To rend (a solid material) by holding or restraining in two places and pulling apart, whether intentionally or not; to destroy or separate."
},
{
"w": "ALERT",
"v": false,
"row": 7,
"col": 3,
"def": "Attentive; awake; on-guard."
},
{
"w": "ALTER",
"v": true,
"row": 6,
"col": 9,
"def": "To change the form or structure of."
},
{
"w": "LATER",
"v": true,
"row": 4,
"col": 12,
"def": "Comparative form of late: more late."
},
{
"w": "TREAT",
"v": false,
"row": 10,
"col": 1,
"def": "An entertainment, outing, or other indulgence provided by someone for the enjoyment of others."
},
{
"w": "LATTER",
"v": false,
"row": 8,
"col": 7,
"def": "Relating to or being the second of two items."
},
{
"w": "RATTLE",
"v": true,
"row": 4,
"col": 7,
"def": "A sound made by loose objects shaking or vibrating against one another."
}
]
}