{
"id": 2326,
"sub_category": "Rise Packx",
"category": "Arid Group",
"type": 0,
"letters": "DDEILS",
"mov": 22,
"shovels": 1,
"coins": 5,
"rows": 15,
"cols": 15,
"c": 0,
"b": -1,
"w": 10,
"h": 10,
"dws": [
"DELI",
"DIE",
"SEI",
"LES",
"SED",
"LEI",
"LIED",
"LEIS",
"LIS",
"SILE",
"DEIDS",
"IDLE",
"DESI",
"SIDLE",
"SEL",
"DEIL",
"DELS",
"LIDS",
"DEI",
"ELD",
"IDE",
"LIES",
"LSD",
"ISLED",
"DIEL",
"DELIS",
"DID",
"IDES",
"SILD",
"IDLES",
"EILD",
"ELS",
"DEID",
"EILDS",
"DIS",
"SELD",
"EDS",
"IDS",
"DIES",
"ELDS",
"DEILS",
"SEIL",
"DEL"
],
"ws": [
{
"w": "LED",
"v": false,
"row": 6,
"col": 7,
"def": "Simple past tense and past participle of lead."
},
{
"w": "LID",
"v": true,
"row": 7,
"col": 4,
"def": "The top or cover of a container."
},
{
"w": "LIE",
"v": true,
"row": 6,
"col": 7,
"def": "To be in a horizontal position."
},
{
"w": "DIED",
"v": false,
"row": 9,
"col": 1,
"def": "Simple past tense and past participle of die."
},
{
"w": "SIDE",
"v": true,
"row": 3,
"col": 8,
"def": "A bounding straight edge of a two-dimensional shape."
},
{
"w": "SLED",
"v": true,
"row": 6,
"col": 1,
"def": "A small, light vehicle with runners, used, mostly by young persons, for sliding on snow or ice. (A \"sled\" in this sense is not pulled by an animal as a \"sleigh\" is.)."
},
{
"w": "SLID",
"v": false,
"row": 3,
"col": 2,
"def": "Simple past tense and past participle of slide."
},
{
"w": "ISLE",
"v": false,
"row": 6,
"col": 0,
"def": "An island."
},
{
"w": "SLIDE",
"v": true,
"row": 2,
"col": 3,
"def": "To (cause to) move in continuous contact with a surface."
},
{
"w": "SIDED",
"v": true,
"row": 0,
"col": 0,
"def": "Simple past tense and past participle of side."
},
{
"w": "IDLED",
"v": false,
"row": 8,
"col": 4,
"def": "Simple past tense and past participle of idle."
},
{
"w": "SIDLED",
"v": true,
"row": 1,
"col": 5,
"def": "Simple past tense and past participle of sidle."
}
]
}