{
"id": 233,
"sub_category": "Sun Pack",
"category": "Sky Group",
"type": 0,
"letters": "CCEORS",
"mov": 16,
"shovels": 1,
"coins": 5,
"rows": 15,
"cols": 15,
"c": 0,
"b": -1,
"w": 7,
"h": 6,
"dws": [
"REC",
"SECCO",
"COS",
"COSEC",
"CROCS",
"REOS",
"ECO",
"ROES",
"SECO",
"SER",
"OSE",
"COSE",
"REO",
"ORE",
"ROCS",
"CORE",
"ERS",
"RECCO",
"ORC",
"CORSE",
"OES",
"ECCO",
"CROC",
"CORS",
"EROS",
"SOC",
"CEROS",
"ROE",
"RECS",
"COR",
"SEC",
"ORS",
"CERO",
"RES",
"ROC",
"ECOS",
"ORCS"
],
"ws": [
{
"w": "ORES",
"v": true,
"row": 2,
"col": 6,
"def": "Plural form of ore."
},
{
"w": "ROSE",
"v": false,
"row": 3,
"col": 0,
"def": "A shrub of the genus Rosa, with red, pink, white or yellow flowers."
},
{
"w": "SORE",
"v": false,
"row": 4,
"col": 3,
"def": "Causing pain or discomfort; painfully sensitive."
},
{
"w": "CORES",
"v": true,
"row": 0,
"col": 3,
"def": "Plural form of core."
},
{
"w": "SCORE",
"v": true,
"row": 0,
"col": 0,
"def": "The total number of points earned by a participant in a game."
},
{
"w": "SOCCER",
"v": false,
"row": 0,
"col": 0,
"def": "Association football, a game in which two teams of eleven players contend to get a round ball into their opponent's goal primarily by kicking the ball with their feet."
}
]
}