{
"id": 2330,
"sub_category": "Rise Packx",
"category": "Arid Group",
"type": 0,
"letters": "ANRUWY",
"mov": 18,
"shovels": 1,
"coins": 5,
"rows": 15,
"cols": 15,
"c": 0,
"b": -1,
"w": 9,
"h": 7,
"dws": [
"YAR",
"AWNY",
"NUR",
"WAUR",
"RYA",
"WAY",
"ARY",
"NAW",
"RAY",
"RAUN",
"WAR",
"RAW",
"RAN",
"RUN",
"UNARY",
"RNA",
"WYN",
"RAWN",
"NAY",
"WANY",
"AYU",
"ANY",
"WAN",
"WRY",
"URN",
"RYU",
"YUAN",
"YAW",
"AWN"
],
"ws": [
{
"w": "WARN",
"v": true,
"row": 2,
"col": 0,
"def": "To give warning."
},
{
"w": "WARY",
"v": true,
"row": 0,
"col": 3,
"def": "Cautious of danger; carefully watching and guarding against deception, artifices, and dangers; timorously or suspiciously prudent; circumspect; scrupulous; careful."
},
{
"w": "YARN",
"v": true,
"row": 1,
"col": 7,
"def": "A twisted strand of fiber used for knitting or weaving."
},
{
"w": "AWRY",
"v": false,
"row": 3,
"col": 0,
"def": "Obliquely, crookedly; askew."
},
{
"w": "YAWN",
"v": false,
"row": 4,
"col": 4,
"def": "To open the mouth widely and take a long, rather deep breath, often because one is tired and sometimes accompanied by pandiculation."
},
{
"w": "NARY",
"v": false,
"row": 6,
"col": 2,
"def": "Not one."
},
{
"w": "RUNWAY",
"v": false,
"row": 2,
"col": 3,
"def": "An airstrip, a (usually) paved section on which planes land or take off."
},
{
"w": "UNWARY",
"v": true,
"row": 1,
"col": 5,
"def": "Lacking caution as a result of na\u00efvet\u00e9 or inexperience."
}
]
}