{
"id": 2331,
"sub_category": "Rise Packx",
"category": "Arid Group",
"type": 0,
"letters": "DEGHIS",
"mov": 16,
"shovels": 1,
"coins": 5,
"rows": 15,
"cols": 15,
"c": 0,
"b": -1,
"w": 8,
"h": 6,
"dws": [
"HIDES",
"GIE",
"DIE",
"SEI",
"SIDE",
"HEID",
"SED",
"GEDS",
"EDH",
"GIDS",
"GHI",
"HES",
"SIDHE",
"SEG",
"EGIS",
"HIS",
"GHIS",
"EDHS",
"EISH",
"DIG",
"GIED",
"DESI",
"GED",
"EHS",
"DEI",
"HEIDS",
"HIE",
"IDE",
"SHE",
"IDES",
"SIDH",
"GIES",
"GID",
"ISH",
"DESHI",
"HID",
"DIS",
"SIG",
"HIDE",
"HIES",
"EDS",
"IDS",
"DIES",
"DEGS",
"GIS",
"HIED",
"DEG"
],
"ws": [
{
"w": "DIGS",
"v": true,
"row": 1,
"col": 2,
"def": "Plural form of dig."
},
{
"w": "DISH",
"v": false,
"row": 0,
"col": 4,
"def": "A vessel such as a plate for holding or serving food, often flat with a depressed region in the middle."
},
{
"w": "SHED",
"v": true,
"row": 2,
"col": 6,
"def": "To part or divide."
},
{
"w": "SIGH",
"v": true,
"row": 2,
"col": 0,
"def": "A deep and prolonged audible inspiration or respiration of air, as when fatigued, frustrated, grieved, or relieved; the act of sighing."
},
{
"w": "SHIED",
"v": false,
"row": 2,
"col": 0,
"def": "Simple past tense and past participle of shy."
},
{
"w": "SIGHED",
"v": false,
"row": 4,
"col": 2,
"def": "Simple past tense and past participle of sigh."
}
]
}