{
"id": 2332,
"sub_category": "Rise Packx",
"category": "Arid Group",
"type": 0,
"letters": "ABDELL",
"mov": 22,
"shovels": 1,
"coins": 5,
"rows": 15,
"cols": 15,
"c": 0,
"b": -1,
"w": 10,
"h": 9,
"dws": [
"ABED",
"BLAE",
"BED",
"LADE",
"BEL",
"BEAL",
"DAE",
"LAB",
"ELL",
"ALE",
"DALE",
"LEA",
"ELD",
"BLED",
"BALED",
"LAD",
"LEAD",
"DALLE",
"ABLED",
"ALL",
"ALB",
"LED",
"BAEL",
"LEAL",
"ALBE",
"BLAD",
"DEB",
"BAL",
"DAB",
"DEAL",
"DAL",
"BAD",
"DEL"
],
"ws": [
{
"w": "ABLE",
"v": false,
"row": 7,
"col": 4,
"def": "A word that is used in place of the letter \"A\" during communication."
},
{
"w": "BALD",
"v": true,
"row": 5,
"col": 6,
"def": "Having no hair, fur or feathers."
},
{
"w": "BALL",
"v": false,
"row": 4,
"col": 0,
"def": "A solid or hollow sphere."
},
{
"w": "BELL",
"v": false,
"row": 5,
"col": 6,
"def": "A percussive instrument made of metal or other hard material, typically but not always in the shape of an inverted cup with a flared rim, which resonates when struck."
},
{
"w": "BEAD",
"v": true,
"row": 5,
"col": 4,
"def": "A small round object."
},
{
"w": "BALE",
"v": true,
"row": 4,
"col": 0,
"def": "Evil, especially considered as an active force for destruction or death."
},
{
"w": "BADE",
"v": true,
"row": 2,
"col": 7,
"def": "Simple past of bid."
},
{
"w": "DELL",
"v": true,
"row": 2,
"col": 9,
"def": "Valley."
},
{
"w": "BLADE",
"v": false,
"row": 3,
"col": 5,
"def": "The sharp cutting edge of a knife, chisel, or other tool, a razor blade."
},
{
"w": "LABEL",
"v": false,
"row": 0,
"col": 4,
"def": "A small ticket or sign giving information about something to which it is attached or intended to be attached."
},
{
"w": "LADLE",
"v": false,
"row": 6,
"col": 0,
"def": "A deep-bowled spoon with a long, usually curved, handle."
},
{
"w": "BALLED",
"v": true,
"row": 1,
"col": 2,
"def": "Simple past tense and past participle of ball."
}
]
}