{
"id": 2339,
"sub_category": "Sand Packx",
"category": "Arid Group",
"type": 0,
"letters": "ADEHLU",
"mov": 18,
"shovels": 1,
"coins": 5,
"rows": 15,
"cols": 15,
"c": 0,
"b": -1,
"w": 8,
"h": 6,
"dws": [
"DHAL",
"AHED",
"HALED",
"EDH",
"LADE",
"DAE",
"DAHL",
"HELD",
"LEUD",
"HEAD",
"AULD",
"EAU",
"HUED",
"HAE",
"ALE",
"DAH",
"LEA",
"DUE",
"DUEL",
"ELD",
"LAD",
"HULE",
"DULE",
"HAD",
"ULE",
"LED",
"LEU",
"HAULD",
"ALU",
"UDAL",
"HAUD",
"HUE",
"LEHUA",
"HALE",
"HEALD",
"LUDE",
"HADE",
"DAL",
"DUH",
"LUD",
"AUE",
"HAED",
"HEAL",
"LAH",
"DEL"
],
"ws": [
{
"w": "DEAL",
"v": true,
"row": 2,
"col": 7,
"def": "A division, a portion, a share."
},
{
"w": "DUAL",
"v": false,
"row": 0,
"col": 0,
"def": "Characterized by having two (usually equivalent) components."
},
{
"w": "HAUL",
"v": true,
"row": 2,
"col": 2,
"def": "To carry something; to transport something, with a connotation that the item is heavy or otherwise difficult to move."
},
{
"w": "LEAD",
"v": true,
"row": 2,
"col": 0,
"def": "A heavy, pliable, inelastic metal element, having a bright, bluish color, but easily tarnished; both malleable and ductile, though with little tenacity. It is easily fusible, forms alloys with other metals, and is an ingredient of solder and type metal. Atomic number 82, symbol Pb (from Latin plumbum)."
},
{
"w": "HULA",
"v": false,
"row": 4,
"col": 4,
"def": "A form of chant and dance, which was developed in the Hawaiian Islands by the Polynesians who originally settled there."
},
{
"w": "DALE",
"v": false,
"row": 5,
"col": 0,
"def": "A valley in an otherwise hilly area."
},
{
"w": "LAUD",
"v": true,
"row": 2,
"col": 5,
"def": "Praise or glorification."
},
{
"w": "HAULED",
"v": false,
"row": 2,
"col": 2,
"def": "Simple past tense and past participle of haul."
}
]
}