{
"id": 234,
"sub_category": "Sun Pack",
"category": "Sky Group",
"type": 0,
"letters": "ADEGGT",
"mov": 24,
"shovels": 1,
"coins": 5,
"rows": 15,
"cols": 15,
"c": 0,
"b": -1,
"w": 11,
"h": 8,
"dws": [
"GAGE",
"GADGE",
"GAGED",
"EGAD",
"GADE",
"DAE",
"TAE",
"GAE",
"TEAD",
"GAED",
"GED",
"GEAT",
"TEG",
"DAG",
"TAED",
"AGE",
"TED",
"ETA",
"TEGG",
"GAD",
"GAT",
"GETA",
"DEG"
],
"ws": [
{
"w": "ATE",
"v": false,
"row": 2,
"col": 0,
"def": "Simple past of eat."
},
{
"w": "EAT",
"v": false,
"row": 5,
"col": 0,
"def": "To consume (something solid or semi-solid, usually food) by putting it into the mouth and swallowing it."
},
{
"w": "EGG",
"v": true,
"row": 0,
"col": 4,
"def": "An approximately spherical or ellipsoidal body produced by birds, snakes, insects and other animals housing the embryo during its development."
},
{
"w": "GAG",
"v": false,
"row": 1,
"col": 2,
"def": "A device to restrain speech, such as a rag in the mouth secured with tape or a rubber ball threaded onto a cord or strap."
},
{
"w": "GET",
"v": true,
"row": 1,
"col": 2,
"def": "To obtain; to acquire."
},
{
"w": "TAD",
"v": true,
"row": 5,
"col": 2,
"def": "A small amount; a little bit."
},
{
"w": "TAG",
"v": true,
"row": 2,
"col": 6,
"def": "A small label."
},
{
"w": "TEA",
"v": true,
"row": 4,
"col": 8,
"def": "The dried leaves or buds of the tea plant, Camellia sinensis."
},
{
"w": "AGED",
"v": true,
"row": 4,
"col": 4,
"def": "Old."
},
{
"w": "DATE",
"v": false,
"row": 6,
"col": 7,
"def": "The fruit of the date palm. This sweet fruit is somewhat in the shape of an olive, containing a soft pulp and enclosing a hard kernel."
},
{
"w": "GATE",
"v": false,
"row": 2,
"col": 4,
"def": "A doorlike structure outside a house."
},
{
"w": "GATED",
"v": false,
"row": 4,
"col": 6,
"def": "Simple past tense and past participle of gate."
},
{
"w": "GADGET",
"v": true,
"row": 2,
"col": 10,
"def": "A thing whose name cannot be remembered; thingamajig, doohickey."
},
{
"w": "TAGGED",
"v": true,
"row": 1,
"col": 0,
"def": "Having a tag; labelled."
}
]
}