{
"id": 2342,
"sub_category": "Sand Packx",
"category": "Arid Group",
"type": 0,
"letters": "AEKLWY",
"mov": 18,
"shovels": 1,
"coins": 5,
"rows": 15,
"cols": 15,
"c": 0,
"b": -1,
"w": 8,
"h": 7,
"dws": [
"KAE",
"YAW",
"LAWK",
"YALE",
"ELK",
"KEY",
"WAY",
"AWK",
"YAK",
"KAYLE",
"WELK",
"LAW",
"LAWE",
"KAY",
"LAY",
"YAWL",
"LAKY",
"KAW",
"LEW",
"ALE",
"KYE",
"WEAL",
"LEA",
"WEKA",
"KYLE",
"AWE",
"WALE",
"WEY",
"KEWL",
"AYE",
"ALEW",
"YAE",
"KWELA",
"LYE",
"YEA",
"AWL",
"YEW",
"YELK",
"EWK",
"AKE",
"YLKE",
"WALY",
"WAE",
"WYLE",
"LEK",
"ALKY",
"KEA",
"WYE",
"LEY"
],
"ws": [
{
"w": "LAKE",
"v": true,
"row": 0,
"col": 5,
"def": "A small stream of running water; a channel for water; a drain."
},
{
"w": "LEAK",
"v": true,
"row": 1,
"col": 0,
"def": "A crack, crevice, fissure, or hole which admits water or other fluid, or lets it escape."
},
{
"w": "WAKE",
"v": false,
"row": 1,
"col": 4,
"def": "(often followed by up) To stop sleeping."
},
{
"w": "WALK",
"v": true,
"row": 3,
"col": 4,
"def": "To move on the feet by alternately setting each foot (or pair or group of feet, in the case of animals with four or more feet) forward, with at least one foot on the ground at all times. Compare run."
},
{
"w": "WEAK",
"v": false,
"row": 3,
"col": 4,
"def": "Lacking in force (usually strength) or ability."
},
{
"w": "KALE",
"v": true,
"row": 3,
"col": 2,
"def": "Cole."
},
{
"w": "LEAKY",
"v": true,
"row": 0,
"col": 7,
"def": "Having leaks, not sealed."
},
{
"w": "WEAKLY",
"v": false,
"row": 6,
"col": 1,
"def": "Frail, sickly or of a delicate constitution; weak."
}
]
}