{
"id": 2350,
"sub_category": "Sand Packx",
"category": "Arid Group",
"type": 0,
"letters": "BCISTU",
"mov": 20,
"shovels": 1,
"coins": 5,
"rows": 15,
"cols": 15,
"c": 0,
"b": -1,
"w": 9,
"h": 7,
"dws": [
"CITS",
"BUIST",
"SIC",
"ICTUS",
"BIST",
"TUB",
"CIST",
"TIC",
"CUBIT",
"SUB",
"BUSTIC",
"TIS",
"TUI",
"BIS",
"BUT",
"TUIS",
"CUB",
"SCUT",
"SIB",
"CIT",
"UTS",
"SITU",
"CIS",
"BUS",
"CUIT",
"UTIS",
"CUITS",
"BIT",
"SUI",
"CUT",
"ITS",
"SIT",
"CUBITS",
"CUTIS"
],
"ws": [
{
"w": "BITS",
"v": true,
"row": 0,
"col": 3,
"def": "Plural form of bit."
},
{
"w": "BUST",
"v": false,
"row": 5,
"col": 2,
"def": "A sculptural portrayal of a person's head and shoulders."
},
{
"w": "BUTS",
"v": false,
"row": 3,
"col": 5,
"def": "Plural form of but."
},
{
"w": "CUBS",
"v": false,
"row": 3,
"col": 0,
"def": "Plural form of cub."
},
{
"w": "CUTS",
"v": true,
"row": 3,
"col": 0,
"def": "Plural form of cut."
},
{
"w": "SUIT",
"v": false,
"row": 0,
"col": 5,
"def": "A set of clothes to be worn together, now especially a man's matching jacket and trousers (also business suit or lounge suit), or a similar outfit for a woman."
},
{
"w": "TICS",
"v": true,
"row": 0,
"col": 8,
"def": "Plural form of tic."
},
{
"w": "TUBS",
"v": true,
"row": 3,
"col": 7,
"def": "Plural form of tub."
},
{
"w": "STUB",
"v": true,
"row": 0,
"col": 5,
"def": "Something blunted, stunted, or cut short, such as stubble or a stump."
},
{
"w": "CUBIST",
"v": false,
"row": 1,
"col": 0,
"def": "Alternative capitalization of Cubist."
}
]
}