{
"id": 2353,
"sub_category": "Dawn Packx",
"category": "Arid Group",
"type": 0,
"letters": "AEHINR",
"mov": 20,
"shovels": 1,
"coins": 5,
"rows": 15,
"cols": 15,
"c": 0,
"b": -1,
"w": 9,
"h": 8,
"dws": [
"RAI",
"ARE",
"AIRN",
"RHINE",
"NAE",
"RANI",
"ERA",
"ERN",
"REI",
"HAEN",
"HERN",
"RIA",
"ANE",
"NAH",
"HIN",
"EINA",
"HAE",
"RIN",
"EAN",
"HAN",
"RAN",
"HARN",
"HEN",
"ANI",
"AINE",
"HIE",
"NIE",
"AIR",
"RNA",
"EAR",
"AHI",
"AIN",
"REN",
"RAH",
"REAN",
"HAIN",
"REH",
"NARE",
"HER",
"RHEA",
"IRE",
"RINE"
],
"ws": [
{
"w": "EARN",
"v": true,
"row": 4,
"col": 8,
"def": "To gain (success, reward, recognition) through applied effort or work."
},
{
"w": "HAIR",
"v": true,
"row": 1,
"col": 7,
"def": "A pigmented filament of keratin which grows from a follicle on the skin of humans and other mammals."
},
{
"w": "HARE",
"v": false,
"row": 5,
"col": 2,
"def": "Any of several plant-eating animals of the family Leporidae, especially of the genus Lepus, similar to a rabbit, but larger and with longer ears."
},
{
"w": "HEAR",
"v": true,
"row": 4,
"col": 5,
"def": "To sympathize with; to share the feeling or opinion of."
},
{
"w": "HIRE",
"v": false,
"row": 4,
"col": 5,
"def": "Payment for the temporary use of something."
},
{
"w": "NEAR",
"v": true,
"row": 3,
"col": 3,
"def": "Physically close."
},
{
"w": "RAIN",
"v": false,
"row": 3,
"col": 0,
"def": "Condensed water falling from a cloud."
},
{
"w": "HEIR",
"v": true,
"row": 0,
"col": 0,
"def": "Someone who inherits, or is designated to inherit, the property of another."
},
{
"w": "REIN",
"v": false,
"row": 7,
"col": 5,
"def": "A strap or rope attached to the bridle or bit, used to control a horse, animal or young child."
},
{
"w": "HERNIA",
"v": false,
"row": 0,
"col": 0,
"def": "A disorder in which a part of the body protrudes abnormally through a tear or opening in an adjacent part, especially of the abdomen."
}
]
}