{
"id": 2363,
"sub_category": "Dawn Packx",
"category": "Arid Group",
"type": 0,
"letters": "DEJKNU",
"mov": 22,
"shovels": 1,
"coins": 5,
"rows": 15,
"cols": 15,
"c": 0,
"b": -1,
"w": 8,
"h": 8,
"dws": [
"KED",
"EUK",
"NED",
"NEUK",
"UKE",
"NEK",
"UNKED",
"KUNE",
"JEU",
"JUD",
"JUKED",
"KUE",
"NUKED",
"JUN",
"UNDE",
"KEN"
],
"ws": [
{
"w": "DEN",
"v": false,
"row": 4,
"col": 0,
"def": "The home of certain animals."
},
{
"w": "DUE",
"v": false,
"row": 0,
"col": 3,
"def": "Owed or owing."
},
{
"w": "END",
"v": true,
"row": 0,
"col": 5,
"def": "The final point of something in space or time."
},
{
"w": "DUN",
"v": false,
"row": 2,
"col": 5,
"def": "A brownish grey colour."
},
{
"w": "DUKE",
"v": true,
"row": 0,
"col": 3,
"def": "The male ruler of a duchy (compare duchess)."
},
{
"w": "DUNE",
"v": true,
"row": 4,
"col": 0,
"def": "A ridge or hill of sand piled up by the wind."
},
{
"w": "JUNK",
"v": false,
"row": 2,
"col": 0,
"def": "Discarded or waste material; rubbish, trash."
},
{
"w": "JUKE",
"v": false,
"row": 5,
"col": 4,
"def": "A roadside cafe or bar, especially one with dancing and sometimes prostitution."
},
{
"w": "NUKE",
"v": true,
"row": 1,
"col": 1,
"def": "Nuclear weapon."
},
{
"w": "DUNK",
"v": true,
"row": 4,
"col": 5,
"def": "To submerge briefly in a liquid."
},
{
"w": "NUDE",
"v": true,
"row": 2,
"col": 7,
"def": "Without clothing or other covering of the skin."
},
{
"w": "JUNKED",
"v": false,
"row": 7,
"col": 2,
"def": "Simple past tense and past participle of junk."
}
]
}