{
"id": 2366,
"sub_category": "Dawn Packx",
"category": "Arid Group",
"type": 0,
"letters": "EOPPRT",
"mov": 30,
"shovels": 1,
"coins": 5,
"rows": 15,
"cols": 15,
"c": 0,
"b": -1,
"w": 12,
"h": 11,
"dws": [
"RET",
"TOPER",
"REPOT",
"TOP",
"OPE",
"REPP",
"REO",
"TORE",
"ROTE",
"ORE",
"POTE",
"TOR",
"EPOPT",
"PEPO",
"TROP",
"ROE",
"PREOP",
"REP",
"PERP",
"ORT",
"TOPE",
"PRE"
],
"ws": [
{
"w": "PEP",
"v": false,
"row": 4,
"col": 9,
"def": "To inject with energy and enthusiasm."
},
{
"w": "PER",
"v": true,
"row": 3,
"col": 7,
"def": "For each."
},
{
"w": "PET",
"v": true,
"row": 4,
"col": 11,
"def": "An animal kept as a companion."
},
{
"w": "POP",
"v": true,
"row": 2,
"col": 9,
"def": "A loud, sharp sound as of a cork coming out of a bottle."
},
{
"w": "POT",
"v": false,
"row": 6,
"col": 9,
"def": "A vessel used for cooking or storing food."
},
{
"w": "PRO",
"v": false,
"row": 3,
"col": 7,
"def": "An advantage of something, especially when contrasted with its disadvantages (cons)."
},
{
"w": "ROT",
"v": false,
"row": 8,
"col": 8,
"def": "To suffer decomposition due to biological action, especially by fungi or bacteria."
},
{
"w": "TOE",
"v": false,
"row": 9,
"col": 6,
"def": "Each of the five digits on the end of the foot."
},
{
"w": "OPT",
"v": true,
"row": 6,
"col": 10,
"def": "To choose; to select."
},
{
"w": "POET",
"v": true,
"row": 6,
"col": 6,
"def": "A person who writes poems."
},
{
"w": "POPE",
"v": false,
"row": 0,
"col": 4,
"def": "The bishop of Rome; the head of the Roman Catholic church."
},
{
"w": "PORT",
"v": true,
"row": 6,
"col": 3,
"def": "A place on the coast at which ships can shelter, or dock to load and unload cargo or passengers."
},
{
"w": "PREP",
"v": true,
"row": 7,
"col": 8,
"def": "Preparation."
},
{
"w": "ROPE",
"v": false,
"row": 8,
"col": 3,
"def": "Thick strings, yarn, monofilaments, metal wires, or strands of other cordage that are twisted together to form a stronger line."
},
{
"w": "PROP",
"v": false,
"row": 6,
"col": 3,
"def": "An object placed against or under another, to support it; anything that supports."
},
{
"w": "PORE",
"v": false,
"row": 4,
"col": 2,
"def": "A tiny opening in the skin."
},
{
"w": "PERT",
"v": false,
"row": 2,
"col": 0,
"def": "To behave with pertness."
},
{
"w": "REPO",
"v": true,
"row": 3,
"col": 5,
"def": "Repossession."
},
{
"w": "TROPE",
"v": true,
"row": 1,
"col": 2,
"def": "Something recurring across a genre or type of literature, such as the 'mad scientist' of horror movies or 'once upon a time' as an introduction to fairy tales. Similar to archetype and clich\u00e9 but not necessarily pejorative."
},
{
"w": "TOPPER",
"v": true,
"row": 0,
"col": 0,
"def": "Something that is on top."
}
]
}