{
"id": 2367,
"sub_category": "Dawn Packx",
"category": "Arid Group",
"type": 0,
"letters": "DEGGRU",
"mov": 16,
"shovels": 1,
"coins": 5,
"rows": 15,
"cols": 15,
"c": 0,
"b": -1,
"w": 8,
"h": 6,
"dws": [
"RED",
"EGG",
"URD",
"DURE",
"GRUE",
"REG",
"GUE",
"RUED",
"ERG",
"DREG",
"GUDE",
"GED",
"DUE",
"DUG",
"RUG",
"GURGE",
"GUR",
"DEGU",
"RUE",
"URE",
"GURGED",
"GER",
"RUD",
"URDE",
"DEG"
],
"ws": [
{
"w": "DRUG",
"v": true,
"row": 0,
"col": 5,
"def": "A substance used to treat an illness, relieve a symptom, or modify a chemical process in the body for a specific purpose."
},
{
"w": "RUDE",
"v": true,
"row": 1,
"col": 0,
"def": "Bad mannered."
},
{
"w": "URGE",
"v": false,
"row": 2,
"col": 0,
"def": "A strong desire; an itch to do something."
},
{
"w": "URGED",
"v": false,
"row": 0,
"col": 1,
"def": "Simple past tense and past participle of urge."
},
{
"w": "RUGGED",
"v": true,
"row": 0,
"col": 2,
"def": "Broken into sharp or irregular points; uneven; not smooth; rough."
},
{
"w": "GRUDGE",
"v": true,
"row": 0,
"col": 7,
"def": "Deep-seated animosity or ill-feeling about something or someone."
}
]
}