{
"id": 237,
"sub_category": "Sun Pack",
"category": "Sky Group",
"type": 0,
"letters": "HIMSWY",
"mov": 18,
"shovels": 1,
"coins": 5,
"rows": 15,
"cols": 15,
"c": 0,
"b": -1,
"w": 8,
"h": 7,
"dws": [
"WIS",
"HIMS",
"SHY",
"WHYS",
"SHIM",
"SWY",
"YWIS",
"MIS",
"WHIM",
"ISH",
"ISM"
],
"ws": [
{
"w": "HIM",
"v": true,
"row": 2,
"col": 3,
"def": "A masculine pronoun; he as a grammatical object."
},
{
"w": "HIS",
"v": true,
"row": 4,
"col": 1,
"def": "Belonging to him."
},
{
"w": "SIM",
"v": true,
"row": 4,
"col": 4,
"def": "A simulation."
},
{
"w": "WHY",
"v": true,
"row": 0,
"col": 7,
"def": "For what cause, reason, or purpose."
},
{
"w": "SWIM",
"v": false,
"row": 6,
"col": 1,
"def": "To float."
},
{
"w": "WISH",
"v": false,
"row": 0,
"col": 2,
"def": "A will for something to happen."
},
{
"w": "WHIMS",
"v": false,
"row": 4,
"col": 0,
"def": "Plural form of whim."
},
{
"w": "WHIMSY",
"v": false,
"row": 2,
"col": 2,
"def": "A quaint and fanciful idea. A whim. Playfully odd behaviour."
}
]
}