{
"id": 2370,
"sub_category": "Drift Pack",
"category": "Arid Group",
"type": 0,
"letters": "EFGLOR",
"mov": 20,
"shovels": 1,
"coins": 5,
"rows": 15,
"cols": 15,
"c": 0,
"b": -1,
"w": 10,
"h": 8,
"dws": [
"REGO",
"LOR",
"EORL",
"ERGO",
"REG",
"FRO",
"GOFER",
"ORF",
"FROE",
"OGLER",
"FOR",
"REO",
"OLE",
"EGO",
"ERG",
"FER",
"GOEL",
"FLOE",
"ORE",
"GOR",
"ELF",
"FEG",
"FLOR",
"LOGE",
"FOREL",
"LOG",
"ORLE",
"GOE",
"ROLF",
"FOGLE",
"ORFE",
"GEL",
"GEO",
"FOE",
"LEG",
"REF",
"ROE",
"GOER",
"ORG",
"GER",
"GOLE",
"FOG",
"ERF",
"FLOG",
"FLEG"
],
"ws": [
{
"w": "FORE",
"v": true,
"row": 1,
"col": 6,
"def": "An exclamation yelled to inform players a ball is moving in their direction."
},
{
"w": "FROG",
"v": false,
"row": 1,
"col": 6,
"def": "A small tailless amphibian of the order Anura that typically hops."
},
{
"w": "GOLF",
"v": false,
"row": 3,
"col": 0,
"def": "A ball game played by individuals competing against one another in which the object is to hit a ball into each of a series of (usually 18 or nine) holes in the minimum number of strokes."
},
{
"w": "ROLE",
"v": false,
"row": 3,
"col": 6,
"def": "A character or part played by a performer or actor."
},
{
"w": "LORE",
"v": true,
"row": 3,
"col": 8,
"def": "All the facts and traditions about a particular subject that have been accumulated over time through education or experience."
},
{
"w": "OGRE",
"v": true,
"row": 0,
"col": 9,
"def": "A type of brutish giant from folk tales that eats human flesh."
},
{
"w": "GORE",
"v": false,
"row": 6,
"col": 5,
"def": "Dirt, filth."
},
{
"w": "OGLE",
"v": false,
"row": 4,
"col": 3,
"def": ", (intransitive) To stare at (someone or something), especially impertinently, amorously, or covetously."
},
{
"w": "FORGE",
"v": true,
"row": 3,
"col": 3,
"def": "Furnace or hearth where metals are heated prior to hammering them into shape."
},
{
"w": "GOLFER",
"v": true,
"row": 2,
"col": 1,
"def": "Someone who plays golf."
}
]
}