{
"id": 2375,
"sub_category": "Drift Pack",
"category": "Arid Group",
"type": 0,
"letters": "ADEFMO",
"mov": 22,
"shovels": 1,
"coins": 5,
"rows": 15,
"cols": 15,
"c": 0,
"b": -1,
"w": 10,
"h": 9,
"dws": [
"FADO",
"EMO",
"FED",
"ODA",
"MAE",
"FEOD",
"FAE",
"MOA",
"FAD",
"FEM",
"DAM",
"DAE",
"MOE",
"DOE",
"MOD",
"MED",
"OAF",
"AME",
"ADO",
"ODEA",
"DOF",
"MAD",
"FOE",
"EMF",
"DEF",
"ODE",
"DEFOAM",
"DEFO",
"DOM",
"OMA"
],
"ws": [
{
"w": "DEAF",
"v": true,
"row": 3,
"col": 2,
"def": "Not having the faculty of hearing, or only partially able to hear."
},
{
"w": "DEMO",
"v": true,
"row": 4,
"col": 4,
"def": "A brief demonstration or visual explanation."
},
{
"w": "DOME",
"v": false,
"row": 5,
"col": 6,
"def": "A common structural element of architecture that resembles the hollow upper half of a sphere, a cupola."
},
{
"w": "FADE",
"v": false,
"row": 5,
"col": 1,
"def": "Weak; insipid; tasteless; commonplace."
},
{
"w": "FAME",
"v": true,
"row": 0,
"col": 3,
"def": "What is said or reported; gossip, rumour."
},
{
"w": "FOAM",
"v": false,
"row": 0,
"col": 3,
"def": "A substance composed of a large collection of bubbles or their solidified remains."
},
{
"w": "MADE",
"v": false,
"row": 3,
"col": 0,
"def": "A maggot or grub."
},
{
"w": "MODE",
"v": true,
"row": 0,
"col": 6,
"def": "One of several ancient scales, one of which corresponds to the modern major scale and one to the natural minor scale."
},
{
"w": "DAME",
"v": true,
"row": 5,
"col": 6,
"def": "The equivalent title to Sir for a female knight."
},
{
"w": "MEAD",
"v": false,
"row": 2,
"col": 3,
"def": "An alcoholic drink fermented from honey and water."
},
{
"w": "FAMED",
"v": true,
"row": 3,
"col": 8,
"def": "Having fame; famous or noted."
},
{
"w": "FOAMED",
"v": false,
"row": 7,
"col": 3,
"def": "Simple past tense and past participle of foam."
}
]
}