{
"id": 239,
"sub_category": "Sun Pack",
"category": "Sky Group",
"type": 0,
"letters": "BMOOTT",
"mov": 16,
"shovels": 1,
"coins": 5,
"rows": 15,
"cols": 15,
"c": 0,
"b": -1,
"w": 6,
"h": 6,
"dws": [
"MOO",
"BOO",
"OBO",
"MOB",
"MOT",
"TOOT",
"TOO",
"OOT",
"TOM",
"MOTT",
"OTTO",
"BOTT",
"TOOM",
"TOT",
"OOM",
"BOT",
"TOMO"
],
"ws": [
{
"w": "BOOM",
"v": true,
"row": 0,
"col": 0,
"def": "To make a loud, resonant sound."
},
{
"w": "BOOT",
"v": false,
"row": 5,
"col": 0,
"def": "A heavy shoe that covers part of the leg."
},
{
"w": "TOMB",
"v": true,
"row": 0,
"col": 2,
"def": "A small building (or \"vault\") for the remains of the dead, with walls, a roof, and (if it is to be used for more than one corpse) a door. It may be partly or wholly in the ground (except for its entrance) in a cemetery, or it may be inside a church proper or in its crypt. Single tombs may be permanently sealed; those for families (or other groups) have doors for access whenever needed."
},
{
"w": "MOOT",
"v": false,
"row": 2,
"col": 2,
"def": "Subject to discussion (originally at a moot); arguable, debatable, unsolved or impossible to solve."
},
{
"w": "MOTTO",
"v": true,
"row": 0,
"col": 5,
"def": "A sentence, phrase, or word, forming part of an heraldic achievement."
},
{
"w": "BOTTOM",
"v": false,
"row": 0,
"col": 0,
"def": "The lowest part from the uppermost part."
}
]
}