{
"id": 2397,
"sub_category": "Dry Pack",
"category": "Arid Group",
"type": 0,
"letters": "DEHNTU",
"mov": 30,
"shovels": 1,
"coins": 5,
"rows": 15,
"cols": 15,
"c": 0,
"b": -1,
"w": 12,
"h": 11,
"dws": [
"DUN",
"EDH",
"DUNT",
"HUN",
"UTE",
"HEND",
"HENT",
"TUND",
"HUED",
"DUE",
"TUN",
"HET",
"TENDU",
"UNETH",
"UNDE",
"TED",
"ETH",
"NED",
"NET",
"NTH"
],
"ws": [
{
"w": "DEN",
"v": false,
"row": 2,
"col": 1,
"def": "The home of certain animals."
},
{
"w": "DUH",
"v": false,
"row": 4,
"col": 2,
"def": "Disdainful indication that something is obvious."
},
{
"w": "END",
"v": true,
"row": 2,
"col": 2,
"def": "The final point of something in space or time."
},
{
"w": "HEN",
"v": true,
"row": 0,
"col": 3,
"def": "Hence."
},
{
"w": "HUE",
"v": true,
"row": 4,
"col": 4,
"def": "Form; appearance; guise."
},
{
"w": "HUT",
"v": false,
"row": 0,
"col": 3,
"def": "A small wooden shed."
},
{
"w": "NUT",
"v": true,
"row": 6,
"col": 3,
"def": "A hard-shelled seed."
},
{
"w": "TEN",
"v": true,
"row": 0,
"col": 5,
"def": "A numerical value equal to 10; the number occurring after nine and before eleven, represented in Roman numerals as X, in Arabic numerals as 10, and in the hexadecimal system (base 16) as A."
},
{
"w": "THE",
"v": true,
"row": 0,
"col": 8,
"def": "With a comparative or more and a verb phrase, establishes a parallel with one or more other such comparatives."
},
{
"w": "DENT",
"v": false,
"row": 8,
"col": 0,
"def": "A shallow deformation in the surface of an object, produced by an impact."
},
{
"w": "DUNE",
"v": false,
"row": 6,
"col": 1,
"def": "A ridge or hill of sand piled up by the wind."
},
{
"w": "HUNT",
"v": false,
"row": 1,
"col": 8,
"def": "To chase down prey and (usually) kill it."
},
{
"w": "TEND",
"v": true,
"row": 1,
"col": 11,
"def": "To kindle; ignite; set on fire; light; inflame; burn."
},
{
"w": "THEN",
"v": true,
"row": 3,
"col": 9,
"def": "At that time."
},
{
"w": "THUD",
"v": false,
"row": 4,
"col": 8,
"def": "To make the sound of a dull impact."
},
{
"w": "TUNE",
"v": false,
"row": 6,
"col": 7,
"def": "A melody."
},
{
"w": "DUET",
"v": true,
"row": 6,
"col": 1,
"def": "A musical composition in two parts, each performed by a single voice (singer, instrument or univoce ensemble)."
},
{
"w": "NUDE",
"v": false,
"row": 2,
"col": 5,
"def": "Without clothing or other covering of the skin."
},
{
"w": "TUNED",
"v": true,
"row": 6,
"col": 7,
"def": "Adjusted in pitch or resonance."
},
{
"w": "HUNTED",
"v": false,
"row": 8,
"col": 5,
"def": "Being the subject of a hunt."
}
]
}