{
"id": 2398,
"sub_category": "Dry Pack",
"category": "Arid Group",
"type": 0,
"letters": "EIKNTT",
"mov": 16,
"shovels": 1,
"coins": 5,
"rows": 15,
"cols": 15,
"c": 0,
"b": -1,
"w": 6,
"h": 6,
"dws": [
"NIT",
"NEK",
"TITE",
"KIT",
"TET",
"TIKE",
"TIK",
"NITE",
"TIT",
"NIE",
"ETTIN",
"TIE",
"KENT",
"INK",
"NETT",
"KET",
"EIK",
"TIN",
"TINK",
"NET",
"KIN",
"TEN",
"KINE",
"TEIN",
"KEN"
],
"ws": [
{
"w": "KITE",
"v": true,
"row": 2,
"col": 0,
"def": "Any of falconiform birds of prey in the subfamily Elaninae of the family Accipitridae with long wings and weak legs, feeding mostly on carrion and spending long periods soaring."
},
{
"w": "TENT",
"v": false,
"row": 0,
"col": 0,
"def": "A pavilion or portable lodge consisting of skins, canvas, or some strong cloth, stretched and sustained by poles, used for sheltering persons from the weather."
},
{
"w": "KNIT",
"v": true,
"row": 1,
"col": 5,
"def": "And (intransitive) To turn thread or yarn into a piece of fabric by forming loops that are pulled through each other. This can be done by hand with needles or by machine."
},
{
"w": "TINT",
"v": true,
"row": 2,
"col": 2,
"def": "A slight coloring."
},
{
"w": "TINE",
"v": false,
"row": 4,
"col": 0,
"def": "A spike or point on an implement or tool, especially a prong of a fork or a tooth of a comb."
},
{
"w": "KITTEN",
"v": false,
"row": 2,
"col": 0,
"def": "A young cat. Diminutive: kitty."
}
]
}