{
"id": 24,
"sub_category": "Dew Pack",
"category": "Forest Group",
"type": 0,
"letters": "HIKNT",
"mov": 18,
"shovels": 1,
"coins": 5,
"rows": 15,
"cols": 15,
"c": 0,
"b": -1,
"w": 7,
"h": 7,
"dws": [
"HIN",
"TINK",
"KHI",
"NIT",
"TIK",
"KNIT",
"KITH",
"NTH"
],
"ws": [
{
"w": "HIT",
"v": true,
"row": 1,
"col": 0,
"def": "To administer a blow to."
},
{
"w": "INK",
"v": false,
"row": 2,
"col": 0,
"def": "To apply a tattoo to (someone)."
},
{
"w": "KIN",
"v": true,
"row": 4,
"col": 6,
"def": "Race; family; breed; kind."
},
{
"w": "KIT",
"v": true,
"row": 2,
"col": 2,
"def": "A circular wooden vessel, made of hooped staves."
},
{
"w": "TIN",
"v": false,
"row": 6,
"col": 4,
"def": "A malleable, ductile, metallic element, resistant to corrosion, with atomic number 50 and symbol Sn."
},
{
"w": "HINT",
"v": true,
"row": 3,
"col": 4,
"def": "A clue."
},
{
"w": "THIN",
"v": false,
"row": 0,
"col": 2,
"def": "Having little thickness or extent from one surface to its opposite."
},
{
"w": "THINK",
"v": false,
"row": 4,
"col": 2,
"def": "To ponder, to go over in one's head."
}
]
}