{
"id": 2401,
"sub_category": "Ripple Pack",
"category": "Tide Group",
"type": 0,
"letters": "AEGRRY",
"mov": 16,
"shovels": 1,
"coins": 5,
"rows": 15,
"cols": 15,
"c": 0,
"b": -1,
"w": 7,
"h": 6,
"dws": [
"ARE",
"YAR",
"YAGE",
"AREG",
"EYRA",
"GAYER",
"GARRE",
"YER",
"RAG",
"REG",
"RYA",
"GAR",
"ERA",
"REAR",
"GYRE",
"ARY",
"RAY",
"YARE",
"GARE",
"YARR",
"GEY",
"YAG",
"ERG",
"AYRE",
"YAGER",
"RARE",
"YARER",
"GRR",
"AGER",
"AERY",
"ERR",
"RYE",
"REGAR",
"EAR",
"RAGER",
"AGE",
"AYE",
"YAE",
"YEA",
"GER",
"GAY",
"GAE"
],
"ws": [
{
"w": "GEAR",
"v": false,
"row": 2,
"col": 1,
"def": "Equipment or paraphernalia, especially that used for an athletic endeavor."
},
{
"w": "GRAY",
"v": true,
"row": 2,
"col": 1,
"def": "Having a color somewhere between white and black, as the ash of an ember."
},
{
"w": "GREY",
"v": false,
"row": 0,
"col": 3,
"def": "Alternative form of gray."
},
{
"w": "RAGE",
"v": false,
"row": 4,
"col": 0,
"def": "Violent uncontrolled anger."
},
{
"w": "YEAR",
"v": true,
"row": 0,
"col": 6,
"def": "The time it takes the Earth to complete one revolution of the Sun (between 365.24 and 365.26 days depending on the point of reference)."
},
{
"w": "GRAYER",
"v": true,
"row": 0,
"col": 3,
"def": "Comparative form of gray: more gray."
}
]
}