{
"id": 2405,
"sub_category": "Ripple Pack",
"category": "Tide Group",
"type": 0,
"letters": "DEFFNO",
"mov": 24,
"shovels": 1,
"coins": 5,
"rows": 15,
"cols": 15,
"c": 0,
"b": -1,
"w": 10,
"h": 8,
"dws": [
"DEF",
"EFF",
"NED",
"DEFFO",
"DEFO",
"FONE",
"FOEN",
"EON",
"NEF",
"FED",
"OFFED",
"DOF",
"FEOD",
"FON",
"DOEN",
"FOE",
"DOFF"
],
"ws": [
{
"w": "DEN",
"v": false,
"row": 2,
"col": 4,
"def": "The home of certain animals."
},
{
"w": "END",
"v": true,
"row": 3,
"col": 8,
"def": "The final point of something in space or time."
},
{
"w": "NOD",
"v": true,
"row": 0,
"col": 4,
"def": "To incline the head up and down, as to indicate agreement."
},
{
"w": "OFF",
"v": true,
"row": 2,
"col": 0,
"def": "In a direction away from the speaker or object."
},
{
"w": "ONE",
"v": false,
"row": 3,
"col": 6,
"def": "A numerical value equal to 1; the first number in the set of natural numbers (especially in number theory); the cardinality of the smallest nonempty set. Ordinal: first."
},
{
"w": "DOE",
"v": true,
"row": 0,
"col": 2,
"def": "A female deer; also used of similar animals such as reindeer, antelope, goat."
},
{
"w": "ODE",
"v": false,
"row": 2,
"col": 0,
"def": "A short poetical composition proper to be set to music or sung; a lyric poem; esp., now, a poem characterized by sustained noble sentiment and appropriate dignity of style."
},
{
"w": "DON",
"v": false,
"row": 0,
"col": 2,
"def": "A university professor, particularly one at Oxford or Cambridge."
},
{
"w": "FEN",
"v": true,
"row": 5,
"col": 5,
"def": "A type of wetland fed by ground water and runoff, containing peat below the waterline."
},
{
"w": "DONE",
"v": true,
"row": 4,
"col": 3,
"def": "Ready, fully cooked."
},
{
"w": "FOND",
"v": false,
"row": 0,
"col": 6,
"def": "Having a liking or affection (for)."
},
{
"w": "NODE",
"v": true,
"row": 2,
"col": 6,
"def": "A knot, knob, protuberance or swelling."
},
{
"w": "FEND",
"v": false,
"row": 4,
"col": 0,
"def": "An enemy; fiend; the Devil."
},
{
"w": "OFFEND",
"v": false,
"row": 5,
"col": 3,
"def": "To hurt the feelings of; to displease; to make angry; to insult."
}
]
}