{
"id": 242,
"sub_category": "Shore Pack",
"category": "Tropic Group",
"type": 0,
"letters": "ERSTTU",
"mov": 24,
"shovels": 1,
"coins": 5,
"rows": 15,
"cols": 15,
"c": 0,
"b": -1,
"w": 10,
"h": 9,
"dws": [
"RET",
"SUER",
"TUTS",
"STURE",
"ERST",
"TRETS",
"TRES",
"SETT",
"SER",
"TET",
"UTE",
"UTES",
"TRUES",
"TUT",
"RUTS",
"UTTERS",
"TREST",
"STET",
"ERS",
"RETS",
"SUET",
"EST",
"URES",
"UTS",
"TES",
"TETS",
"TRET",
"RUE",
"STURT",
"URE",
"RUES",
"RES",
"UTTER"
],
"ws": [
{
"w": "RUT",
"v": false,
"row": 5,
"col": 5,
"def": "Sexual desire or oestrus of cattle, and various other mammals."
},
{
"w": "SET",
"v": true,
"row": 3,
"col": 9,
"def": "To put (something) down, to rest."
},
{
"w": "SUE",
"v": false,
"row": 4,
"col": 7,
"def": "To follow."
},
{
"w": "USE",
"v": false,
"row": 6,
"col": 3,
"def": "The act of using."
},
{
"w": "REST",
"v": true,
"row": 5,
"col": 5,
"def": "Relief from work or activity by sleeping; sleep."
},
{
"w": "RUST",
"v": true,
"row": 5,
"col": 3,
"def": "The deteriorated state of iron or steel as a result of moisture and oxidation."
},
{
"w": "SURE",
"v": true,
"row": 5,
"col": 1,
"def": "Physically secure and certain, non-failing, reliable."
},
{
"w": "TEST",
"v": false,
"row": 8,
"col": 0,
"def": "A challenge."
},
{
"w": "TRUE",
"v": true,
"row": 2,
"col": 2,
"def": "Conforming to the actual state of reality or fact; factually correct."
},
{
"w": "USER",
"v": false,
"row": 5,
"col": 0,
"def": "One who uses or makes use of something, a consumer."
},
{
"w": "RUSE",
"v": false,
"row": 3,
"col": 2,
"def": "A trick."
},
{
"w": "TRUST",
"v": true,
"row": 0,
"col": 4,
"def": "Confidence in or reliance on some person or quality."
},
{
"w": "STRUT",
"v": true,
"row": 4,
"col": 7,
"def": "To swell; protuberate; bulge or spread out."
},
{
"w": "TRUEST",
"v": false,
"row": 1,
"col": 3,
"def": "Superlative form of true: most true."
}
]
}