{
"id": 2427,
"sub_category": "Wave Packx",
"category": "Tide Group",
"type": 0,
"letters": "AEGOTU",
"mov": 16,
"shovels": 1,
"coins": 5,
"rows": 15,
"cols": 15,
"c": 0,
"b": -1,
"w": 7,
"h": 6,
"dws": [
"UTA",
"TOE",
"TUG",
"ATE",
"TEA",
"TOEA",
"GUE",
"TEGU",
"TOGAE",
"TAG",
"UTE",
"TAE",
"TOGE",
"EGO",
"EAU",
"GOA",
"TEGUA",
"EAT",
"TAU",
"GEAT",
"TAO",
"AGUE",
"TOGUE",
"OUTA",
"GAU",
"TEG",
"GET",
"GOE",
"OAT",
"GEO",
"AGE",
"ETA",
"TOG",
"AGO",
"GAT",
"GETA",
"OUT",
"GUT",
"AUE",
"GOT",
"GAE"
],
"ws": [
{
"w": "AUTO",
"v": false,
"row": 2,
"col": 0,
"def": "An automobile."
},
{
"w": "GATE",
"v": true,
"row": 1,
"col": 0,
"def": "A doorlike structure outside a house."
},
{
"w": "GOAT",
"v": true,
"row": 1,
"col": 3,
"def": "A mammal, of the genus Capra."
},
{
"w": "TOGA",
"v": false,
"row": 4,
"col": 3,
"def": "Loose outer garment worn by the citizens of Rome."
},
{
"w": "GOUT",
"v": false,
"row": 1,
"col": 3,
"def": "An extremely painful inflammation of joints, especially of the big toe, caused by a metabolic defect resulting in the accumulation of uric acid in the blood and the deposition of urates around the joints."
},
{
"w": "OUTAGE",
"v": true,
"row": 0,
"col": 5,
"def": "A temporary suspension of operation, especially of electrical power supply."
}
]
}