{
"id": 2429,
"sub_category": "Wave Packx",
"category": "Tide Group",
"type": 0,
"letters": "AADFIR",
"mov": 22,
"shovels": 1,
"coins": 5,
"rows": 15,
"cols": 15,
"c": 0,
"b": -1,
"w": 8,
"h": 8,
"dws": [
"RIA",
"RAI",
"RIAD",
"FAA",
"FID",
"ARIA",
"DARI",
"ARD",
"ARF",
"DIF",
"FARAD",
"RIF",
"FARD",
"FIAR",
"RAIA",
"FRA",
"AIA",
"DARAF"
],
"ws": [
{
"w": "AID",
"v": true,
"row": 5,
"col": 5,
"def": "Help; assistance; succor, relief."
},
{
"w": "AIR",
"v": true,
"row": 3,
"col": 4,
"def": "The atmospheric substance above the surface of the earth which animals breathe, formerly considered to be a single substance, one of the four basic elements of ancient philosophy and one of the five basic elements of Eastern traditions."
},
{
"w": "FAD",
"v": false,
"row": 3,
"col": 3,
"def": "A phenomenon that becomes popular for a very short time."
},
{
"w": "FAR",
"v": true,
"row": 5,
"col": 3,
"def": "Remote in space."
},
{
"w": "FIR",
"v": false,
"row": 0,
"col": 0,
"def": "A conifer of the genus Abies."
},
{
"w": "RID",
"v": true,
"row": 1,
"col": 5,
"def": "Released from an obligation, problem, etc. (usually followed by \"of\")."
},
{
"w": "RAD",
"v": true,
"row": 0,
"col": 2,
"def": "Excellent, short for radical."
},
{
"w": "FAIR",
"v": true,
"row": 0,
"col": 0,
"def": "Beautiful, of a pleasing appearance, with a pure and fresh quality."
},
{
"w": "RAID",
"v": true,
"row": 0,
"col": 7,
"def": "A hostile or predatory incursion; an inroad or incursion of mounted men; a sudden and rapid invasion by a cavalry force; a foray."
},
{
"w": "AFAR",
"v": false,
"row": 1,
"col": 2,
"def": "At, to, or from a great distance; far away."
},
{
"w": "ARID",
"v": false,
"row": 7,
"col": 2,
"def": "Very dry."
},
{
"w": "AFRAID",
"v": false,
"row": 5,
"col": 2,
"def": "Impressed with fear or apprehension; in fear."
}
]
}