{
"id": 2431,
"sub_category": "Wave Packx",
"category": "Tide Group",
"type": 0,
"letters": "ACHLNU",
"mov": 16,
"shovels": 1,
"coins": 5,
"rows": 15,
"cols": 15,
"c": 0,
"b": -1,
"w": 7,
"h": 6,
"dws": [
"LUN",
"HUN",
"NAH",
"CHA",
"ULNA",
"NUCHAL",
"NAUCH",
"NACH",
"CAL",
"HAN",
"LUNA",
"LAUCH",
"LAH",
"UHLAN",
"CAUL",
"NUCHA",
"ALU",
"LAC",
"ACH",
"CHAL",
"LANCH",
"ULAN"
],
"ws": [
{
"w": "CAN",
"v": true,
"row": 0,
"col": 6,
"def": "To know how to; to be able to."
},
{
"w": "CLAN",
"v": false,
"row": 2,
"col": 3,
"def": "A group of people all descended from a common ancestor, in fact or belief."
},
{
"w": "HAUL",
"v": false,
"row": 5,
"col": 2,
"def": "To carry something; to transport something, with a connotation that the item is heavy or otherwise difficult to move."
},
{
"w": "HULA",
"v": true,
"row": 0,
"col": 4,
"def": "A form of chant and dance, which was developed in the Hawaiian Islands by the Polynesians who originally settled there."
},
{
"w": "LUNCH",
"v": false,
"row": 0,
"col": 0,
"def": "A light meal usually eaten around midday, notably when not as main meal of the day."
},
{
"w": "LAUNCH",
"v": true,
"row": 0,
"col": 0,
"def": "To throw, as a lance or dart; to hurl; to let fly; to send off, propel with force."
}
]
}