{
"id": 2434,
"sub_category": "Calm Packx",
"category": "Tide Group",
"type": 0,
"letters": "DEEGRY",
"mov": 18,
"shovels": 1,
"coins": 5,
"rows": 15,
"cols": 15,
"c": 0,
"b": -1,
"w": 8,
"h": 7,
"dws": [
"RED",
"YEED",
"EERY",
"YER",
"EYRE",
"DEY",
"REG",
"DERE",
"DREY",
"GYRE",
"ERE",
"GEE",
"GRYDE",
"GEY",
"REDYE",
"ERG",
"ERED",
"REED",
"DRY",
"DREG",
"GED",
"GREYED",
"GREE",
"DYE",
"DEE",
"DEER",
"RYE",
"DREE",
"GEED",
"DYER",
"EYER",
"GERE",
"REE",
"EGRE",
"GYRED",
"YEDE",
"GER",
"EYE",
"REDE",
"YERD",
"EGER",
"DEG"
],
"ws": [
{
"w": "EDGE",
"v": true,
"row": 2,
"col": 6,
"def": "The boundary line of a surface."
},
{
"w": "GREY",
"v": true,
"row": 3,
"col": 2,
"def": "Alternative form of gray."
},
{
"w": "EDGY",
"v": false,
"row": 4,
"col": 4,
"def": "Nervous, apprehensive."
},
{
"w": "EYED",
"v": false,
"row": 6,
"col": 1,
"def": "Having eyes."
},
{
"w": "GREED",
"v": true,
"row": 2,
"col": 4,
"def": "A selfish or excessive desire for more than is needed or deserved, especially of money, wealth, food, or other possessions."
},
{
"w": "REEDY",
"v": false,
"row": 0,
"col": 2,
"def": "Full of, or edged with, reeds."
},
{
"w": "EDGER",
"v": false,
"row": 3,
"col": 0,
"def": "A tool that is used to trim the edges of a lawn."
},
{
"w": "GREEDY",
"v": true,
"row": 0,
"col": 0,
"def": "Having greed; consumed by selfish desires."
}
]
}