{
"id": 2441,
"sub_category": "Calm Packx",
"category": "Tide Group",
"type": 0,
"letters": "BDEMOO",
"mov": 20,
"shovels": 1,
"coins": 5,
"rows": 15,
"cols": 15,
"c": 0,
"b": -1,
"w": 10,
"h": 8,
"dws": [
"MODO",
"EMO",
"MOO",
"BED",
"DEMOB",
"MOOED",
"MOBE",
"BOO",
"MOB",
"MOE",
"DOE",
"MOD",
"MED",
"BOD",
"OBO",
"OBE",
"DOOB",
"DOBE",
"ODE",
"DOO",
"DEB",
"DOM",
"OOM",
"DOB"
],
"ws": [
{
"w": "BOOM",
"v": true,
"row": 2,
"col": 1,
"def": "To make a loud, resonant sound."
},
{
"w": "DEMO",
"v": true,
"row": 4,
"col": 4,
"def": "A brief demonstration or visual explanation."
},
{
"w": "DOME",
"v": false,
"row": 4,
"col": 6,
"def": "A common structural element of architecture that resembles the hollow upper half of a sphere, a cupola."
},
{
"w": "DOOM",
"v": true,
"row": 4,
"col": 6,
"def": "A law."
},
{
"w": "MODE",
"v": false,
"row": 5,
"col": 1,
"def": "One of several ancient scales, one of which corresponds to the modern major scale and one to the natural minor scale."
},
{
"w": "MOOD",
"v": true,
"row": 4,
"col": 8,
"def": "A mental or emotional state, composure."
},
{
"w": "BODE",
"v": false,
"row": 3,
"col": 0,
"def": "To indicate by signs, as future events; to be the omen of; to portend to presage; to foreshow."
},
{
"w": "OBOE",
"v": true,
"row": 0,
"col": 3,
"def": "A soprano and melody wind instrument in the modern orchestra and wind ensemble. It is a smaller instrument and generally made of grendilla wood. It is a member of the double reed family."
},
{
"w": "BOOED",
"v": false,
"row": 1,
"col": 3,
"def": "Simple past tense and past participle of boo."
},
{
"w": "BOOMED",
"v": false,
"row": 7,
"col": 3,
"def": "Simple past tense and past participle of boom."
}
]
}